trip,block_id
2TK1D195r0,19-3
2TK1D196E0,19-1
2TK1D196Z0,19-2
2TK1D196v0,19-3
2TK1D197K0,19-1
2TK1D197i0,19-2
2TK1D19870,19-3
2TK1D198U0,19-1
2TK1D198r0,19-2
2TK1D199F0,19-3
2TK1D199b0,19-1
2TK1D199w0,19-2
2TK1D19AK0,19-3
2TK1D19Ag0,19-1
2TK1D19B30,19-2
2TK1D19BP0,19-3
2TK1D19Bl0,19-1
2TK1D19C80,19-2
2TK1D19CU0,19-3
2TK1D19Cq0,19-1
2TK1D19DD0,19-2
2TK1D19DZ0,19-3
2TK1D19Dv0,19-1
2TK1D19EJ0,19-2
2TK1D19Eg0,19-3
2TK1D19F40,19-1
2TK1D19FQ0,19-2
2TK1D19Fd0,19-7
2TK1D19Fp0,19-3
2TK1D19G30,19-8
2TK1D19GG0,19-1
2TK1D19GS0,19-6
2TK1D19Gf0,19-2
2TK1D19Gr0,19-7
2TK1D19H50,19-3
2TK1D19HH0,19-8
2TK1D19HT0,19-1
2TK1D19Hf0,19-6
2TK1D19Hq0,19-2
2TK1D19I30,8-47
2TK1D19IF0,19-3
2TK1D19IR0,13-7
2TK1D19Id0,19-1
2TK1D19Ix0,19-2
2TK1D19JJ0,19-3
2TK1D19Jd0,19-1
2TK1D19Jx0,19-2
2TK1D19KJ0,19-3
2TK1D19Kd0,19-1
2TK1D19L70,19-2
2TK1D19LZ0,19-1
2TK1D19M30,19-2
2TK1D19MV0,19-1
2TK1D19Mx0,19-2
2TK1D19NR0,19-1
2TK1D19Nt0,19-2
2TK1D19ON0,19-1
2TK1F55S0,5-6
2TK1F55e0,5-1
2TK1F55q0,5-5
2TK1F5620,5-8
2TK1F56B0,5-2
2TK1F56K0,5-4
2TK1F56U0,5-9
2TK1F56e0,5-10
2TK1F56o0,132-3
2TK1F5700,5-6
2TK1F57A0,5-1
2TK1F57K0,5-11
2TK1F57U0,5-8
2TK1F57e0,5-2
2TK1F57o0,5-4
2TK1F5800,5-9
2TK1F58A0,5-10
2TK1F58K0,132-3
2TK1F58U0,5-6
2TK1F58e0,5-1
2TK1F58o0,5-11
2TK1F5900,5-8
2TK1F59C0,5-2
2TK1F59O0,5-4
2TK1F59b0,5-3
2TK1F59o0,5-7
2TK1F5A30,5-6
2TK1F5AG0,5-1
2TK1F5AT0,5-8
2TK1F5Af0,5-2
2TK1F5As0,5-4
2TK1F5B70,5-3
2TK1F5BK0,5-7
2TK1F5BX0,5-6
2TK1F5Bk0,5-1
2TK1F5Bx0,5-8
2TK1F5CB0,5-2
2TK1F5CN0,5-4
2TK1F5Ca0,5-3
2TK1F5Cn0,5-7
2TK1F5D20,5-6
2TK1F5DF0,5-1
2TK1F5DS0,5-8
2TK1F5Df0,5-2
2TK1F5Ds0,5-4
2TK1F5E70,5-3
2TK1F5EK0,5-7
2TK1F5EX0,5-6
2TK1F5Ek0,5-1
2TK1F5F00,5-8
2TK1F5FE0,5-14
2TK1F5FO0,5-15
2TK1F5FX0,134-2
2TK1F5Fg0,2-22
2TK1F5Fq0,5-18
2TK1F5G20,5-19
2TK1F5GB0,5-16
2TK1F5GL0,5-17
2TK1F5GV0,5-1
2TK1F5Gf0,5-8
2TK1F5Gp0,5-14
2TK1F5H10,5-15
2TK1F5HA0,134-2
2TK1F5HK0,2-22
2TK1F5HU0,5-18
2TK1F5He0,5-19
2TK1F5Hn0,5-16
2TK1F5Hx0,5-17
2TK1F5I80,5-12
2TK1F5II0,5-8
2TK1F5IS0,5-14
2TK1F5Ic0,5-15
2TK1F5Im0,28-9
2TK1F5Iw0,2-5
2TK1F5J80,5-13
2TK1F5JJ0,132-3
2TK1F5JV0,5-17
2TK1F5Ji0,5-12
2TK1F5Jw0,5-14
2TK1F5KC0,10-4
2TK1F5KQ0,2-5
2TK1F5Ke0,5-13
2TK1F5Kt0,5-17
2TK1F5LA0,5-12
2TK1F5LO0,5-14
2TK1F5Lc0,10-4
2TK1F5Lq0,2-5
2TK1F5M60,5-13
2TK1F5ML0,5-17
2TK1F5Mn0,28-11
2TK1F5NG0,2-5
2TK1F5Ni0,5-17
2TK1F5OC0,28-11
2TK1F5Oe0,2-5
2TK1F5P80,5-17
2TK1F5Pc0,28-11
2TK1F85N0,8-7
2TK1F85d0,8-4
2TK1F85s0,8-3
2TK1F8690,8-9
2TK1F86L0,8-10
2TK1F86V0,8-14
2TK1F86e0,8-2
2TK1F86i0,8-21
2TK1F86m0,8-6
2TK1F86r0,8-24
2TK1F86v0,8-19
2TK1F8710,8-7
2TK1F8750,8-5
2TK1F8790,8-28
2TK1F87C0,8-23
2TK1F87G0,8-1
2TK1F87J0,8-25
2TK1F87N0,8-30
2TK1F87Q0,8-11
2TK1F87U0,8-31
2TK1F87X0,8-13
2TK1F87a0,8-18
2TK1F87d0,8-15
2TK1F87g0,8-8
2TK1F87j0,8-27
2TK1F87n0,8-22
2TK1F87q0,8-16
2TK1F87u0,8-20
2TK1F87x0,10-10
2TK1F8830,8-12
2TK1F8860,8-29
2TK1F88A0,8-33
2TK1F88D0,8-17
2TK1F88H0,8-26
2TK1F88K0,9-17
2TK1F88O0,8-14
2TK1F88R0,8-3
2TK1F88V0,1-17
2TK1F88Y0,12-2
2TK1F88b0,8-6
2TK1F88f0,8-9
2TK1F88j0,1-19
2TK1F88m0,13-3
2TK1F88q0,8-7
2TK1F88u0,8-10
2TK1F8940,8-32
2TK1F89C0,8-2
2TK1F89J0,1-15
2TK1F89Q0,8-24
2TK1F89Y0,8-31
2TK1F89f0,8-28
2TK1F89n0,8-27
2TK1F89u0,8-30
2TK1F8AB0,8-15
2TK1F8AQ0,8-16
2TK1F8Af0,8-29
2TK1F8Au0,8-14
2TK1F8BC0,8-9
2TK1F8BS0,8-10
2TK1F8Bh0,8-2
2TK1F8Bw0,8-24
2TK1F8CD0,8-28
2TK1F8CS0,8-30
2TK1F8Ch0,8-15
2TK1F8Cw0,8-16
2TK1F8DD0,8-29
2TK1F8DS0,8-14
2TK1F8Dh0,8-9
2TK1F8Dw0,8-10
2TK1F8ED0,8-2
2TK1F8ES0,8-24
2TK1F8Ei0,8-28
2TK1F8F00,8-30
2TK1F8F80,5-12
2TK1F8FG0,8-15
2TK1F8FO0,8-34
2TK1F8FW0,8-16
2TK1F8Fe0,6-13
2TK1F8Fm0,8-29
2TK1F8Fu0,8-35
2TK1F8G40,8-14
2TK1F8GC0,8-38
2TK1F8GK0,8-9
2TK1F8GT0,8-40
2TK1F8Gb0,8-10
2TK1F8Gk0,6-16
2TK1F8Gs0,8-2
2TK1F8H30,8-46
2TK1F8HB0,8-24
2TK1F8HJ0,172-2
2TK1F8HR0,8-28
2TK1F8HZ0,1-13
2TK1F8Hg0,8-30
2TK1F8Ho0,8-48
2TK1F8Hv0,8-15
2TK1F8I50,9-28
2TK1F8ID0,8-16
2TK1F8IL0,8-40
2TK1F8IT0,8-29
2TK1F8Ik0,8-14
2TK1F8J50,8-43
2TK1F8JO0,8-2
2TK1F8Ji0,8-24
2TK1F8K40,8-30
2TK1F8KN0,8-15
2TK1F8Kh0,8-29
2TK1F8L30,8-14
2TK1F8LS0,8-43
2TK1F8Lr0,8-24
2TK1F8MI0,8-37
2TK1F8Mg0,28-10
2TK1F8N70,1-74
2TK1F8NW0,8-43
2TK1F8Nv0,8-39
2TK1F8OM0,8-37
2TK1F8Ol0,1-75
2TK1F8PC0,74-8
2TK1F8Pb0,8-43
2TK2D19640,19-2
2TK2D196Y0,19-1
2TK2D19750,19-2
2TK2D197Z0,19-1
2TK2D19860,19-2
2TK2D198a0,19-1
2TK2D19970,19-2
2TK2D199T0,19-3
2TK2D199p0,19-1
2TK2D19AC0,19-2
2TK2D19AY0,19-3
2TK2D19Au0,19-1
2TK2D19BI0,19-2
2TK2D19Be0,19-3
2TK2D19C30,19-1
2TK2D19CP0,19-2
2TK2D19Cl0,19-3
2TK2D19DA0,19-1
2TK2D19DW0,19-2
2TK2D19Ds0,19-3
2TK2D19EH0,19-1
2TK2D19Ed0,19-2
2TK2D19F10,19-3
2TK2D19FO0,19-1
2TK2D19Fk0,19-2
2TK2D19G80,19-3
2TK2D19GV0,19-1
2TK2D19Gr0,19-2
2TK2D19HF0,19-3
2TK2D19Hc0,19-1
2TK2D19I00,19-2
2TK2D19IM0,19-3
2TK2D19Ii0,19-1
2TK2D19J50,19-2
2TK2D19JQ0,19-3
2TK2D19Jm0,19-1
2TK2D19KK0,19-2
2TK2D19Kq0,19-1
2TK2D19LN0,19-2
2TK2D19Ls0,19-1
2TK2D19MP0,19-2
2TK2D19Mt0,19-1
2TK2D19NQ0,19-2
2TK2D19Nv0,19-1
2TK2F5620,5-2
2TK2F56U0,5-1
2TK2F56v0,5-3
2TK2F57P0,5-2
2TK2F57r0,5-1
2TK2F58K0,5-3
2TK2F58l0,5-2
2TK2F5970,5-4
2TK2F59P0,5-1
2TK2F59g0,5-5
2TK2F5A00,5-3
2TK2F5AH0,5-2
2TK2F5AY0,5-4
2TK2F5Aq0,5-1
2TK2F5BA0,5-5
2TK2F5BS0,5-3
2TK2F5Bk0,5-2
2TK2F5C40,5-4
2TK2F5CM0,5-1
2TK2F5Ce0,5-5
2TK2F5Cw0,5-3
2TK2F5DG0,5-2
2TK2F5DY0,5-4
2TK2F5Dq0,5-1
2TK2F5EA0,5-5
2TK2F5ES0,5-3
2TK2F5Ek0,5-2
2TK2F5F40,5-4
2TK2F5FM0,5-1
2TK2F5Fe0,5-5
2TK2F5Fw0,5-3
2TK2F5GG0,5-2
2TK2F5GY0,5-4
2TK2F5Gq0,5-1
2TK2F5HA0,5-5
2TK2F5HS0,5-3
2TK2F5Hk0,5-2
2TK2F5I40,5-4
2TK2F5IM0,5-1
2TK2F5Ie0,5-5
2TK2F5Iv0,5-3
2TK2F5JF0,5-2
2TK2F5JX0,5-4
2TK2F5Jp0,5-1
2TK2F5K90,5-5
2TK2F5KS0,5-3
2TK2F5Kv0,5-4
2TK2F5LQ0,5-1
2TK2F5Ls0,5-3
2TK2F5MM0,5-4
2TK2F5Mn0,5-1
2TK2F5NH0,5-3
2TK2F5Nj0,5-4
2TK2F5OC0,5-1
2TK2F5Oe0,5-3
2TK2F5P80,5-4
2TK2F5Pc0,5-1
2TK2F85h0,8-4
2TK2F8690,8-1
2TK2F86Z0,8-3
2TK2F8710,8-2
2TK2F87S0,8-5
2TK2F87s0,8-4
2TK2F88L0,8-1
2TK2F88m0,8-3
2TK2F8930,8-6
2TK2F89H0,8-2
2TK2F89V0,8-8
2TK2F89i0,8-5
2TK2F89w0,8-9
2TK2F8AC0,8-4
2TK2F8AR0,8-7
2TK2F8Af0,8-1
2TK2F8Au0,8-6
2TK2F8BA0,8-3
2TK2F8BP0,8-8
2TK2F8Bd0,8-2
2TK2F8Bs0,8-9
2TK2F8C80,8-5
2TK2F8CN0,8-7
2TK2F8Cc0,8-4
2TK2F8Cr0,8-6
2TK2F8D70,8-1
2TK2F8DM0,8-8
2TK2F8Db0,8-3
2TK2F8Dp0,8-9
2TK2F8E60,8-2
2TK2F8EL0,8-7
2TK2F8Ea0,8-5
2TK2F8Ep0,8-6
2TK2F8F60,8-4
2TK2F8FL0,8-8
2TK2F8FZ0,8-1
2TK2F8Fo0,8-9
2TK2F8G50,8-3
2TK2F8GK0,8-7
2TK2F8GY0,8-2
2TK2F8Gn0,8-6
2TK2F8H40,8-5
2TK2F8HJ0,8-8
2TK2F8HY0,8-4
2TK2F8Hn0,8-9
2TK2F8I30,8-1
2TK2F8II0,8-7
2TK2F8IW0,8-3
2TK2F8Ik0,8-6
2TK2F8J00,8-2
2TK2F8JE0,8-8
2TK2F8JS0,8-5
2TK2F8Jg0,8-9
2TK2F8Ju0,8-4
2TK2F8KA0,8-7
2TK2F8KO0,8-1
2TK2F8Kb0,8-6
2TK2F8Ko0,8-3
2TK2F8L40,8-8
2TK2F8LH0,8-2
2TK2F8Li0,8-5
2TK2F8MA0,8-4
2TK2F8Ma0,8-1
2TK2F8N30,8-3
2TK2F8NT0,8-2
2TK2F8Nt0,8-5
2TK2F8OL0,8-4
2TK2F8Ok0,8-1
2TK2F8PB0,8-3
2TK2F8Pa0,8-2
2TK3D196Z0,19-2
2TK3D19750,19-1
2TK3D197Z0,19-2
2TK3D19850,19-1
2TK3D198a0,19-2
2TK3D19970,19-1
2TK3D199e0,19-2
2TK3D19AC0,19-1
2TK3D19Aj0,19-2
2TK3D19BI0,19-1
2TK3D19Bp0,19-2
2TK3D19CP0,19-1
2TK3D19Cw0,19-2
2TK3D19DW0,19-1
2TK3D19E50,19-2
2TK3D19Ed0,19-1
2TK3D19FC0,19-2
2TK3D19Fk0,19-1
2TK3D19GJ0,19-2
2TK3D19Gr0,19-1
2TK3D19HQ0,19-2
2TK3D19I00,19-1
2TK3D19IX0,19-2
2TK3D19J50,19-1
2TK3D19Jb0,19-2
2TK3D19K90,19-1
2TK3D19Kf0,19-2
2TK3D19LC0,19-1
2TK3D19Lh0,19-2
2TK3D19ME0,19-1
2TK3F56V0,5-1
2TK3F56w0,5-2
2TK3F57Q0,5-3
2TK3F57s0,5-1
2TK3F58M0,5-2
2TK3F58o0,5-3
2TK3F59I0,5-1
2TK3F59k0,5-2
2TK3F5A90,5-4
2TK3F5AV0,5-3
2TK3F5Ar0,5-1
2TK3F5BF0,5-2
2TK3F5Bc0,5-4
2TK3F5C10,5-3
2TK3F5CN0,5-1
2TK3F5Cj0,5-2
2TK3F5D80,5-4
2TK3F5DV0,5-3
2TK3F5Dr0,5-1
2TK3F5EF0,5-2
2TK3F5Ec0,5-4
2TK3F5F10,5-3
2TK3F5FN0,5-1
2TK3F5Fj0,5-2
2TK3F5G80,5-4
2TK3F5GV0,5-3
2TK3F5Gr0,5-1
2TK3F5HF0,5-2
2TK3F5Hc0,5-4
2TK3F5I10,5-3
2TK3F5IN0,5-1
2TK3F5Ij0,5-2
2TK3F5J70,5-4
2TK3F5JU0,5-3
2TK3F5Jp0,5-1
2TK3F5KD0,5-2
2TK3F5Kt0,5-3
2TK3F5Lb0,5-2
2TK3F5MJ0,5-3
2TK3F5N00,5-2
2TK3F5Ng0,5-3
2TK3F5ON0,5-2
2TK3F8670,8-5
2TK3F86X0,8-2
2TK3F8700,8-4
2TK3F87Q0,8-1
2TK3F87s0,8-3
2TK3F88J0,8-5
2TK3F88X0,8-6
2TK3F88l0,8-2
2TK3F8910,8-7
2TK3F89F0,8-4
2TK3F89T0,8-8
2TK3F89h0,8-1
2TK3F89v0,8-9
2TK3F8AB0,8-3
2TK3F8AP0,8-6
2TK3F8Ad0,8-5
2TK3F8As0,8-7
2TK3F8B80,8-2
2TK3F8BN0,8-8
2TK3F8Bc0,8-4
2TK3F8Br0,8-9
2TK3F8C70,8-1
2TK3F8CM0,8-6
2TK3F8Cb0,8-3
2TK3F8Cq0,8-7
2TK3F8D60,8-5
2TK3F8DL0,8-8
2TK3F8DZ0,8-2
2TK3F8Do0,8-9
2TK3F8E50,8-4
2TK3F8EK0,8-6
2TK3F8EZ0,8-1
2TK3F8Eo0,8-7
2TK3F8F50,8-3
2TK3F8FK0,8-8
2TK3F8FY0,8-5
2TK3F8Fn0,8-9
2TK3F8G30,8-2
2TK3F8GI0,8-6
2TK3F8GX0,8-4
2TK3F8Gm0,8-7
2TK3F8H30,8-1
2TK3F8HI0,8-8
2TK3F8HX0,8-3
2TK3F8Hl0,8-9
2TK3F8I20,8-5
2TK3F8IG0,8-6
2TK3F8IV0,8-2
2TK3F8Ij0,8-7
2TK3F8Ix0,8-4
2TK3F8JD0,8-8
2TK3F8JR0,8-1
2TK3F8Jf0,8-9
2TK3F8Jt0,8-3
2TK3F8K90,8-6
2TK3F8KN0,8-5
2TK3F8Ka0,8-7
2TK3F8Ko0,8-2
2TK3F8L30,8-8
2TK3F8LG0,8-4
2TK3F8Lh0,8-1
2TK3F8MA0,8-3
2TK3F8Mb0,8-5
2TK3F8N40,8-2
2TK3F8NT0,8-4
2TK3F8Ns0,8-1
2TK3F8OL0,8-3
2Ul1BLUE59n,1-8
2Ul1BLUE5Gn,162-1
2Ul1BLUE5Nn,1-1
2Ul1BLUE5Tn,74-1
2Ul1BLUE5Zw,1-2
2Ul1BLUE5fw,8-1
2Ul1BLUE5lw,1-4
2Ul1BLUE5rw,1-7
2Ul1BLUE5xw,1-10
2Ul1BLUE65w,1-6
2Ul1BLUE6Bw,1-16
2Ul1BLUE6Gw,1-12
2Ul1BLUE6Lw,1-20
2Ul1BLUE6Pw,8-12
2Ul1BLUE6Uw,1-17
2Ul1BLUE6Vw,1-30
2Ul1BLUE6Zw,1-18
2Ul1BLUE6dw,1-34
2Ul1BLUE6ew,1-19
2Ul1BLUE6iw,1-5
2Ul1BLUE6lw,162-5
2Ul1BLUE6mw,1-22
2Ul1BLUE6qw,1-3
2Ul1BLUE6u8,1-39
2Ul1BLUE6v8,16-7
2Ul1BLUE718,162-2
2Ul1BLUE748,1-11
2Ul1BLUE758,1-42
2Ul1BLUE788,1-9
2Ul1BLUE7B8,1-13
2Ul1BLUE7C8,11-2
2Ul1BLUE7G8,1-28
2Ul1BLUE7J8,1-46
2Ul1BLUE7K8,1-15
2Ul1BLUE7N8,1-29
2Ul1BLUE7Q8,1-4
2Ul1BLUE7R8,1-21
2Ul1BLUE7V8,1-33
2Ul1BLUE7Z8,1-8
2Ul1BLUE7a8,1-36
2Ul1BLUE7d8,74-1
2Ul1BLUE7h8,1-38
2Ul1BLUE7i8,1-50
2Ul1BLUE7l8,1-1
2Ul1BLUE7o8,1-32
2Ul1BLUE7p8,1-41
2Ul1BLUE7s8,1-24
2Ul1BLUE7w8,1-16
2Ul1BLUE7x8,1-23
2Ul1BLUE838,1-31
2Ul1BLUE878,1-20
2Ul1BLUE888,1-25
2Ul1BLUE8B8,1-45
2Ul1BLUE8F8,1-35
2Ul1BLUE8G8,1-2
2Ul1BLUE8K8,1-49
2Ul1BLUE8O8,1-7
2Ul1BLUE8P8,1-43
2Ul1BLUE8S8,1-26
2Ul1BLUE8W8,15-2
2Ul1BLUE8X8,1-48
2Ul1BLUE8a8,1-6
2Ul1BLUE8e8,1-34
2Ul1BLUE8f8,1-10
2Ul1BLUE8i8,1-47
2Ul1BLUE8m8,1-30
2Ul1BLUE8n8,1-12
2Ul1BLUE8r8,70-5
2Ul1BLUE8w8,1-37
2Ul1BLUE8x8,1-3
2Ul1BLUE938,1-14
2Ul1BLUE978,1-40
2Ul1BLUE988,8-21
2Ul1BLUE9D8,1-5
2Ul1BLUE9Hw,1-51
2Ul1BLUE9Iw,162-2
2Ul1BLUE9Nw,1-44
2Ul1BLUE9Tw,1-29
2Ul1BLUE9Uw,1-39
2Ul1BLUE9Zw,1-22
2Ul1BLUE9ew,1-9
2Ul1BLUE9fw,1-41
2Ul1BLUE9kw,1-27
2Ul1BLUE9qw,1-46
2Ul1BLUE9rw,1-28
2Ul1BLUE9ww,1-13
2Ul1BLUEA4w,1-33
2Ul1BLUEA5w,140-2
2Ul1BLUEAAw,1-42
2Ul1BLUEAGw,1-50
2Ul1BLUEAHw,145-5
2Ul1BLUEAMw,1-8
2Ul1BLUEASw,1-16
2Ul1BLUEATw,8-33
2Ul1BLUEAYw,1-38
2Ul1BLUEAew,1-45
2Ul1BLUEAfw,1-15
2Ul1BLUEAkw,1-23
2Ul1BLUEAqw,1-43
2Ul1BLUEAww,1-2
2Ul1BLUEB4w,1-6
2Ul1BLUEBAw,1-7
2Ul1BLUEBGw,1-30
2Ul1BLUEBMw,1-10
2Ul1BLUEBSw,1-3
2Ul1BLUEBYw,1-12
2Ul1BLUEBew,1-5
2Ul1BLUEBkw,1-37
2Ul1BLUEBqw,1-44
2Ul1BLUEBww,1-51
2Ul1BLUEC4w,1-22
2Ul1BLUECAw,1-39
2Ul1BLUECGw,1-27
2Ul1BLUECMw,1-9
2Ul1BLUECSw,1-13
2Ul1BLUECYw,1-46
2Ul1BLUECew,1-42
2Ul1BLUECkw,1-33
2Ul1BLUECqw,1-8
2Ul1BLUECww,1-50
2Ul1BLUED48,1-38
2Ul1BLUEDA8,1-16
2Ul1BLUEDG8,1-23
2Ul1BLUEDM8,1-45
2Ul1BLUEDS8,1-2
2Ul1BLUEDZ8,1-43
2Ul1BLUEDf8,1-7
2Ul1BLUEDl8,1-6
2Ul1BLUEDs8,1-10
2Ul1BLUEE08,1-30
2Ul1BLUEE68,1-12
2Ul1BLUEEC8,1-3
2Ul1BLUEEI8,1-37
2Ul1BLUEEO8,1-5
2Ul1BLUEEU8,1-51
2Ul1BLUEEa8,1-44
2Ul1BLUEEg8,1-39
2Ul1BLUEEm8,1-22
2Ul1BLUEEs8,1-9
2Ul1BLUEF08,177-2
2Ul1BLUEF18,1-58
2Ul1BLUEF78,1-27
2Ul1BLUEFC8,1-46
2Ul1BLUEFD8,1-61
2Ul1BLUEFI8,1-13
2Ul1BLUEFM8,1-63
2Ul1BLUEFN8,1-33
2Ul1BLUEFP8,1-52
2Ul1BLUEFT8,1-42
2Ul1BLUEFX8,1-68
2Ul1BLUEFZ8,1-50
2Ul1BLUEFb8,1-53
2Ul1BLUEFf8,1-8
2Ul1BLUEFj8,1-71
2Ul1BLUEFl8,1-16
2Ul1BLUEFn8,1-3
2Ul1BLUEFr8,1-38
2Ul1BLUEFv8,1-56
2Ul1BLUEFx8,1-45
2Ul1BLUEG18,1-57
2Ul1BLUEG58,1-23
2Ul1BLUEG98,1-44
2Ul1BLUEGB8,1-43
2Ul1BLUEGD8,171-4
2Ul1BLUEGH8,1-62
2Ul1BLUEGL8,9-27
2Ul1BLUEGN8,1-2
2Ul1BLUEGP8,1-78
2Ul1BLUEGT8,1-6
2Ul1BLUEGX8,1-67
2Ul1BLUEGZ8,1-30
2Ul1BLUEGb8,1-66
2Ul1BLUEGf8,1-7
2Ul1BLUEGj8,1-70
2Ul1BLUEGl8,1-54
2Ul1BLUEGn8,8-41
2Ul1BLUEGr8,1-55
2Ul1BLUEGu8,1-69
2Ul1BLUEGw8,1-12
2Ul1BLUEH08,1-73
2Ul1BLUEH38,1-10
2Ul1BLUEH78,1-51
2Ul1BLUEHA8,1-5
2Ul1BLUEHC8,1-74
2Ul1BLUEHG8,1-37
2Ul1BLUEHK8,1-77
2Ul1BLUEHM8,1-22
2Ul1BLUEHO8,1-59
2Ul1BLUEHT8,1-64
2Ul1BLUEHY8,1-39
2Ul1BLUEHZ8,1-52
2Ul1BLUEHe8,1-65
2Ul1BLUEHj8,17-4
2Ul1BLUEHk8,1-8
2Ul1BLUEHp8,1-72
2Ul1BLUEHu8,1-3
2Ul1BLUEHv8,1-58
2Ul1BLUEI2w,1-50
2Ul1BLUEI7w,1-75
2Ul1BLUEIDw,1-76
2Ul1BLUEIJw,1-16
2Ul1BLUEIPw,1-60
2Ul1BLUEIVw,1-68
2Ul1BLUEIbw,1-38
2Ul1BLUEIhw,1-57
2Ul1BLUEInw,74-3
2Ul1BLUEItw,8-39
2Ul1BLUEJ2w,1-30
2Ul1BLUEJ8w,15-9
2Ul1BLUEJFw,70-9
2Ul1BLUEJMw,1-12
2Ul1BLUEJTw,1-55
2Ul1BLUEJaw,1-7
2Ul1BLUEJiw,1-51
2Ul1BLUEJpw,179-5
2Ul1BLUEJxw,1-59
2Ul1BLUEK7w,10-7
2Ul1BLUEKFw,1-8
2Ul1BLUEKOw,1-75
2Ul1BLUEKYw,1-50
2Ul1BLUEKiw,1-16
2Ul1BLUEKsw,1-60
2Ul1BLUEL5w,1-74
2Ul1BLUELGw,74-3
2Ul1BLUELRw,9-15
2Ul1BLUELcw,1-30
2Ul1BLUELnw,1-7
2Ul1BLUEM0w,1-55
2Ul1BLUEMBw,74-17
2Ul1BLUEMMw,1-59
2Ul1BLUEMbw,1-75
2Ul1BLUEMqw,15-1
2Ul1BLUEN8w,74-8
2Ul1BLUENNw,1-60
2Ul1BLUENdw,6-20
2Ul1BLUENsw,171-5
2Ul1BLUEO8n,74-2
2Ul1BLUEOLn,74-17
2Ul1BLUEOZn,1-59
2Ul1BLUEOon,28-10
2Ul1BLUEP4n,15-1
2Ul1BLUEPIn,1-74
2Ul1BLUEPXn,1-60
2Ul1D145MV,14-3
2Ul1D145lV,14-5
2Ul1D145xV,14-8
2Ul1D146BV,14-1
2Ul1D146MV,14-6
2Ul1D146YV,14-2
2Ul1D146kV,14-9
2Ul1D146xV,14-4
2Ul1D147C2,14-10
2Ul1D147P2,14-3
2Ul1D147c2,14-7
2Ul1D147p2,14-5
2Ul1D14852,14-8
2Ul1D148I2,14-1
2Ul1D148V2,14-6
2Ul1D148i2,14-2
2Ul1D148v2,14-9
2Ul1D149AV,14-4
2Ul1D149ZV,14-3
2Ul1D14A0V,14-5
2Ul1D14APV,14-1
2Ul1D14AoV,14-2
2Ul1D14BFV,14-4
2Ul1D14BeV,14-3
2Ul1D14C5V,14-5
2Ul1D14CUV,14-1
2Ul1D14CtV,14-2
2Ul1D14DKV,14-4
2Ul1D14DkV,14-3
2Ul1D14ECV,14-5
2Ul1D14EcV,14-1
2Ul1D14F4V,14-2
2Ul1D14FUV,14-4
2Ul1D14Fl2,14-11
2Ul1D14G12,14-3
2Ul1D14GF2,14-12
2Ul1D14GT2,14-5
2Ul1D14Gh2,14-13
2Ul1D14Gv2,14-1
2Ul1D14HB2,14-14
2Ul1D14HP2,14-2
2Ul1D14Hd2,162-3
2Ul1D14Hr2,14-4
2Ul1D14IJV,14-3
2Ul1D14IjV,14-5
2Ul1D14JBV,14-1
2Ul1D14JZV,14-2
2Ul1D14JvV,14-4
2Ul1D14KJV,14-3
2Ul1D14KgV,14-5
2Ul1D14L5V,14-1
2Ul1D14LTV,14-2
2Ul1D14MBV,14-3
2Ul1D155ZV,15-5
2Ul1D155tV,15-2
2Ul1D156FV,15-1
2Ul1D156ZV,15-8
2Ul1D156tV,15-7
2Ul1D157FV,15-4
2Ul1D157ZV,15-6
2Ul1D157uV,15-10
2Ul1D158HV,15-5
2Ul1D158dV,15-9
2Ul1D1591V,15-1
2Ul1D159NV,15-3
2Ul1D159iV,15-7
2Ul1D15A5V,15-4
2Ul1D15AQV,15-6
2Ul1D15AlV,15-10
2Ul1D15B7V,15-5
2Ul1D15BRV,15-9
2Ul1D15BmV,15-1
2Ul1D15C9V,15-3
2Ul1D15CUV,15-7
2Ul1D15CqV,15-4
2Ul1D15DEV,15-6
2Ul1D15DZV,15-10
2Ul1D15DuV,15-5
2Ul1D15EI2,15-9
2Ul1D15Ee2,15-1
2Ul1D15F22,15-3
2Ul1D15FF2,15-16
2Ul1D15FR2,15-7
2Ul1D15Fc2,9-28
2Ul1D15Fn2,15-4
2Ul1D15G12,8-44
2Ul1D15GD2,15-6
2Ul1D15GQ2,15-18
2Ul1D15Gb2,15-10
2Ul1D15Gn2,15-21
2Ul1D15H02,15-5
2Ul1D15HC2,15-20
2Ul1D15HN2,15-17
2Ul1D15HY2,15-22
2Ul1D15Hj2,15-1
2Ul1D15Ht2,15-23
2Ul1D15I6V,15-19
2Ul1D15ISV,15-7
2Ul1D15InV,15-4
2Ul1D15JAV,15-6
2Ul1D15JUV,15-10
2Ul1D15JnV,15-5
2Ul1D15K8V,15-17
2Ul1D15KRV,15-1
2Ul1D15KlV,15-19
2Ul1D15L6V,15-7
2Ul1D15LiV,15-6
2Ul1D15MLV,15-5
2Ul1D15MwV,22-2
2Ul1D15NZV,15-7
2Ul1FX25VA,2-2
2Ul1FX25eA,2-4
2Ul1FX25oA,2-5
2Ul1FX260A,2-6
2Ul1FX26AA,2-7
2Ul1FX26KA,2-8
2Ul1FX26SA,2-3
2Ul1FX26cA,2-1
2Ul1FX26mA,2-9
2Ul1FX26sA,2-15
2Ul1FX270A,2-11
2Ul1FX276j,2-13
2Ul1FX27Bj,2-2
2Ul1FX27Hj,2-17
2Ul1FX27Mj,2-4
2Ul1FX27Sj,2-19
2Ul1FX27Xj,2-5
2Ul1FX27dj,2-14
2Ul1FX27jj,2-6
2Ul1FX27pj,2-10
2Ul1FX27uj,2-7
2Ul1FX281j,2-12
2Ul1FX287j,2-8
2Ul1FX28Dj,2-16
2Ul1FX28Ij,2-3
2Ul1FX28Nj,2-18
2Ul1FX28Sj,2-1
2Ul1FX28Yj,2-20
2Ul1FX28ej,2-9
2Ul1FX28qj,2-11
2Ul1FX294j,2-2
2Ul1FX29Fj,2-4
2Ul1FX29Qj,2-5
2Ul1FX29cj,2-6
2Ul1FX29nj,2-7
2Ul1FX2A0j,2-8
2Ul1FX2ABj,2-3
2Ul1FX2AMj,2-1
2Ul1FX2AXj,2-9
2Ul1FX2Aij,2-11
2Ul1FX2Atj,2-2
2Ul1FX2B5j,2-4
2Ul1FX2BGj,2-5
2Ul1FX2BQj,2-6
2Ul1FX2Bbj,2-7
2Ul1FX2Bmj,2-8
2Ul1FX2Bxj,2-3
2Ul1FX2C9j,2-1
2Ul1FX2CKj,2-9
2Ul1FX2CVj,2-11
2Ul1FX2Cgj,2-2
2Ul1FX2Cqj,2-4
2Ul1FX2D3j,2-5
2Ul1FX2DEj,2-6
2Ul1FX2DPj,2-7
2Ul1FX2Daj,2-8
2Ul1FX2Dlj,2-3
2Ul1FX2Dwj,2-1
2Ul1FX2E9j,2-9
2Ul1FX2EKj,2-11
2Ul1FX2EVj,2-2
2Ul1FX2Egj,2-4
2Ul1FX2Erj,2-5
2Ul1FX2F4j,2-6
2Ul1FX2FFj,2-7
2Ul1FX2FMj,2-27
2Ul1FX2FSj,2-8
2Ul1FX2FYj,2-24
2Ul1FX2Fej,2-26
2Ul1FX2Fkj,2-3
2Ul1FX2Fqj,2-30
2Ul1FX2Fwj,2-21
2Ul1FX2G4j,2-9
2Ul1FX2GAj,2-32
2Ul1FX2GGj,2-11
2Ul1FX2GMj,2-29
2Ul1FX2GSj,2-2
2Ul1FX2GYj,2-23
2Ul1FX2Gej,2-4
2Ul1FX2Gkj,2-25
2Ul1FX2Gqj,2-5
2Ul1FX2Gwj,2-28
2Ul1FX2H4j,2-6
2Ul1FX2HAj,2-31
2Ul1FX2HGj,2-7
2Ul1FX2HMj,2-27
2Ul1FX2HSj,2-8
2Ul1FX2HYj,2-24
2Ul1FX2Hej,2-26
2Ul1FX2Hkj,2-3
2Ul1FX2Hqj,2-30
2Ul1FX2Hwj,2-21
2Ul1FX2I4j,2-9
2Ul1FX2IAj,5-1
2Ul1FX2IGj,2-11
2Ul1FX2IMj,2-29
2Ul1FX2ISj,2-2
2Ul1FX2IXj,2-23
2Ul1FX2Idj,2-4
2Ul1FX2Ioj,2-22
2Ul1FX2J1j,2-28
2Ul1FX2JCj,2-31
2Ul1FX2JNj,5-16
2Ul1FX2JXj,2-26
2Ul1FX2Jhj,74-23
2Ul1FX2Jsj,2-9
2Ul1FX2KEj,2-2
2Ul1FX2KYj,2-22
2Ul1FX2Ksj,2-31
2Ul1FX2LEj,2-26
2Ul1FX2Laj,2-9
2Ul1FX2M0j,2-2
2Ul1FX2MPj,2-22
2Ul1FX2Moj,2-26
2Ul1FX2NEA,2-9
2Ul1FX2NbA,5-4
2Ul1FX2O0A,2-22
2Ul1FX2OOA,2-26
2Ul1FX2OlA,2-9
2Ul1FX2PAA,5-4
2Ul1FX2PXA,2-22
2Ul1FX35FF,3-6
2Ul1FX35UF,3-9
2Ul1FX35jF,3-3
2Ul1FX360F,3-7
2Ul1FX368F,3-16
2Ul1FX36FF,3-10
2Ul1FX36LF,3-22
2Ul1FX36RQ,3-13
2Ul1FX36XQ,3-25
2Ul1FX36eQ,3-1
2Ul1FX36kQ,3-29
2Ul1FX36qQ,3-15
2Ul1FX36vQ,3-18
2Ul1FX373Q,3-19
2Ul1FX379Q,3-2
2Ul1FX37FQ,3-23
2Ul1FX37KQ,3-24
2Ul1FX37PQ,3-27
2Ul1FX37UQ,3-4
2Ul1FX37ZQ,3-28
2Ul1FX37fQ,3-8
2Ul1FX37kQ,3-31
2Ul1FX37pQ,3-11
2Ul1FX37uQ,3-32
2Ul1FX382Q,3-14
2Ul1FX388Q,3-33
2Ul1FX38EQ,3-6
2Ul1FX38KQ,3-9
2Ul1FX38VQ,3-17
2Ul1FX38gQ,3-21
2Ul1FX38rQ,3-7
2Ul1FX393Q,3-16
2Ul1FX39DQ,3-22
2Ul1FX39OQ,3-13
2Ul1FX39YQ,3-1
2Ul1FX39jQ,3-15
2Ul1FX39vQ,3-19
2Ul1FX3A7Q,3-23
2Ul1FX3AIQ,3-27
2Ul1FX3ATQ,3-28
2Ul1FX3AeQ,3-31
2Ul1FX3ApQ,3-32
2Ul1FX3B2Q,3-33
2Ul1FX3BCQ,3-9
2Ul1FX3BNQ,3-17
2Ul1FX3BYQ,3-21
2Ul1FX3BjQ,3-7
2Ul1FX3BtQ,3-16
2Ul1FX3C6Q,3-22
2Ul1FX3CHQ,3-13
2Ul1FX3CRQ,3-1
2Ul1FX3CcQ,3-15
2Ul1FX3CnQ,3-19
2Ul1FX3CxQ,3-23
2Ul1FX3DAQ,3-27
2Ul1FX3DLQ,3-28
2Ul1FX3DWQ,3-31
2Ul1FX3DhQ,3-32
2Ul1FX3DsQ,3-33
2Ul1FX3E5Q,3-9
2Ul1FX3EHQ,3-17
2Ul1FX3ESQ,3-21
2Ul1FX3EeQ,3-7
2Ul1FX3EoQ,3-16
2Ul1FX3F3Q,3-22
2Ul1FX3FFQ,3-13
2Ul1FX3FKQ,3-45
2Ul1FX3FQQ,3-1
2Ul1FX3FWQ,3-47
2Ul1FX3FcQ,3-41
2Ul1FX3FiQ,3-50
2Ul1FX3FoQ,3-12
2Ul1FX3FuQ,3-19
2Ul1FX3G1Q,3-23
2Ul1FX3G7Q,3-44
2Ul1FX3GDQ,3-34
2Ul1FX3GJQ,3-46
2Ul1FX3GPQ,3-27
2Ul1FX3GVQ,3-49
2Ul1FX3GbQ,3-28
2Ul1FX3GhQ,3-31
2Ul1FX3GoQ,3-32
2Ul1FX3GuQ,3-36
2Ul1FX3H2Q,3-33
2Ul1FX3H8Q,3-37
2Ul1FX3HEQ,3-9
2Ul1FX3HKQ,3-39
2Ul1FX3HRQ,3-17
2Ul1FX3HYQ,3-42
2Ul1FX3HeQ,3-21
2Ul1FX3HkQ,3-43
2Ul1FX3HrQ,3-7
2Ul1FX3I1Q,3-38
2Ul1FX3IDQ,3-48
2Ul1FX3IPQ,3-35
2Ul1FX3IcQ,3-1
2Ul1FX3IpQ,3-41
2Ul1FX3J4Q,3-12
2Ul1FX3JTQ,3-46
2Ul1FX3JrQ,3-31
2Ul1FX3KIF,3-9
2Ul1FX3KfF,3-43
2Ul1FX3L4F,3-38
2Ul1FX3LRF,3-35
2Ul1FX3LoF,3-12
2Ul1FX3MEF,3-46
2Ul1FX3MbF,3-31
2Ul1FX3N0F,3-9
2Ul1FX3NMF,3-43
2Ul1FX3NiF,3-38
2Ul1FX3O6F,3-35
2Ul1FX3ORF,3-12
2Ul1FX3OnF,3-46
2Ul1FX3PBF,3-31
2Ul1FX3PXF,3-9
2Ul2BLUE5jw,1-4
2Ul2BLUE5ww,1-1
2Ul2BLUE6Bw,1-2
2Ul2BLUE6Pw,1-3
2Ul2BLUE6cw,1-7
2Ul2BLUE6qw,1-8
2Ul2BLUE76w,1-10
2Ul2BLUE7Jw,1-5
2Ul2BLUE7Ww,1-6
2Ul2BLUE7kw,1-9
2Ul2BLUE81w,1-4
2Ul2BLUE8Gw,1-1
2Ul2BLUE8Vw,1-2
2Ul2BLUE8kw,1-3
2Ul2BLUE91w,1-7
2Ul2BLUE9Gw,1-8
2Ul2BLUE9Uw,1-10
2Ul2BLUE9hw,1-5
2Ul2BLUE9uw,1-6
2Ul2BLUEA9w,1-9
2Ul2BLUEALw,1-11
2Ul2BLUEAWw,1-1
2Ul2BLUEAiw,1-4
2Ul2BLUEAtw,1-12
2Ul2BLUEB7w,1-2
2Ul2BLUEBJw,1-3
2Ul2BLUEBUw,1-7
2Ul2BLUEBfw,1-8
2Ul2BLUEBqw,1-13
2Ul2BLUEC3w,1-5
2Ul2BLUECDw,1-10
2Ul2BLUECNw,1-14
2Ul2BLUECXw,1-6
2Ul2BLUEChw,1-9
2Ul2BLUECrw,1-11
2Ul2BLUED3w,1-1
2Ul2BLUEDDw,1-15
2Ul2BLUEDNw,1-12
2Ul2BLUEDXw,1-4
2Ul2BLUEDhw,1-3
2Ul2BLUEDrw,1-2
2Ul2BLUEE4w,1-8
2Ul2BLUEEFw,1-7
2Ul2BLUEEQw,1-5
2Ul2BLUEEaw,1-13
2Ul2BLUEEkw,1-14
2Ul2BLUEEuw,1-10
2Ul2BLUEF6w,1-9
2Ul2BLUEFGw,1-6
2Ul2BLUEFRw,1-1
2Ul2BLUEFbw,1-11
2Ul2BLUEFlw,1-12
2Ul2BLUEFvw,1-15
2Ul2BLUEG7w,1-3
2Ul2BLUEGHw,1-4
2Ul2BLUEGRw,1-8
2Ul2BLUEGcw,1-2
2Ul2BLUEGnw,1-5
2Ul2BLUEGxw,1-7
2Ul2BLUEH9w,1-14
2Ul2BLUEHJw,1-13
2Ul2BLUEHUw,1-9
2Ul2BLUEHew,1-10
2Ul2BLUEHpw,1-1
2Ul2BLUEI1w,1-6
2Ul2BLUEIBw,1-12
2Ul2BLUEIMw,1-11
2Ul2BLUEIXw,1-3
2Ul2BLUEIkw,1-15
2Ul2BLUEJ1w,1-4
2Ul2BLUEJGw,1-5
2Ul2BLUEJWw,1-14
2Ul2BLUEJmw,1-9
2Ul2BLUEK4w,1-1
2Ul2BLUEKKw,1-10
2Ul2BLUEKaw,1-6
2Ul2BLUEKqw,1-3
2Ul2BLUEL7w,1-15
2Ul2BLUELMw,1-4
2Ul2BLUELbw,1-5
2Ul2BLUELrw,1-14
2Ul2BLUEM9w,1-9
2Ul2BLUEMOw,1-1
2Ul2BLUEMdw,1-10
2Ul2BLUEMsw,8-6
2Ul2BLUEN9w,1-3
2Ul2BLUENNw,8-8
2Ul2BLUENdw,1-4
2Ul2BLUENsw,1-5
2Ul2BLUEO8w,1-14
2Ul2BLUEOLn,1-9
2Ul2BLUEOZn,1-1
2Ul2BLUEOon,1-10
2Ul2BLUEP4n,8-6
2Ul2BLUEPIn,1-3
2Ul2BLUEPXn,8-8
2Ul2D145g1,14-2
2Ul2D146B1,14-4
2Ul2D146f1,14-1
2Ul2D147A1,14-3
2Ul2D147e1,14-2
2Ul2D14891,14-4
2Ul2D148d1,14-1
2Ul2D14991,14-3
2Ul2D149Y1,14-5
2Ul2D149x1,14-2
2Ul2D14AOV,14-4
2Ul2D14AmV,14-1
2Ul2D14BDV,14-3
2Ul2D14BcV,14-5
2Ul2D14C3V,14-2
2Ul2D14CTV,14-4
2Ul2D14CsV,14-1
2Ul2D14DJV,14-3
2Ul2D14DiV,14-5
2Ul2D14E9V,14-2
2Ul2D14EZV,14-4
2Ul2D14F0V,14-1
2Ul2D14FPV,14-3
2Ul2D14FoV,14-5
2Ul2D14GFV,14-2
2Ul2D14GfV,14-4
2Ul2D14H6V,14-1
2Ul2D14HVV,14-3
2Ul2D14HuV,14-5
2Ul2D14IL1,14-2
2Ul2D14Ik1,14-4
2Ul2D14JB1,14-1
2Ul2D14Ja1,14-3
2Ul2D14Jx1,14-5
2Ul2D14KN1,14-2
2Ul2D14Kl1,14-4
2Ul2D14LC1,14-1
2Ul2D14Lx1,14-5
2Ul2D156EV,15-1
2Ul2D156pV,15-3
2Ul2D157TV,15-2
2Ul2D1588V,15-4
2Ul2D158kV,15-1
2Ul2D159EV,15-5
2Ul2D159cV,15-3
2Ul2D15A2V,15-7
2Ul2D15AQV,15-2
2Ul2D15AoV,15-4
2Ul2D15BEV,15-6
2Ul2D15BcV,15-1
2Ul2D15C2V,15-5
2Ul2D15CRV,15-3
2Ul2D15CpV,15-7
2Ul2D15DFV,15-2
2Ul2D15DdV,15-4
2Ul2D15E3V,15-6
2Ul2D15ERV,15-1
2Ul2D15EqV,15-5
2Ul2D15FHV,15-3
2Ul2D15FfV,15-7
2Ul2D15G5V,15-2
2Ul2D15GTV,15-4
2Ul2D15GrV,15-6
2Ul2D15HHV,15-1
2Ul2D15HgV,15-5
2Ul2D15I7V,15-3
2Ul2D15IVV,15-7
2Ul2D15ItV,15-2
2Ul2D15JIV,15-4
2Ul2D15JfV,15-6
2Ul2D15K3V,15-1
2Ul2D15KPV,15-5
2Ul2D15KlV,15-3
2Ul2D15L9V,15-7
2Ul2D15LVV,15-2
2Ul2D15LsV,15-4
2Ul2D15MVV,15-6
2Ul2D15N8V,15-5
2Ul2FX25vA,2-1
2Ul2FX26KA,2-3
2Ul2FX26hA,2-2
2Ul2FX276A,2-4
2Ul2FX27TA,2-1
2Ul2FX27qA,2-3
2Ul2FX28FA,2-2
2Ul2FX28dA,2-4
2Ul2FX293A,2-1
2Ul2FX29QA,2-3
2Ul2FX29iA,2-5
2Ul2FX2A2A,2-2
2Ul2FX2AJA,2-4
2Ul2FX2AZA,2-6
2Ul2FX2ApA,2-1
2Ul2FX2B8j,2-3
2Ul2FX2BPj,2-5
2Ul2FX2Bgj,2-2
2Ul2FX2Bxj,2-4
2Ul2FX2CGj,2-6
2Ul2FX2CXj,2-1
2Ul2FX2Coj,2-3
2Ul2FX2D8j,2-5
2Ul2FX2DQj,2-2
2Ul2FX2Dhj,2-4
2Ul2FX2E1j,2-6
2Ul2FX2EIj,2-1
2Ul2FX2EZj,2-3
2Ul2FX2Erj,2-5
2Ul2FX2FBj,2-2
2Ul2FX2FSj,2-4
2Ul2FX2Fkj,2-6
2Ul2FX2G3j,2-1
2Ul2FX2GKj,2-3
2Ul2FX2Gcj,2-5
2Ul2FX2Guj,2-2
2Ul2FX2HDj,2-4
2Ul2FX2HVj,2-6
2Ul2FX2Hmj,2-1
2Ul2FX2I5j,2-3
2Ul2FX2INj,2-5
2Ul2FX2Ifj,2-2
2Ul2FX2J0j,2-4
2Ul2FX2JJj,2-6
2Ul2FX2Jcj,2-1
2Ul2FX2K2j,2-5
2Ul2FX2KQj,2-2
2Ul2FX2Koj,2-4
2Ul2FX2LEj,2-1
2Ul2FX2Ldj,2-5
2Ul2FX2M3j,2-2
2Ul2FX2MQj,2-4
2Ul2FX2Moj,2-1
2Ul2FX2NEA,2-5
2Ul2FX2NcA,2-2
2Ul2FX2O1A,2-4
2Ul2FX2OOA,2-1
2Ul2FX2OlA,2-5
2Ul2FX2PAA,2-2
2Ul2FX2PXA,2-4
2Ul2FX35XF,3-4
2Ul2FX35tF,3-1
2Ul2FX36GF,3-3
2Ul2FX36cF,3-5
2Ul2FX370F,3-7
2Ul2FX37MF,3-2
2Ul2FX37iF,3-6
2Ul2FX386F,3-4
2Ul2FX38SF,3-1
2Ul2FX38nF,3-3
2Ul2FX39BF,3-5
2Ul2FX39YF,3-7
2Ul2FX39rF,3-8
2Ul2FX3ABF,3-2
2Ul2FX3ASF,3-6
2Ul2FX3AjF,3-4
2Ul2FX3B1Q,3-10
2Ul2FX3BHQ,3-1
2Ul2FX3BWQ,3-3
2Ul2FX3BmQ,3-9
2Ul2FX3C5Q,3-5
2Ul2FX3CMQ,3-7
2Ul2FX3CcQ,3-8
2Ul2FX3CtQ,3-2
2Ul2FX3DCQ,3-6
2Ul2FX3DTQ,3-4
2Ul2FX3DkQ,3-10
2Ul2FX3E2Q,3-1
2Ul2FX3EIQ,3-3
2Ul2FX3EZQ,3-9
2Ul2FX3EqQ,3-5
2Ul2FX3F9Q,3-7
2Ul2FX3FQQ,3-8
2Ul2FX3FhQ,3-2
2Ul2FX3G0Q,3-6
2Ul2FX3GHQ,3-4
2Ul2FX3GYQ,3-10
2Ul2FX3GoQ,3-1
2Ul2FX3H6Q,3-3
2Ul2FX3HNQ,3-9
2Ul2FX3HeQ,3-5
2Ul2FX3HvQ,3-7
2Ul2FX3IEQ,3-8
2Ul2FX3IVQ,3-2
2Ul2FX3ImQ,3-6
2Ul2FX3J5Q,3-4
2Ul2FX3JMQ,3-10
2Ul2FX3JcQ,3-1
2Ul2FX3JuQ,3-3
2Ul2FX3KHF,3-9
2Ul2FX3KfF,3-7
2Ul2FX3L6F,3-8
2Ul2FX3LUF,3-6
2Ul2FX3LqF,3-4
2Ul2FX3MEF,3-10
2Ul2FX3MbF,3-3
2Ul2FX3N0F,3-9
2Ul2FX3NMF,3-7
2Ul2FX3NjF,3-8
2Ul2FX3O8F,3-6
2Ul2FX3OTF,3-4
2Ul2FX3OoF,3-10
2Ul2FX3PBF,3-3
2Ul2FX3PXF,3-9
2Ul3BLUE5ew,1-1
2Ul3BLUE5sw,8-3
2Ul3BLUE66w,1-6
2Ul3BLUE6Kw,1-8
2Ul3BLUE6Xw,1-9
2Ul3BLUE6kw,1-3
2Ul3BLUE70w,1-5
2Ul3BLUE7Dw,1-7
2Ul3BLUE7Rw,1-2
2Ul3BLUE7fw,1-4
2Ul3BLUE7uw,1-1
2Ul3BLUE8Bw,1-10
2Ul3BLUE8Qw,1-6
2Ul3BLUE8fw,1-8
2Ul3BLUE8uw,1-9
2Ul3BLUE9Bw,1-3
2Ul3BLUE9Pw,1-5
2Ul3BLUE9dw,1-7
2Ul3BLUE9qw,1-2
2Ul3BLUEA4w,1-4
2Ul3BLUEAGw,1-11
2Ul3BLUEARw,1-10
2Ul3BLUEAdw,1-1
2Ul3BLUEAow,1-12
2Ul3BLUEB1w,1-6
2Ul3BLUEBDw,1-8
2Ul3BLUEBPw,1-9
2Ul3BLUEBaw,1-3
2Ul3BLUEBmw,1-13
2Ul3BLUEC0w,1-7
2Ul3BLUECCw,1-5
2Ul3BLUECOw,1-4
2Ul3BLUECZw,1-2
2Ul3BLUEClw,1-10
2Ul3BLUECxw,1-11
2Ul3BLUEDBw,1-12
2Ul3BLUEDNw,1-1
2Ul3BLUEDZw,1-8
2Ul3BLUEDlw,1-6
2Ul3BLUEDxw,1-3
2Ul3BLUEEBw,1-9
2Ul3BLUEENw,1-7
2Ul3BLUEEZw,1-13
2Ul3BLUEElw,1-4
2Ul3BLUEExw,1-5
2Ul3BLUEFAw,1-10
2Ul3BLUEFMw,1-2
2Ul3BLUEFYw,1-12
2Ul3BLUEFkw,1-11
2Ul3BLUEFww,1-8
2Ul3BLUEGAw,1-1
2Ul3BLUEGMw,1-3
2Ul3BLUEGYw,1-6
2Ul3BLUEGkw,1-7
2Ul3BLUEGww,1-9
2Ul3BLUEHAw,1-4
2Ul3BLUEHMw,1-13
2Ul3BLUEHYw,1-10
2Ul3BLUEHkw,1-5
2Ul3BLUEHww,1-12
2Ul3BLUEIBw,1-2
2Ul3BLUEIQw,1-8
2Ul3BLUEIgw,1-11
2Ul3BLUEIww,1-1
2Ul3BLUEJEw,1-7
2Ul3BLUEJUw,1-4
2Ul3BLUEJkw,1-9
2Ul3BLUEK2w,1-10
2Ul3BLUEKIw,1-12
2Ul3BLUEKYw,1-2
2Ul3BLUEKnw,1-8
2Ul3BLUEL4w,1-11
2Ul3BLUELJw,1-1
2Ul3BLUELYw,1-7
2Ul3BLUELnw,1-4
2Ul3BLUEM5w,1-9
2Ul3BLUEMKw,1-10
2Ul3BLUEMaw,1-12
2Ul3BLUEMpw,8-7
2Ul3BLUEN6w,1-8
2Ul3BLUENKw,8-8
2Ul3BLUENYw,1-1
2Ul3BLUENmw,1-7
2Ul3BLUEO3w,1-4
2Ul3BLUEOIn,1-9
2Ul3D146a1,14-1
2Ul3D147F1,14-3
2Ul3D147s1,14-2
2Ul3D148Y1,14-1
2Ul3D149E1,14-3
2Ul3D149t1,14-2
2Ul3D14AaV,14-1
2Ul3D14BIV,14-3
2Ul3D14C0V,14-2
2Ul3D14CgV,14-1
2Ul3D14DOV,14-3
2Ul3D14E6V,14-2
2Ul3D14EmV,14-1
2Ul3D14FUV,14-3
2Ul3D14GCV,14-2
2Ul3D14GsV,14-1
2Ul3D14HaV,14-3
2Ul3D14II1,14-2
2Ul3D14Ix1,14-1
2Ul3D14Je1,14-3
2Ul3D14KK1,14-2
2Ul3D14L01,14-1
2Ul3D14Le1,14-3
2Ul3D157IV,15-1
2Ul3D157iV,15-3
2Ul3D158AV,15-5
2Ul3D158aV,15-2
2Ul3D1593V,15-4
2Ul3D159UV,15-6
2Ul3D159vV,15-1
2Ul3D15APV,15-3
2Ul3D15AqV,15-5
2Ul3D15BKV,15-2
2Ul3D15BmV,15-4
2Ul3D15CGV,15-6
2Ul3D15CjV,15-1
2Ul3D15DDV,15-3
2Ul3D15DfV,15-5
2Ul3D15E9V,15-2
2Ul3D15EcV,15-4
2Ul3D15F6V,15-6
2Ul3D15FZV,15-1
2Ul3D15G3V,15-3
2Ul3D15GVV,15-5
2Ul3D15GxV,15-2
2Ul3D15HSV,15-4
2Ul3D15HuV,15-6
2Ul3D15IPV,15-1
2Ul3D15IrV,15-3
2Ul3D15JKV,15-5
2Ul3D15JkV,15-2
2Ul3D15KBV,15-4
2Ul3D15KaV,15-6
2Ul3D15L2V,15-1
2Ul3D15LdV,15-3
2Ul3D15MHV,15-2
2Ul3FX26KA,2-1
2Ul3FX26oA,2-2
2Ul3FX27LA,2-3
2Ul3FX27qA,2-1
2Ul3FX28NA,2-2
2Ul3FX28sA,2-3
2Ul3FX29QA,2-1
2Ul3FX29wA,2-2
2Ul3FX2AVA,2-3
2Ul3FX2B4j,2-1
2Ul3FX2BUj,2-4
2Ul3FX2Bpj,2-2
2Ul3FX2CBj,2-3
2Ul3FX2CWj,2-5
2Ul3FX2Crj,2-1
2Ul3FX2DEj,2-4
2Ul3FX2DZj,2-2
2Ul3FX2Duj,2-3
2Ul3FX2EHj,2-5
2Ul3FX2Ecj,2-1
2Ul3FX2Exj,2-4
2Ul3FX2FKj,2-2
2Ul3FX2Ffj,2-3
2Ul3FX2G2j,2-5
2Ul3FX2GNj,2-1
2Ul3FX2Gij,2-4
2Ul3FX2H5j,2-2
2Ul3FX2HQj,2-3
2Ul3FX2Hlj,2-5
2Ul3FX2I8j,2-1
2Ul3FX2IVj,2-4
2Ul3FX2Iwj,2-2
2Ul3FX2JTj,2-5
2Ul3FX2K1j,2-1
2Ul3FX2KYj,2-2
2Ul3FX2L6j,2-5
2Ul3FX2Ldj,2-1
2Ul3FX2MCj,2-2
2Ul3FX2Mgj,2-5
2Ul3FX2NDA,2-1
2Ul3FX2NjA,2-2
2Ul3FX2OIA,2-5
2Ul3FX36IF,3-1
2Ul3FX36mF,3-3
2Ul3FX37JF,3-5
2Ul3FX37oF,3-2
2Ul3FX38KF,3-4
2Ul3FX38qF,3-1
2Ul3FX39NF,3-3
2Ul3FX39hF,3-6
2Ul3FX3A3F,3-5
2Ul3FX3ANF,3-8
2Ul3FX3AiF,3-2
2Ul3FX3B4Q,3-4
2Ul3FX3BOQ,3-7
2Ul3FX3BiQ,3-1
2Ul3FX3C4Q,3-3
2Ul3FX3CPQ,3-6
2Ul3FX3CkQ,3-5
2Ul3FX3D7Q,3-8
2Ul3FX3DSQ,3-2
2Ul3FX3DnQ,3-4
2Ul3FX3EAQ,3-7
2Ul3FX3EVQ,3-1
2Ul3FX3EqQ,3-3
2Ul3FX3FDQ,3-6
2Ul3FX3FYQ,3-5
2Ul3FX3FtQ,3-8
2Ul3FX3GGQ,3-2
2Ul3FX3GbQ,3-4
2Ul3FX3GwQ,3-7
2Ul3FX3HJQ,3-1
2Ul3FX3HeQ,3-3
2Ul3FX3I1Q,3-6
2Ul3FX3IMQ,3-5
2Ul3FX3IhQ,3-8
2Ul3FX3J4Q,3-2
2Ul3FX3JPQ,3-4
2Ul3FX3JpQ,3-7
2Ul3FX3KIF,3-1
2Ul3FX3KjF,3-6
2Ul3FX3LCF,3-5
2Ul3FX3LdF,3-8
2Ul3FX3M6F,3-4
2Ul3FX3MXF,3-7
2Ul3FX3MxF,3-1
2Ul3FX3NPF,3-6
2Ul3FX3NpF,3-5
2Ul3FX3OIF,3-8
2Wn12245V2,124-2
2Wn1224602,124-3
2Wn12246SA,124-1
2Wn12246vA,124-2
2Wn12247QI,124-3
2Wn12247tP,124-1
2Wn12248PP,124-2
2Wn12248tP,124-3
2Wn12249PI,124-1
2Wn12249sI,124-2
2Wn1224ANI,124-3
2Wn1224AqI,124-1
2Wn1224BLI,124-2
2Wn1224BoI,124-3
2Wn1224CJI,124-1
2Wn1224CmI,124-2
2Wn1224DHI,124-3
2Wn1224DlI,124-1
2Wn1224EHI,124-2
2Wn1224ElP,124-3
2Wn1224FIX,124-1
2Wn1224FnX,124-2
2Wn1224GKX,124-3
2Wn1224GqX,124-1
2Wn1224HOX,124-2
2Wn1224HsX,124-3
2Wn1224IPP,124-1
2Wn1285j5,28-1
2Wn128695,28-5
2Wn1286YE,28-2
2Wn1286jO,38-6
2Wn1286vO,28-4
2Wn1287BO,38-8
2Wn1287PO,28-3
2Wn1287dO,28-7
2Wn1287rO,28-1
2Wn12887O,28-8
2Wn1288LO,28-5
2Wn1288nO,28-2
2Wn1289GO,28-4
2Wn1289hO,28-3
2Wn128AAO,28-1
2Wn128AaO,28-5
2Wn128B3O,28-2
2Wn128BUO,28-4
2Wn128BuO,28-3
2Wn128CMO,28-1
2Wn128CmO,28-5
2Wn128DFO,28-2
2Wn128DgO,28-4
2Wn128E8X,28-3
2Wn128EYX,28-1
2Wn128F2X,28-5
2Wn128FHX,5-2
2Wn128FVX,28-2
2Wn128FjX,38-4
2Wn128G0X,28-4
2Wn128GFX,28-9
2Wn128GUX,28-3
2Wn128GjX,28-11
2Wn128GxX,28-1
2Wn128HEX,28-10
2Wn128HTX,28-5
2Wn128HiX,5-2
2Wn128HwX,28-2
2Wn128IDO,38-4
2Wn128IRO,28-4
2Wn128IuE,28-3
2Wn128JME,28-1
2Wn128JmE,28-5
2Wn128KB5,28-2
2Wn128KY5,145-3
2Wn128L45,28-3
2Wn128LX5,28-1
2Wn128M25,28-5
2Wn128MW5,5-12
2Wn128N15,28-3
2Wn1D165cm,16-2
2Wn1D1662m,16-3
2Wn1D166Pe,16-5
2Wn1D166be,16-9
2Wn1D166nX,16-1
2Wn1D166xX,16-8
2Wn1D1677X,17-9
2Wn1D167FX,16-4
2Wn1D167MX,1-47
2Wn1D167SX,16-10
2Wn1D167ZX,16-6
2Wn1D167fX,16-2
2Wn1D167mX,13-10
2Wn1D167sX,16-12
2Wn1D1681X,16-14
2Wn1D1687X,16-3
2Wn1D168EX,22-1
2Wn1D168KX,16-11
2Wn1D168RX,16-13
2Wn1D168XX,16-5
2Wn1D168kX,16-9
2Wn1D168xX,16-1
2Wn1D169CX,16-8
2Wn1D169PX,16-4
2Wn1D169oe,16-13
2Wn1D16AFe,16-7
2Wn1D16Aee,16-5
2Wn1D16B5e,16-1
2Wn1D16BTe,16-4
2Wn1D16Bse,16-13
2Wn1D16CJe,16-7
2Wn1D16Cie,16-5
2Wn1D16D9e,16-1
2Wn1D16DXe,16-4
2Wn1D16Dwe,16-13
2Wn1D16ENe,16-7
2Wn1D16Ene,16-5
2Wn1D16FFX,16-1
2Wn1D16FUX,16-18
2Wn1D16FjQ,16-4
2Wn1D16FxQ,16-16
2Wn1D16GDQ,16-13
2Wn1D16GRQ,16-17
2Wn1D16GfQ,16-7
2Wn1D16GtQ,132-2
2Wn1D16H9Q,16-5
2Wn1D16HNQ,16-15
2Wn1D16HbQ,16-1
2Wn1D16HpQ,16-21
2Wn1D16I5Q,16-4
2Wn1D16IJQ,31-3
2Wn1D16IWQ,16-20
2Wn1D16IjX,16-19
2Wn1D16J1X,16-22
2Wn1D16JHe,70-7
2Wn1D16Jae,16-15
2Wn1D16K6m,16-21
2Wn1D16KYm,16-20
2Wn1D16L2m,16-22
2Wn1D16LWm,16-15
2Wn1D16M1m,16-21
2Wn1D16MUm,16-20
2Wn1D16Mwm,16-22
2Wn22246Z2,124-2
2Wn22247G2,124-1
2Wn22247v2,124-2
2Wn22248c2,124-1
2Wn22249K2,124-2
2Wn2224A1A,124-1
2Wn2224AiA,124-2
2Wn2224BRA,124-1
2Wn2224CBA,124-2
2Wn2224CsA,124-1
2Wn2224DcA,124-2
2Wn2224ELA,124-1
2Wn2224F5A,124-2
2Wn2224FmA,124-1
2Wn2224GWA,124-2
2Wn2224HFA,124-1
2Wn2224HxA,124-2
2Wn2224IfA,124-1
2Wn2286A5,28-2
2Wn2286e5,28-1
2Wn2287A5,28-4
2Wn2287bO,28-3
2Wn22888O,28-2
2Wn2288cO,28-1
2Wn22899O,28-4
2Wn2289eO,28-3
2Wn228ADO,28-2
2Wn228AjO,28-1
2Wn228BIO,28-4
2Wn228BpO,28-3
2Wn228COO,28-2
2Wn228CvO,28-1
2Wn228DUO,28-4
2Wn228E3O,28-3
2Wn228EaO,28-2
2Wn228F9O,28-1
2Wn228FgO,28-4
2Wn228GFO,28-3
2Wn228GmO,28-2
2Wn228HLO,28-1
2Wn228HsO,28-4
2Wn228IRO,28-3
2Wn228J0E,28-2
2Wn228JWE,28-1
2Wn228K55,28-4
2Wn228KZ5,28-3
2Wn228L55,28-2
2Wn228LZ5,28-1
2Wn228MX5,28-3
2Wn2D166F2,16-2
2Wn2D166h2,16-4
2Wn2D167A2,16-1
2Wn2D167b2,16-3
2Wn2D16842,16-2
2Wn2D168W2,16-4
2Wn2D16912,16-1
2Wn2D169T2,16-3
2Wn2D169v2,16-2
2Wn2D16AN2,16-4
2Wn2D16Akt,16-5
2Wn2D16B9t,16-1
2Wn2D16BWt,16-3
2Wn2D16Btt,16-2
2Wn2D16CIt,16-4
2Wn2D16Cgt,16-5
2Wn2D16D5t,16-1
2Wn2D16DSt,16-3
2Wn2D16Dqt,16-2
2Wn2D16EFt,16-4
2Wn2D16Edt,16-5
2Wn2D16F2t,16-1
2Wn2D16FPt,16-3
2Wn2D16Fnt,16-2
2Wn2D16GCt,16-4
2Wn2D16Gat,16-5
2Wn2D16Gxt,16-1
2Wn2D16HMt,16-3
2Wn2D16Hkt,16-2
2Wn2D16I9t,16-4
2Wn2D16IWt,16-5
2Wn2D16Itt,16-1
2Wn2D16JIt,16-3
2Wn2D16Je2,16-2
2Wn2D16K22,16-4
2Wn2D16KP2,16-5
2Wn2D16Kl2,16-1
2Wn2D16L92,16-3
2Wn2D16LV2,16-2
2Wn2D16M62,16-4
2Wn2D16Mf2,16-1
2Wn3224792,124-1
2Wn32247j2,124-1
2Wn32248L2,124-1
2Wn32248v2,124-1
2Wn32249X2,124-1
2Wn3224A9A,124-1
2Wn3224AlA,124-1
2Wn3224BQA,124-1
2Wn3224C6A,124-1
2Wn3224CkA,124-1
2Wn3224DQA,124-1
2Wn3224E6A,124-1
2Wn3224EkA,124-1
2Wn3224FQA,124-1
2Wn3224G6A,124-1
2Wn3224GkA,124-1
2Wn3224HQA,124-1
2Wn3224I6A,124-1
2Wn3224IjA,124-1
2Wn3286k5,28-2
2Wn3287NO,28-1
2Wn32883O,28-3
2Wn3288hO,28-2
2Wn3289PO,28-1
2Wn328A7O,28-3
2Wn328AoO,28-2
2Wn328BYO,28-1
2Wn328CIO,28-3
2Wn328D2O,28-2
2Wn328DkO,28-1
2Wn328EUO,28-3
2Wn328FEO,28-2
2Wn328FwO,28-1
2Wn328GgO,28-3
2Wn328HQO,28-2
2Wn328IAO,28-1
2Wn328IsE,28-3
2Wn328JaE,28-2
2Wn328KI5,28-1
2Wn328Kv5,28-3
2Wn328Lb5,28-2
2Wn3D167P2,16-2
2Wn3D167q2,16-4
2Wn3D168J2,16-1
2Wn3D168k2,16-3
2Wn3D169E2,16-2
2Wn3D169h2,16-4
2Wn3D16AB2,16-1
2Wn3D16Adt,16-3
2Wn3D16B8t,16-2
2Wn3D16Bbt,16-4
2Wn3D16C6t,16-1
2Wn3D16CZt,16-3
2Wn3D16D4t,16-2
2Wn3D16DYt,16-4
2Wn3D16E3t,16-1
2Wn3D16EWt,16-3
2Wn3D16F1t,16-2
2Wn3D16FVt,16-4
2Wn3D16G0t,16-1
2Wn3D16GTt,16-3
2Wn3D16Gwt,16-2
2Wn3D16HSt,16-4
2Wn3D16Hvt,16-1
2Wn3D16IQt,16-3
2Wn3D16Itt,16-2
2Wn3D16JNt,16-4
2Wn3D16Jp2,16-1
2Wn3D16KJ2,16-3
2Wn3D16Kk2,16-2
2Wn3D16LC2,16-4
2Wn3D16Lk2,16-1
2Wn3D16ML2,16-3
2Xt1315qc,31-1
2Xt1316Hc,31-3
2Xt1316fc,31-2
2Xt1316uc,8-8
2Xt1317Ac,31-1
2Xt1317Nc,74-16
2Xt1317bc,31-3
2Xt1317oc,16-13
2Xt13184c,31-2
2Xt1318Ic,13-12
2Xt1318Wc,31-1
2Xt1318kc,12-6
2Xt1318xc,31-3
2Xt1319Pc,31-2
2Xt1319pc,31-1
2Xt131AHc,31-3
2Xt131Ahc,31-2
2Xt131B9c,31-1
2Xt131BZc,31-3
2Xt131C1c,31-2
2Xt131CRc,31-1
2Xt131Crc,31-3
2Xt131DJc,31-2
2Xt131Djc,31-1
2Xt131ECc,31-3
2Xt131Ecc,31-2
2Xt131F5c,31-1
2Xt131FYc,31-3
2Xt131G1c,31-2
2Xt131GTc,31-1
2Xt131Gxc,31-4
2Xt131HQc,31-2
2Xt131Hsc,31-1
2Xt131INc,31-4
2Xt131Ilc,31-2
2Xt131JDc,31-1
2Xt131Jec,31-4
2Xt131K4c,31-2
2Xt131Kgc,31-6
2Xt131LKc,31-2
2Xt131Lvc,31-6
2Xt131MYc,31-2
2Xt131NBc,31-6
2Xt1435jw,43-1
2Xt14368w,43-3
2Xt1436Xw,43-2
2Xt14370S,43-4
2Xt1437RS,43-1
2Xt1437sS,43-3
2Xt1438LS,43-2
2Xt1438mS,43-4
2Xt1439Fw,43-1
2Xt1439ew,43-3
2Xt143A6w,43-2
2Xt143AVw,43-4
2Xt143Auw,43-1
2Xt143BLw,43-3
2Xt143Bkw,43-2
2Xt143CBw,43-4
2Xt143Caw,43-1
2Xt143D1w,43-3
2Xt143DQw,43-2
2Xt143Dpw,43-4
2Xt143EGw,43-1
2Xt143EgS,43-3
2Xt143F8S,43-2
2Xt143Faw,43-4
2Xt143G4w,43-1
2Xt143GWw,43-3
2Xt143H0w,43-2
2Xt143HTw,43-4
2Xt143Htw,43-1
2Xt143INS,43-3
2Xt143IoS,43-2
2Xt143JNw,43-4
2Xt143Juw,43-5
2Xt143KTw,43-2
2Xt143L1w,43-4
2Xt143LYw,43-5
2Xt143M6w,43-2
2Xt143Mbw,43-4
2Xt1FX35Zj,3-3
2Xt1FX35oj,3-7
2Xt1FX365L,3-10
2Xt1FX36HL,3-13
2Xt1FX36TL,3-1
2Xt1FX36fL,3-15
2Xt1FX36kL,3-18
2Xt1FX36qL,3-19
2Xt1FX36vL,3-2
2Xt1FX373L,3-23
2Xt1FX377u,3-24
2Xt1FX37Cu,3-27
2Xt1FX37Hu,3-4
2Xt1FX37Mu,3-28
2Xt1FX37Su,3-8
2Xt1FX37Xu,3-31
2Xt1FX37cu,3-11
2Xt1FX37hu,3-32
2Xt1FX37nu,3-14
2Xt1FX37tu,3-33
2Xt1FX381u,3-6
2Xt1FX387u,3-9
2Xt1FX38Du,3-5
2Xt1FX38Iu,3-17
2Xt1FX38Ou,3-3
2Xt1FX38Tu,3-21
2Xt1FX38Zu,3-20
2Xt1FX38eu,3-7
2Xt1FX38ju,3-26
2Xt1FX38ou,3-16
2Xt1FX390u,3-22
2Xt1FX39Bu,3-13
2Xt1FX39Lu,3-1
2Xt1FX39Wu,3-15
2Xt1FX39iu,3-19
2Xt1FX39tu,3-23
2Xt1FX3A6u,3-27
2Xt1FX3AHu,3-28
2Xt1FX3ASu,3-31
2Xt1FX3Adu,3-32
2Xt1FX3Aou,3-33
2Xt1FX3B0u,3-9
2Xt1FX3BBu,3-17
2Xt1FX3BMu,3-21
2Xt1FX3BXu,3-7
2Xt1FX3Bhu,3-16
2Xt1FX3Bsu,3-22
2Xt1FX3C5u,3-13
2Xt1FX3CFu,3-1
2Xt1FX3CQu,3-15
2Xt1FX3Cbu,3-19
2Xt1FX3Clu,3-23
2Xt1FX3Cwu,3-27
2Xt1FX3D9u,3-28
2Xt1FX3DKu,3-31
2Xt1FX3DVu,3-32
2Xt1FX3Dgu,3-33
2Xt1FX3Dru,3-9
2Xt1FX3E5u,3-17
2Xt1FX3EGu,3-21
2Xt1FX3ESu,3-7
2Xt1FX3Ecu,3-16
2Xt1FX3Epu,3-22
2Xt1FX3F3u,3-13
2Xt1FX3FEW,3-1
2Xt1FX3FQW,3-41
2Xt1FX3FcW,3-12
2Xt1FX3FiW,3-19
2Xt1FX3FnW,3-23
2Xt1FX3FtW,3-44
2Xt1FX3G1W,3-34
2Xt1FX3G7W,3-46
2Xt1FX3GDW,3-27
2Xt1FX3GJW,3-49
2Xt1FX3GPW,3-28
2Xt1FX3GVW,3-31
2Xt1FX3GcW,3-32
2Xt1FX3GiW,3-36
2Xt1FX3GoW,3-33
2Xt1FX3GuW,3-37
2Xt1FX3H2W,3-9
2Xt1FX3H8W,3-39
2Xt1FX3HFW,3-17
2Xt1FX3HMW,3-42
2Xt1FX3HSW,3-21
2Xt1FX3HYW,3-43
2Xt1FX3HfW,3-7
2Xt1FX3HnW,3-38
2Xt1FX3HuW,3-16
2Xt1FX3I1W,3-48
2Xt1FX3I7W,3-22
2Xt1FX3IDW,3-35
2Xt1FX3IKW,3-45
2Xt1FX3IQW,3-1
2Xt1FX3IdW,3-41
2Xt1FX3IqW,3-12
2Xt1FX3J5W,3-44
2Xt1FX3JHu,3-46
2Xt1FX3Jgu,3-31
2Xt1FX3K8L,3-9
2Xt1FX3KVL,3-43
2Xt1FX3Ksj,3-38
2Xt1FX3LHj,3-35
2Xt1FX3Lej,3-12
2Xt1FX3M4j,3-46
2Xt1FX3MRj,3-31
2Xt1FX3Moj,3-9
2Xt1FX3NCj,3-43
2Xt1FX3NYj,3-38
2Xt1FX3Nuj,3-35
2Xt1FX3OHj,3-12
2Xt1FX3Odj,3-46
2Xt1FX3P1j,3-31
2Xt1FX3PNj,3-9
2Xt2315sc,31-1
2Xt2316Vc,31-2
2Xt23178c,31-1
2Xt2317jc,31-2
2Xt2318Nc,31-1
2Xt23190c,31-2
2Xt2319cc,31-1
2Xt231AGc,31-2
2Xt231Atc,31-1
2Xt231BYc,31-2
2Xt231CEc,31-1
2Xt231Crc,31-2
2Xt231DXc,31-1
2Xt231ECc,31-2
2Xt231Eqc,31-1
2Xt231FVc,31-2
2Xt231GBc,31-1
2Xt231Goc,31-2
2Xt231HUc,31-1
2Xt231I9c,31-2
2Xt231Imc,31-1
2Xt231JRc,31-2
2Xt231K6c,31-1
2Xt231Kic,31-2
2Xt231LMc,31-1
2Xt231Lxc,31-2
2Xt231Mac,31-1
2Xt231NDc,31-2
2Xt2436Kw,43-2
2Xt2436qw,43-1
2Xt2437Ow,43-3
2Xt2437uw,43-2
2Xt2438TS,43-1
2Xt24391S,43-3
2Xt2439XS,43-2
2Xt243A6S,43-1
2Xt243AdS,43-3
2Xt243BBw,43-2
2Xt243Biw,43-1
2Xt243CHw,43-3
2Xt243Cpw,43-2
2Xt243DOw,43-1
2Xt243Dww,43-3
2Xt243EWw,43-2
2Xt243F5w,43-1
2Xt243Fdw,43-3
2Xt243GDw,43-2
2Xt243Gkw,43-1
2Xt243HKw,43-3
2Xt243Hsw,43-2
2Xt243IRS,43-1
2Xt243J1S,43-3
2Xt243JYw,43-2
2Xt243K8w,43-1
2Xt243Kfw,43-3
2Xt243LDw,43-2
2Xt2FX35jj,3-1
2Xt2FX366j,3-3
2Xt2FX36Sj,3-5
2Xt2FX36oj,3-7
2Xt2FX37Cj,3-2
2Xt2FX37Yj,3-6
2Xt2FX37uj,3-4
2Xt2FX38Ij,3-1
2Xt2FX38dj,3-3
2Xt2FX391j,3-5
2Xt2FX39Oj,3-7
2Xt2FX39hj,3-8
2Xt2FX3A1j,3-2
2Xt2FX3AIL,3-6
2Xt2FX3AYu,3-4
2Xt2FX3Aou,3-10
2Xt2FX3B6u,3-1
2Xt2FX3BLu,3-3
2Xt2FX3Bbu,3-9
2Xt2FX3Bsu,3-5
2Xt2FX3CBu,3-7
2Xt2FX3CRu,3-8
2Xt2FX3Ciu,3-2
2Xt2FX3D1u,3-6
2Xt2FX3DIu,3-4
2Xt2FX3DZu,3-10
2Xt2FX3Dpu,3-1
2Xt2FX3E7u,3-3
2Xt2FX3EOu,3-9
2Xt2FX3Efu,3-5
2Xt2FX3Ewu,3-7
2Xt2FX3FFu,3-8
2Xt2FX3FWu,3-2
2Xt2FX3Fnu,3-6
2Xt2FX3G6u,3-4
2Xt2FX3GNu,3-10
2Xt2FX3Gdu,3-1
2Xt2FX3Gtu,3-3
2Xt2FX3HCu,3-9
2Xt2FX3HTu,3-5
2Xt2FX3Hku,3-7
2Xt2FX3I3u,3-8
2Xt2FX3IKu,3-2
2Xt2FX3Ibu,3-6
2Xt2FX3Isu,3-4
2Xt2FX3JBu,3-10
2Xt2FX3JRu,3-1
2Xt2FX3Jju,3-3
2Xt2FX3K7L,3-9
2Xt2FX3KVL,3-7
2Xt2FX3Kuj,3-8
2Xt2FX3LKj,3-6
2Xt2FX3Lgj,3-4
2Xt2FX3M4j,3-10
2Xt2FX3MRj,3-3
2Xt2FX3Moj,3-9
2Xt2FX3NCj,3-7
2Xt2FX3NZj,3-8
2Xt2FX3Nwj,3-6
2Xt2FX3OJj,3-4
2Xt2FX3Oej,3-10
2Xt2FX3P1j,3-3
2Xt2FX3PNj,3-9
2Xt3316pc,31-1
2Xt33184c,31-1
2Xt3319Hc,31-1
2Xt331AVc,31-1
2Xt331B9c,31-2
2Xt331Blc,31-1
2Xt331CQc,31-2
2Xt331D4c,31-1
2Xt331Dhc,31-2
2Xt331ELc,31-1
2Xt331F0c,31-2
2Xt331Fcc,31-1
2Xt331GHc,31-2
2Xt331Gtc,31-1
2Xt331HYc,31-2
2Xt331ICc,31-1
2Xt331JSc,31-1
2Xt331Kic,31-1
2Xt331Lxc,31-1
2Xt3436lw,43-1
2Xt3437aw,43-2
2Xt3438PS,43-1
2Xt3439DS,43-2
2Xt343A2S,43-1
2Xt343ApS,43-2
2Xt343Bew,43-1
2Xt343CUw,43-2
2Xt343DLw,43-1
2Xt343EBw,43-2
2Xt343F2w,43-1
2Xt343Fqw,43-2
2Xt343Ghw,43-1
2Xt343HXw,43-2
2Xt343IOS,43-1
2Xt343JDw,43-2
2Xt343K2w,43-1
2Xt343Kow,43-2
2Xt3FX368j,3-1
2Xt3FX36cj,3-3
2Xt3FX379j,3-5
2Xt3FX37ej,3-2
2Xt3FX38Aj,3-4
2Xt3FX38gj,3-1
2Xt3FX39Dj,3-3
2Xt3FX39Xj,3-6
2Xt3FX39rj,3-5
2Xt3FX3ADL,3-8
2Xt3FX3AYL,3-2
2Xt3FX3Aru,3-4
2Xt3FX3BDu,3-7
2Xt3FX3BXu,3-1
2Xt3FX3Bru,3-3
2Xt3FX3CEu,3-6
2Xt3FX3CZu,3-5
2Xt3FX3Cuu,3-8
2Xt3FX3DHu,3-2
2Xt3FX3Dcu,3-4
2Xt3FX3Dxu,3-7
2Xt3FX3EKu,3-1
2Xt3FX3Efu,3-3
2Xt3FX3F2u,3-6
2Xt3FX3FNu,3-5
2Xt3FX3Fiu,3-8
2Xt3FX3G5u,3-2
2Xt3FX3GQu,3-4
2Xt3FX3Glu,3-7
2Xt3FX3H8u,3-1
2Xt3FX3HTu,3-3
2Xt3FX3Hou,3-6
2Xt3FX3IBu,3-5
2Xt3FX3IWu,3-8
2Xt3FX3Iru,3-2
2Xt3FX3JEu,3-4
2Xt3FX3Jeu,3-7
2Xt3FX3K8L,3-1
2Xt3FX3KZL,3-6
2Xt3FX3L2j,3-5
2Xt3FX3LTj,3-8
2Xt3FX3Luj,3-4
2Xt3FX3MNj,3-7
2Xt3FX3Mnj,3-1
2Xt3FX3NFj,3-6
2Xt3FX3Nfj,3-5
2Xt3FX3O8j,3-8
2au1BLUE5Ah,1-6
2au1BLUE5Kh,1-12
2au1BLUE5Th,1-17
2au1BLUE5ch,1-19
2au1BLUE5lh,1-5
2au1BLUE5sh,1-3
2au1BLUE60h,162-2
2au1BLUE66h,1-9
2au1BLUE6Ch,1-13
2au1BLUE6Ih,1-15
2au1BLUE6Oh,1-21
2au1BLUE6Uh,1-8
2au1BLUE6Zh,74-1
2au1BLUE6g6,1-1
2au1BLUE6l6,1-24
2au1BLUE6r6,1-23
2au1BLUE6x6,1-25
2au1BLUE74U,1-2
2au1BLUE7BU,1-7
2au1BLUE7IU,1-26
2au1BLUE7OU,1-6
2au1BLUE7UU,1-10
2au1BLUE7aU,1-12
2au1BLUE7gU,1-37
2au1BLUE7mU,1-14
2au1BLUE7sU,1-40
2au1BLUE80U,1-5
2au1BLUE86r,1-44
2au1BLUE8Cr,1-39
2au1BLUE8Jr,1-22
2au1BLUE8Pr,1-9
2au1BLUE8Vr,1-27
2au1BLUE8br,1-46
2au1BLUE8hr,1-13
2au1BLUE8nr,1-33
2au1BLUE8tr,1-42
2au1BLUE90r,1-50
2au1BLUE96r,1-8
2au1BLUE9Cr,1-16
2au1BLUE9Ir,1-38
2au1BLUE9Pr,1-45
2au1BLUE9Wr,1-23
2au1BLUE9cr,1-43
2au1BLUE9ir,1-2
2au1BLUE9or,1-6
2au1BLUE9ur,1-7
2au1BLUEA2r,1-30
2au1BLUEA8r,1-10
2au1BLUEAEr,1-3
2au1BLUEAKr,1-12
2au1BLUEAQr,1-5
2au1BLUEAWr,1-37
2au1BLUEAcr,1-44
2au1BLUEAir,1-51
2au1BLUEAnr,1-22
2au1BLUEAtr,1-39
2au1BLUEB1r,1-27
2au1BLUEB7r,1-9
2au1BLUEBDr,1-13
2au1BLUEBJr,1-46
2au1BLUEBPr,1-42
2au1BLUEBVr,1-33
2au1BLUEBbr,1-8
2au1BLUEBgr,1-50
2au1BLUEBmr,1-38
2au1BLUEBrr,1-16
2au1BLUEBxr,1-23
2au1BLUEC5r,1-45
2au1BLUECBr,1-2
2au1BLUECIr,1-43
2au1BLUECOr,1-7
2au1BLUECUr,1-6
2au1BLUECar,1-10
2au1BLUECgr,1-30
2au1BLUECmr,1-12
2au1BLUECsr,1-3
2au1BLUED0r,1-37
2au1BLUED6r,1-5
2au1BLUEDCr,1-51
2au1BLUEDJr,1-44
2au1BLUEDPr,1-39
2au1BLUEDVr,1-22
2au1BLUEDbr,1-9
2au1BLUEDhr,1-27
2au1BLUEDnr,1-46
2au1BLUEDtr,1-13
2au1BLUEE1r,1-33
2au1BLUEE7r,1-42
2au1BLUEEDr,1-50
2au1BLUEEJr,1-8
2au1BLUEEPr,1-16
2au1BLUEEVr,1-38
2au1BLUEEbr,1-45
2au1BLUEEhr,1-23
2au1BLUEEnr,1-43
2au1BLUEEur,1-2
2au1BLUEF1r,1-6
2au1BLUEF7r,3-35
2au1BLUEFCr,1-30
2au1BLUEFHr,1-7
2au1BLUEFMr,1-54
2au1BLUEFQr,1-10
2au1BLUEFVr,1-55
2au1BLUEFZr,1-12
2au1BLUEFdr,1-5
2au1BLUEFhr,16-19
2au1BLUEFlr,15-17
2au1BLUEFpr,1-37
2au1BLUEFtr,70-8
2au1BLUEFxr,1-59
2au1BLUEG3r,1-22
2au1BLUEG7r,1-51
2au1BLUEGBr,1-64
2au1BLUEGFr,1-39
2au1BLUEGJr,177-2
2au1BLUEGNr,1-65
2au1BLUEGRr,17-4
2au1BLUEGVr,1-9
2au1BLUEGZr,1-72
2au1BLUEGdr,1-58
2au1BLUEGhr,1-33
2au1BLUEGlr,1-61
2au1BLUEGpr,1-75
2au1BLUEGtr,1-63
2au1BLUEGxr,1-76
2au1BLUEH3r,1-42
2au1BLUEH7r,1-16
2au1BLUEHBr,1-53
2au1BLUEHEr,1-60
2au1BLUEHIr,1-71
2au1BLUEHMr,1-68
2au1BLUEHQr,1-38
2au1BLUEHUr,1-43
2au1BLUEHYr,1-57
2au1BLUEHcr,74-3
2au1BLUEHgr,1-44
2au1BLUEHkr,8-39
2au1BLUEHpr,1-62
2au1BLUEHtr,1-30
2au1BLUEHxr,1-78
2au1BLUEI5U,1-54
2au1BLUEIBU,1-66
2au1BLUEIHU,1-12
2au1BLUEINU,1-55
2au1BLUEIUU,1-7
2au1BLUEIc6,1-51
2au1BLUEIj6,179-5
2au1BLUEIr6,1-59
2au1BLUEJ26,10-7
2au1BLUEJB6,1-8
2au1BLUEJK6,1-75
2au1BLUEJU6,1-50
2au1BLUEJe6,1-16
2au1BLUEJo6,1-60
2au1BLUEK16,1-74
2au1BLUEKC6,74-3
2au1BLUEKN6,9-15
2au1BLUEKY6,1-30
2au1BLUEKj6,1-7
2au1BLUEKu6,1-55
2au1BLUEL76,74-17
2au1BLUELI6,1-59
2au1BLUELV6,1-75
2au1BLUELi6,1-8
2au1BLUELw6,1-16
2au1BLUEMC6,1-60
2au1BLUEMQ6,6-20
2au1BLUEMe6,74-3
2au1BLUEMs6,171-5
2au1BLUEN8h,74-2
2au1BLUENMh,74-17
2au1BLUENbh,1-59
2au1BLUENqh,28-10
2au1BLUEO7h,15-1
2au1BLUEOLh,1-74
2au1BLUEOZh,1-60
2au1BLUEOoh,6-20
2au1BLUEP5h,171-5
2au1BLUEPKh,74-2
2au1BLUEPah,74-17
2au1D145k8,14-1
2au1D146B8,14-2
2au1D146Z8,14-4
2au1D146wd,14-3
2au1D147Cd,14-7
2au1D147Pd,14-5
2au1D147eA,14-8
2au1D147rA,14-1
2au1D1486A,14-6
2au1D148JA,14-2
2au1D148WA,14-9
2au1D148jA,14-4
2au1D148wA,14-10
2au1D149BA,14-3
2au1D149aA,14-5
2au1D14A0d,14-1
2au1D14APd,14-2
2au1D14Aod,14-4
2au1D14BFd,14-3
2au1D14Bed,14-5
2au1D14C5d,14-1
2au1D14CUd,14-2
2au1D14Ctd,14-4
2au1D14DKd,14-3
2au1D14Dkd,14-5
2au1D14EBd,14-1
2au1D14Ead,14-2
2au1D14F2d,14-4
2au1D14FHd,14-11
2au1D14FVd,14-3
2au1D14FjA,14-12
2au1D14FxA,14-5
2au1D14GDA,14-13
2au1D14GRA,14-1
2au1D14GfA,14-14
2au1D14GtA,14-2
2au1D14H9A,162-3
2au1D14HNA,14-4
2au1D14HcA,14-11
2au1D14HqA,14-3
2au1D14I6A,14-12
2au1D14IJA,14-5
2au1D14IWA,14-13
2au1D14IkA,14-1
2au1D14JAd,14-2
2au1D14JXd,14-4
2au1D14Ju8,14-3
2au1D14KK8,14-5
2au1D14Ki8,14-1
2au1D14L88,14-2
2au1D14LT8,14-4
2au1D14Lp8,14-3
2au1D14Ma8,14-1
2au1D155Vq,15-7
2au1D155nq,15-4
2au1D1568q,15-6
2au1D156Sq,15-10
2au1D156nI,15-5
2au1D1570I,15-12
2au1D157Ai,15-2
2au1D157Li,15-14
2au1D157Vi,15-1
2au1D157gi,22-3
2au1D157ri,15-8
2au1D158Ei,15-7
2au1D158Zi,15-4
2au1D158ti,15-6
2au1D159Gi,15-10
2au1D159bi,15-5
2au1D159wi,15-9
2au1D15AJi,15-1
2au1D15Aei,15-3
2au1D15B1i,15-7
2au1D15BMi,15-4
2au1D15Bhi,15-6
2au1D15C4i,15-10
2au1D15COi,15-5
2au1D15Cji,15-9
2au1D15D6i,15-1
2au1D15DRi,15-3
2au1D15DnA,15-7
2au1D15EBA,15-4
2au1D15EXA,15-6
2au1D15Eua,15-10
2au1D15FJa,15-5
2au1D15FVa,15-20
2au1D15Fha,15-9
2au1D15Fta,15-22
2au1D15G6a,15-1
2au1D15GIa,15-23
2au1D15GUa,15-3
2au1D15Gga,15-16
2au1D15Gra,15-7
2au1D15H5a,8-45
2au1D15HHa,15-4
2au1D15HTa,8-42
2au1D15HfA,15-6
2au1D15HqA,15-9
2au1D15I3i,15-10
2au1D15IEi,9-21
2au1D15IOi,15-5
2au1D15Iii,15-17
2au1D15J4i,15-1
2au1D15JOi,15-19
2au1D15Jii,15-7
2au1D15K4I,15-4
2au1D15KOI,15-6
2au1D15KhI,15-10
2au1D15L1I,15-5
2au1D15LcI,15-1
2au1D15MFq,15-7
2au1D15Mqq,15-6
2au1D15NTq,15-5
2au1FX45Kk,4-5
2au1FX45Wk,4-8
2au1FX45ik,4-2
2au1FX45wk,4-6
2au1FX46Bk,4-3
2au1FX46Mk,4-4
2au1FX46X5,4-1
2au1FX46h5,4-10
2au1FX46p5,4-11
2au1FX46w5,4-5
2au1FX4745,4-12
2au1FX47A5,4-8
2au1FX47G5,4-14
2au1FX47M5,4-2
2au1FX47S5,4-7
2au1FX47XN,4-9
2au1FX47dN,4-17
2au1FX47jN,4-6
2au1FX47oN,4-18
2au1FX47tN,4-3
2au1FX480N,4-20
2au1FX485N,4-4
2au1FX48AN,4-13
2au1FX48GN,4-1
2au1FX48LN,4-15
2au1FX48QN,4-10
2au1FX48VN,4-16
2au1FX48bN,4-11
2au1FX48gN,4-5
2au1FX48mN,4-12
2au1FX48wN,4-8
2au1FX498N,4-2
2au1FX49JN,4-9
2au1FX49UN,4-6
2au1FX49fN,4-3
2au1FX49oN,4-4
2au1FX4A0N,4-1
2au1FX4A9N,4-10
2au1FX4AJN,4-11
2au1FX4AUN,4-12
2au1FX4AeN,4-8
2au1FX4ApN,4-2
2au1FX4B2N,4-9
2au1FX4BCN,4-6
2au1FX4BMN,4-3
2au1FX4BVN,4-4
2au1FX4Bfg,4-1
2au1FX4Bog,4-10
2au1FX4C0g,4-11
2au1FX4CBg,4-12
2au1FX4CLg,4-8
2au1FX4CWg,4-2
2au1FX4Chg,4-9
2au1FX4Csg,4-6
2au1FX4D4g,4-3
2au1FX4DFg,4-4
2au1FX4DQg,4-1
2au1FX4Dag,4-10
2au1FX4Dlg,4-11
2au1FX4Dwg,4-12
2au1FX4E9g,4-8
2au1FX4EKg,4-2
2au1FX4EVg,4-9
2au1FX4Ehg,4-6
2au1FX4Esg,4-3
2au1FX4F5g,4-4
2au1FX4FHg,4-1
2au1FX4FNg,4-22
2au1FX4FSg,4-10
2au1FX4FYg,4-25
2au1FX4Feg,4-11
2au1FX4Fkg,4-27
2au1FX4Fpg,4-12
2au1FX4Fug,4-28
2au1FX4G2g,4-8
2au1FX4G9g,145-1
2au1FX4GFg,4-26
2au1FX4GLg,4-2
2au1FX4GRg,4-9
2au1FX4GXg,4-24
2au1FX4Gdg,4-6
2au1FX4Gjg,4-21
2au1FX4Gpg,4-3
2au1FX4Gvg,4-23
2au1FX4H3g,4-4
2au1FX4H9g,8-43
2au1FX4HFg,4-1
2au1FX4HLg,4-22
2au1FX4HRg,4-10
2au1FX4HXg,4-25
2au1FX4Hdg,4-11
2au1FX4Hjg,4-27
2au1FX4Hog,4-12
2au1FX4Htg,4-28
2au1FX4I1g,4-8
2au1FX4I7g,145-1
2au1FX4IDg,4-26
2au1FX4IJg,4-2
2au1FX4IOg,4-9
2au1FX4IUg,4-24
2au1FX4IZg,4-6
2au1FX4Ifg,4-21
2au1FX4Ikg,4-3
2au1FX4Ivg,4-4
2au1FX4J8g,4-1
2au1FX4JJg,4-10
2au1FX4JVg,4-25
2au1FX4Jig,4-12
2au1FX4Jvg,4-8
2au1FX4KBg,4-9
2au1FX4KWg,4-3
2au1FX4Krg,4-1
2au1FX4LDN,4-10
2au1FX4LXN,4-12
2au1FX4LrN,4-9
2au1FX4MD5,4-3
2au1FX4MZ5,4-1
2au1FX4Mw5,4-10
2au1FX4NL5,4-12
2au1FX4Ni5,4-3
2au1FX4O75,4-1
2au1FX4OT5,4-10
2au1FX4Opk,4-12
2au1FX4PEk,4-3
2au1FX4Pak,4-1
2au2BLUE5Ch,1-2
2au2BLUE5Qh,1-3
2au2BLUE5dh,1-7
2au2BLUE5qh,1-8
2au2BLUE66h,1-10
2au2BLUE6Jh,1-5
2au2BLUE6Xh,1-6
2au2BLUE6kh,1-9
2au2BLUE70h,1-4
2au2BLUE7Eh,1-1
2au2BLUE7Th,1-2
2au2BLUE7hh,1-3
2au2BLUE7vh,1-7
2au2BLUE8Bh,1-8
2au2BLUE8Ph,1-10
2au2BLUE8ch,1-5
2au2BLUE8ph,1-6
2au2BLUE93h,1-9
2au2BLUE9Fh,1-11
2au2BLUE9Qh,1-1
2au2BLUE9c6,1-4
2au2BLUE9n6,1-12
2au2BLUEA06,1-2
2au2BLUEAB6,1-3
2au2BLUEAL6,1-7
2au2BLUEAW6,1-8
2au2BLUEAg6,1-13
2au2BLUEAq6,1-5
2au2BLUEB26,1-10
2au2BLUEBC6,1-14
2au2BLUEBM6,1-6
2au2BLUEBW6,1-9
2au2BLUEBg6,1-11
2au2BLUEBq6,1-1
2au2BLUEC26,1-15
2au2BLUECBU,1-12
2au2BLUECLU,1-4
2au2BLUECVU,1-3
2au2BLUECfU,1-2
2au2BLUECpU,1-8
2au2BLUED2U,1-7
2au2BLUEDDU,1-5
2au2BLUEDNU,1-13
2au2BLUEDXU,1-14
2au2BLUEDhU,1-10
2au2BLUEDrU,1-9
2au2BLUEE3U,1-6
2au2BLUEEEU,1-1
2au2BLUEEOU,1-11
2au2BLUEEYU,1-12
2au2BLUEEiU,1-15
2au2BLUEEsU,1-3
2au2BLUEF4U,1-4
2au2BLUEFEU,1-8
2au2BLUEFPU,1-2
2au2BLUEFaU,1-5
2au2BLUEFlU,1-7
2au2BLUEFvU,1-14
2au2BLUEG7U,1-13
2au2BLUEGIU,1-9
2au2BLUEGSU,1-10
2au2BLUEGdU,1-1
2au2BLUEGnU,1-6
2au2BLUEGxU,1-12
2au2BLUEH9U,1-11
2au2BLUEHJU,1-3
2au2BLUEHTU,1-15
2au2BLUEHd6,1-8
2au2BLUEHo6,1-4
2au2BLUEI16,1-5
2au2BLUEIB6,1-2
2au2BLUEIL6,1-14
2au2BLUEIV6,1-7
2au2BLUEIg6,1-9
2au2BLUEIq6,1-13
2au2BLUEJ26,1-1
2au2BLUEJD6,1-10
2au2BLUEJO6,1-12
2au2BLUEJZh,1-6
2au2BLUEJoh,1-3
2au2BLUEK6h,1-15
2au2BLUEKLh,1-4
2au2BLUEKah,1-5
2au2BLUEKqh,1-14
2au2BLUEL8h,1-9
2au2BLUELNh,1-1
2au2BLUELdh,1-10
2au2BLUELsh,8-6
2au2BLUEM9h,1-3
2au2BLUEMOh,8-8
2au2BLUEMdh,1-4
2au2BLUEMsh,1-5
2au2BLUEN9h,1-14
2au2BLUENNh,1-9
2au2BLUENbh,1-1
2au2BLUENqh,1-10
2au2BLUEO7h,8-6
2au2BLUEOLh,1-3
2au2BLUEOZh,8-8
2au2BLUEOoh,1-4
2au2BLUEP5h,1-5
2au2BLUEPKh,1-14
2au2BLUEPah,1-9
2au2D146K8,14-1
2au2D146n8,14-3
2au2D147J8,14-2
2au2D147m8,14-4
2au2D148I8,14-1
2au2D148m8,14-3
2au2D149C8,14-5
2au2D149ad,14-2
2au2D14A1d,14-4
2au2D14APd,14-1
2au2D14And,14-3
2au2D14BEd,14-5
2au2D14Bdd,14-2
2au2D14C5d,14-4
2au2D14CUd,14-1
2au2D14Ctd,14-3
2au2D14DKd,14-5
2au2D14Djd,14-2
2au2D14EBd,14-4
2au2D14Ead,14-1
2au2D14F1d,14-3
2au2D14FQd,14-5
2au2D14Fpd,14-2
2au2D14GHd,14-4
2au2D14Ggd,14-1
2au2D14H7d,14-3
2au2D14HWd,14-5
2au2D14Hvd,14-2
2au2D14INd,14-4
2au2D14Imd,14-1
2au2D14JDd,14-3
2au2D14Jc8,14-5
2au2D14K28,14-2
2au2D14KQ8,14-4
2au2D14Kp8,14-1
2au2D14LF8,14-3
2au2D14Lc8,14-5
2au2D14MQ8,14-4
2au2D1569I,15-2
2au2D156mI,15-4
2au2D157QI,15-1
2au2D1585i,15-3
2au2D158ii,15-2
2au2D159Ni,15-4
2au2D159lA,15-6
2au2D15ABA,15-1
2au2D15AYA,15-5
2au2D15AwA,15-3
2au2D15BMA,15-7
2au2D15BjA,15-2
2au2D15C9A,15-4
2au2D15CXA,15-6
2au2D15CvA,15-1
2au2D15DMA,15-5
2au2D15DlA,15-3
2au2D15EBA,15-7
2au2D15EZA,15-2
2au2D15ExA,15-4
2au2D15FNA,15-6
2au2D15FlA,15-1
2au2D15GCA,15-5
2au2D15GbA,15-3
2au2D15H1A,15-7
2au2D15HPA,15-2
2au2D15HnA,15-4
2au2D15IDA,15-6
2au2D15IbA,15-1
2au2D15J1A,15-5
2au2D15JPA,15-3
2au2D15Jmi,15-7
2au2D15KAi,15-2
2au2D15KYI,15-4
2au2D15KwI,15-6
2au2D15LNI,15-1
2au2D15LnI,15-5
2au2D15MQI,15-7
2au2D15N4I,15-4
2au2FX45jN,4-4
2au2FX469N,4-1
2au2FX46WN,4-2
2au2FX46tN,4-3
2au2FX47IN,4-4
2au2FX47fN,4-1
2au2FX485N,4-2
2au2FX48SN,4-3
2au2FX48pg,4-4
2au2FX49Gg,4-1
2au2FX49eg,4-2
2au2FX49xg,4-5
2au2FX4AGg,4-3
2au2FX4AWg,4-4
2au2FX4Ang,4-6
2au2FX4B6g,4-1
2au2FX4BNg,4-2
2au2FX4Beg,4-5
2au2FX4Bvg,4-3
2au2FX4CE1,4-4
2au2FX4CV1,4-6
2au2FX4Cm1,4-1
2au2FX4D51,4-2
2au2FX4DM1,4-5
2au2FX4Dd1,4-3
2au2FX4Du1,4-4
2au2FX4ED1,4-6
2au2FX4EU1,4-1
2au2FX4El1,4-2
2au2FX4F41,4-5
2au2FX4FL1,4-3
2au2FX4Fc1,4-4
2au2FX4Ft1,4-6
2au2FX4GC1,4-1
2au2FX4GT1,4-2
2au2FX4Gk1,4-5
2au2FX4H31,4-3
2au2FX4HK1,4-4
2au2FX4Hb1,4-6
2au2FX4Hs1,4-1
2au2FX4IB1,4-2
2au2FX4IS1,4-5
2au2FX4Ij1,4-3
2au2FX4J21,4-4
2au2FX4JI1,4-6
2au2FX4JZ1,4-1
2au2FX4Jpg,4-2
2au2FX4K8g,4-5
2au2FX4KWg,4-3
2au2FX4Kug,4-6
2au2FX4LKg,4-1
2au2FX4Lig,4-5
2au2FX4M8g,4-3
2au2FX4MWg,4-6
2au2FX4MuN,4-1
2au2FX4NKN,4-5
2au2FX4NhN,4-3
2au2FX4O6N,4-6
2au2FX4OSN,4-1
2au2FX4OpN,4-5
2au2FX4PEN,4-3
2au2FX4PbN,4-6
2au3BLUE60h,1-5
2au3BLUE6Eh,1-7
2au3BLUE6Sh,1-2
2au3BLUE6gh,1-4
2au3BLUE6th,1-1
2au3BLUE79h,1-10
2au3BLUE7Oh,1-6
2au3BLUE7ch,1-8
2au3BLUE7qh,1-9
2au3BLUE86h,1-3
2au3BLUE8Kh,1-5
2au3BLUE8Xh,1-7
2au3BLUE8kh,1-2
2au3BLUE8wh,1-4
2au3BLUE9Ah,1-11
2au3BLUE9Lh,1-10
2au3BLUE9X6,1-1
2au3BLUE9i6,1-12
2au3BLUE9t6,1-6
2au3BLUEA66,1-8
2au3BLUEAG6,1-9
2au3BLUEAR6,1-3
2au3BLUEAc6,1-13
2au3BLUEAn6,1-7
2au3BLUEB06,1-5
2au3BLUEBD6,1-4
2au3BLUEBO6,1-2
2au3BLUEBa6,1-10
2au3BLUEBm6,1-11
2au3BLUEC06,1-12
2au3BLUECBU,1-1
2au3BLUECNU,1-8
2au3BLUECZU,1-6
2au3BLUEClU,1-3
2au3BLUECxU,1-9
2au3BLUEDAU,1-7
2au3BLUEDMU,1-13
2au3BLUEDYU,1-4
2au3BLUEDkU,1-5
2au3BLUEDvU,1-10
2au3BLUEE9U,1-2
2au3BLUEELU,1-12
2au3BLUEEXU,1-11
2au3BLUEEjU,1-8
2au3BLUEEvU,1-1
2au3BLUEF9U,1-3
2au3BLUEFLU,1-6
2au3BLUEFXU,1-7
2au3BLUEFkU,1-9
2au3BLUEFwU,1-4
2au3BLUEGAU,1-13
2au3BLUEGMU,1-10
2au3BLUEGYU,1-5
2au3BLUEGkU,1-12
2au3BLUEGwU,1-2
2au3BLUEHAU,1-8
2au3BLUEHMU,1-11
2au3BLUEHY6,1-3
2au3BLUEHk6,1-1
2au3BLUEHw6,1-7
2au3BLUEIA6,1-6
2au3BLUEIM6,1-4
2au3BLUEIZ6,1-9
2au3BLUEIm6,1-10
2au3BLUEJ26,1-13
2au3BLUEJH6,1-12
2au3BLUEJWh,1-2
2au3BLUEJlh,1-8
2au3BLUEK2h,1-11
2au3BLUEKHh,1-1
2au3BLUEKXh,1-7
2au3BLUEKnh,1-4
2au3BLUEL5h,1-9
2au3BLUELKh,1-10
2au3BLUELah,1-12
2au3BLUELph,8-7
2au3BLUEM6h,1-8
2au3BLUEMKh,8-8
2au3BLUEMZh,1-1
2au3BLUEMoh,1-7
2au3BLUEN4h,1-4
2au3BLUENJh,1-9
2au3BLUENXh,1-10
2au3BLUENmh,1-12
2au3BLUEO4h,8-7
2au3BLUEOLh,1-8
2au3D146t8,14-3
2au3D147Y8,14-2
2au3D148D8,14-1
2au3D148r8,14-3
2au3D149Xd,14-2
2au3D14ADd,14-1
2au3D14Asd,14-3
2au3D14Bad,14-2
2au3D14CId,14-1
2au3D14D0d,14-3
2au3D14Dgd,14-2
2au3D14EOd,14-1
2au3D14F6d,14-3
2au3D14Fmd,14-2
2au3D14GUd,14-1
2au3D14HCd,14-3
2au3D14Hsd,14-2
2au3D14Iad,14-1
2au3D14JId,14-3
2au3D14Jx8,14-2
2au3D14Kd8,14-1
2au3D14LJ8,14-3
2au3D14Lx8,14-2
2au3D157GI,15-2
2au3D157fi,15-4
2au3D1587i,15-6
2au3D158Xi,15-1
2au3D1590i,15-3
2au3D159Qi,15-5
2au3D159rA,15-2
2au3D15ALA,15-4
2au3D15AmA,15-6
2au3D15BGA,15-1
2au3D15BiA,15-3
2au3D15CBA,15-5
2au3D15CdA,15-2
2au3D15D8A,15-4
2au3D15DaA,15-6
2au3D15E5A,15-1
2au3D15EXA,15-3
2au3D15F1A,15-5
2au3D15FTA,15-2
2au3D15FwA,15-4
2au3D15GQA,15-6
2au3D15GtA,15-1
2au3D15HNA,15-3
2au3D15HpA,15-5
2au3D15IJA,15-2
2au3D15IlA,15-4
2au3D15JFA,15-6
2au3D15Jfi,15-1
2au3D15K7i,15-3
2au3D15KYI,15-5
2au3D15KxI,15-2
2au3D15LZI,15-4
2au3D15MCI,15-1
2au3FX46EN,4-1
2au3FX46jN,4-2
2au3FX47GN,4-3
2au3FX47lN,4-1
2au3FX48JN,4-2
2au3FX48og,4-3
2au3FX49Fg,4-4
2au3FX49eg,4-1
2au3FX4A5g,4-2
2au3FX4AUg,4-3
2au3FX4Atg,4-4
2au3FX4B8g,4-5
2au3FX4BLg,4-1
2au3FX4BYg,4-6
2au3FX4Bkg,4-2
2au3FX4Bxg,4-5
2au3FX4CC1,4-3
2au3FX4CP1,4-6
2au3FX4Cb1,4-4
2au3FX4Co1,4-5
2au3FX4D31,4-1
2au3FX4DG1,4-6
2au3FX4DS1,4-2
2au3FX4Df1,4-5
2au3FX4Ds1,4-3
2au3FX4E71,4-6
2au3FX4EJ1,4-4
2au3FX4EW1,4-5
2au3FX4Ej1,4-1
2au3FX4Ew1,4-6
2au3FX4FA1,4-2
2au3FX4FN1,4-5
2au3FX4Fa1,4-3
2au3FX4Fn1,4-6
2au3FX4G11,4-4
2au3FX4GE1,4-5
2au3FX4GR1,4-1
2au3FX4Ge1,4-6
2au3FX4Gq1,4-2
2au3FX4H51,4-5
2au3FX4HI1,4-3
2au3FX4HV1,4-6
2au3FX4Hh1,4-4
2au3FX4Hu1,4-5
2au3FX4I91,4-1
2au3FX4IM1,4-6
2au3FX4Ia1,4-2
2au3FX4J01,4-3
2au3FX4JP1,4-4
2au3FX4Jng,4-1
2au3FX4KDg,4-2
2au3FX4Kcg,4-3
2au3FX4LBg,4-4
2au3FX4Lhg,4-1
2au3FX4MFg,4-3
2au3FX4MmN,4-4
2au3FX4NIN,4-1
2au3FX4NnN,4-3
2au3FX4OMN,4-4
2bD1BLUE56P,162-1
2bD1BLUE5DP,1-1
2bD1BLUE5JP,74-1
2bD1BLUE5PP,1-2
2bD1BLUE5VP,8-1
2bD1BLUE5bP,1-4
2bD1BLUE5hP,1-7
2bD1BLUE5nP,1-10
2bD1BLUE5tP,1-6
2bD1BLUE61P,1-16
2bD1BLUE66P,1-12
2bD1BLUE6BP,1-20
2bD1BLUE6FP,8-12
2bD1BLUE6KP,1-17
2bD1BLUE6PP,1-18
2bD1BLUE6UP,1-19
2bD1BLUE6YP,1-5
2bD1BLUE6cP,1-22
2bD1BLUE6gP,1-3
2bD1BLUE6kP,16-7
2bD1BLUE6oP,162-2
2bD1BLUE6rP,1-11
2bD1BLUE6vP,1-9
2bD1BLUE70P,1-13
2bD1BLUE74P,1-28
2bD1BLUE78P,1-15
2bD1BLUE7BP,1-29
2bD1BLUE7FP,1-21
2bD1BLUE7JP,1-33
2bD1BLUE7NP,1-8
2bD1BLUE7RP,74-1
2bD1BLUE7VP,1-38
2bD1BLUE7ZP,1-1
2bD1BLUE7dP,1-41
2bD1BLUE7gl,1-24
2bD1BLUE7lP,1-23
2bD1BLUE7pP,1-31
2bD1BLUE7u3,1-25
2bD1BLUE7xP,1-45
2bD1BLUE843,1-2
2bD1BLUE883,1-49
2bD1BLUE8C3,1-7
2bD1BLUE8G3,1-26
2bD1BLUE8K3,15-2
2bD1BLUE8O3,1-6
2bD1BLUE8T3,1-10
2bD1BLUE8X3,1-47
2bD1BLUE8b3,1-12
2bD1BLUE8f3,70-5
2bD1BLUE8k3,1-37
2bD1BLUE8p3,1-14
2bD1BLUE8tP,1-40
2bD1BLUE913,1-5
2bD1BLUE963,1-51
2bD1BLUE9Bf,1-44
2bD1BLUE9Hf,1-39
2bD1BLUE9Mf,1-22
2bD1BLUE9Rf,1-9
2bD1BLUE9Xf,1-27
2bD1BLUE9df,1-46
2bD1BLUE9jf,1-13
2bD1BLUE9pf,1-33
2bD1BLUE9vf,1-42
2bD1BLUEA3f,1-50
2bD1BLUEA9f,1-8
2bD1BLUEAFf,1-16
2bD1BLUEALf,1-38
2bD1BLUEARf,1-45
2bD1BLUEAXf,1-23
2bD1BLUEAdf,1-43
2bD1BLUEAjf,1-2
2bD1BLUEApf,1-6
2bD1BLUEAvf,1-7
2bD1BLUEB3f,1-30
2bD1BLUEB9f,1-10
2bD1BLUEBFf,1-3
2bD1BLUEBLf,1-12
2bD1BLUEBRf,1-5
2bD1BLUEBXf,1-37
2bD1BLUEBdf,1-44
2bD1BLUEBjf,1-51
2bD1BLUEBpf,1-22
2bD1BLUEBvf,1-39
2bD1BLUEC3f,1-27
2bD1BLUEC9f,1-9
2bD1BLUECFf,1-13
2bD1BLUECLf,1-46
2bD1BLUECRf,1-42
2bD1BLUECXf,1-33
2bD1BLUECdf,1-8
2bD1BLUECjf,1-50
2bD1BLUECof,1-38
2bD1BLUECuf,1-16
2bD1BLUED2f,1-23
2bD1BLUED8f,1-45
2bD1BLUEDEf,1-2
2bD1BLUEDLf,1-43
2bD1BLUEDRf,1-7
2bD1BLUEDXf,1-6
2bD1BLUEDef,1-10
2bD1BLUEDkf,1-30
2bD1BLUEDqf,1-12
2bD1BLUEDwf,1-3
2bD1BLUEE4f,1-37
2bD1BLUEEAf,1-5
2bD1BLUEEGf,1-51
2bD1BLUEEMf,1-44
2bD1BLUEESf,1-39
2bD1BLUEEYf,1-22
2bD1BLUEEef,1-9
2bD1BLUEEjf,177-2
2bD1BLUEEqJ,1-27
2bD1BLUEEvJ,1-46
2bD1BLUEF3J,1-13
2bD1BLUEF8J,1-33
2bD1BLUEFEJ,1-42
2bD1BLUEFKJ,1-50
2bD1BLUEFPJ,1-8
2bD1BLUEFVJ,1-16
2bD1BLUEFbJ,1-38
2bD1BLUEFhJ,1-45
2bD1BLUEFmJ,1-23
2bD1BLUEFsJ,1-43
2bD1BLUEG0J,1-62
2bD1BLUEG5J,1-2
2bD1BLUEGBJ,1-6
2bD1BLUEGHJ,1-30
2bD1BLUEGNJ,1-7
2bD1BLUEGTJ,1-54
2bD1BLUEGZJ,1-55
2bD1BLUEGef,1-12
2bD1BLUEGkf,1-10
2bD1BLUEGrf,1-5
2bD1BLUEGxf,1-37
2bD1BLUEH6f,1-22
2bD1BLUEHDf,1-64
2bD1BLUEHIf,1-39
2bD1BLUEHOf,1-65
2bD1BLUEHUf,17-4
2bD1BLUEHaf,1-72
2bD1BLUEHgf,1-58
2bD1BLUEHmf,1-50
2bD1BLUEHtf,1-75
2bD1BLUEI23,1-76
2bD1BLUEI83,1-16
2bD1BLUEIE3,1-60
2bD1BLUEIK3,1-68
2bD1BLUEIQ3,1-38
2bD1BLUEIW3,1-57
2bD1BLUEIc3,74-3
2bD1BLUEIi3,8-39
2bD1BLUEIp3,1-30
2bD1BLUEIv3,15-9
2bD1BLUEJ43,70-9
2bD1BLUEJB3,1-12
2bD1BLUEJI3,1-55
2bD1BLUEJP3,1-7
2bD1BLUEJX3,1-51
2bD1BLUEJe3,179-5
2bD1BLUEJm3,1-59
2bD1BLUEJu3,10-7
2bD1BLUEK43,1-8
2bD1BLUEKD3,1-75
2bD1BLUEKN3,1-50
2bD1BLUEKX3,1-16
2bD1BLUEKh3,1-60
2bD1BLUEKs3,1-74
2bD1BLUEL53,74-3
2bD1BLUELG3,9-15
2bD1BLUELR3,1-30
2bD1BLUELc3,1-7
2bD1BLUELn3,1-55
2bD1BLUEM03,74-17
2bD1BLUEMB3,1-59
2bD1BLUEMQ3,1-75
2bD1BLUEMf3,15-1
2bD1BLUEMv3,74-8
2bD1BLUENC3,1-60
2bD1BLUENS3,6-20
2bD1BLUENh3,171-5
2bD1BLUENw3,74-2
2bD1BLUEOBP,74-17
2bD1BLUEOPP,1-59
2bD1BLUEOeP,28-10
2bD1BLUEOsP,15-1
2bD1BLUEP8P,1-74
2bD1BLUEPNP,1-60
2bD1D145DS,14-3
2bD1D145cS,14-5
2bD1D1462S,14-1
2bD1D146Cw,14-6
2bD1D146Ow,14-2
2bD1D146Zw,14-9
2bD1D146mw,14-4
2bD1D1470w,14-10
2bD1D147Dw,14-3
2bD1D147Qw,14-7
2bD1D147dw,14-5
2bD1D147rw,14-8
2bD1D1486w,14-1
2bD1D148Jw,14-6
2bD1D148Ww,14-2
2bD1D148jw,14-9
2bD1D148xw,14-4
2bD1D149Ow,14-3
2bD1D149nw,14-5
2bD1D14AEw,14-1
2bD1D14Adw,14-2
2bD1D14B3w,14-4
2bD1D14BSw,14-3
2bD1D14Brw,14-5
2bD1D14CIw,14-1
2bD1D14Chw,14-2
2bD1D14D8w,14-4
2bD1D14DYw,14-3
2bD1D14Dxw,14-5
2bD1D14EOw,14-1
2bD1D14Eow,14-2
2bD1D14FFw,14-4
2bD1D14FUw,14-11
2bD1D14Fiw,14-3
2bD1D14Fww,14-12
2bD1D14GCw,14-5
2bD1D14GQw,14-13
2bD1D14Gew,14-1
2bD1D14Gsw,14-14
2bD1D14H8w,14-2
2bD1D14HMw,162-3
2bD1D14Hbw,14-4
2bD1D14I5w,14-3
2bD1D14IWw,14-5
2bD1D14Ixw,14-1
2bD1D14JNw,14-2
2bD1D14JlS,14-4
2bD1D14KAS,14-3
2bD1D14KXS,14-5
2bD1D14KuS,14-1
2bD1D14LKS,14-2
2bD1D14M2S,14-3
2bD1D155OT,15-5
2bD1D155iT,15-2
2bD1D1564T,15-1
2bD1D156OT,15-8
2bD1D156iT,15-7
2bD1D156sT,16-6
2bD1D1574T,15-4
2bD1D157ET,15-13
2bD1D157OT,15-6
2bD1D157ZT,22-1
2bD1D157jT,15-10
2bD1D157uT,177-1
2bD1D1586T,15-5
2bD1D158HT,15-12
2bD1D158ST,15-9
2bD1D158dT,15-14
2bD1D158oT,15-1
2bD1D159CT,15-3
2bD1D159XT,15-7
2bD1D159sT,15-4
2bD1D15AF5,15-6
2bD1D15Aa5,15-10
2bD1D15Au5,15-5
2bD1D15BG5,15-9
2bD1D15Bae,15-1
2bD1D15Bve,15-3
2bD1D15CIe,15-7
2bD1D15Cde,15-4
2bD1D15D1G,15-6
2bD1D15DMG,15-10
2bD1D15DhG,15-5
2bD1D15E4G,15-9
2bD1D15EPG,15-1
2bD1D15Ejp,15-3
2bD1D15Ewp,15-16
2bD1D15FAR,15-7
2bD1D15FLR,9-28
2bD1D15FWR,15-4
2bD1D15FiR,8-44
2bD1D15FuR,15-6
2bD1D15G9R,15-18
2bD1D15GKR,15-10
2bD1D15GWR,15-21
2bD1D15GhR,15-5
2bD1D15Gtp,15-20
2bD1D15H7p,15-17
2bD1D15HJp,15-22
2bD1D15HUp,15-1
2bD1D15HgG,15-23
2bD1D15HsG,15-19
2bD1D15IGG,15-7
2bD1D15Ibe,15-4
2bD1D15Iwe,15-6
2bD1D15JIe,15-10
2bD1D15Jc5,15-5
2bD1D15Jv5,15-17
2bD1D15KGT,15-1
2bD1D15Kas,15-19
2bD1D15Kts,15-7
2bD1D15LXs,15-6
2bD1D15MAs,15-5
2bD1D15Mls,22-2
2bD1D15NOs,15-7
2bD1FX45Ci,4-1
2bD1FX45Qi,8-6
2bD1FX45di,4-5
2bD1FX45pi,4-8
2bD1FX462i,4-2
2bD1FX46Ci,4-9
2bD1FX46Mi,4-6
2bD1FX46Wi,4-3
2bD1FX46fi,4-4
2bD1FX46li,4-13
2bD1FX46ri,4-1
2bD1FX46wi,4-15
2bD1FX473i,4-10
2bD1FX478i,4-16
2bD1FX47Di,4-11
2bD1FX47Ii,4-5
2bD1FX47Ni,4-12
2bD1FX47Si,4-19
2bD1FX47Xi,4-8
2bD1FX47ci,4-14
2bD1FX47hi,4-2
2bD1FX47ni,4-7
2bD1FX47si,4-9
2bD1FX47xi,4-17
2bD1FX485i,4-6
2bD1FX48Bi,4-18
2bD1FX48Hi,4-3
2bD1FX48Mi,4-20
2bD1FX48Ri,4-4
2bD1FX48Wi,4-13
2bD1FX48bi,4-1
2bD1FX48ki,4-10
2bD1FX48vi,4-11
2bD1FX498i,4-12
2bD1FX49Ji,4-8
2bD1FX49Ui,4-2
2bD1FX49fi,4-9
2bD1FX49pi,4-6
2bD1FX4A1i,4-3
2bD1FX4AAi,4-4
2bD1FX4AKi,4-1
2bD1FX4ATi,4-10
2bD1FX4Adi,4-11
2bD1FX4Aoi,4-12
2bD1FX4B0i,4-8
2bD1FX4BBi,4-2
2bD1FX4BMi,4-9
2bD1FX4BWi,4-6
2bD1FX4Bgi,4-3
2bD1FX4Bqi,4-4
2bD1FX4C2i,4-1
2bD1FX4CCQ,4-10
2bD1FX4CMQ,4-11
2bD1FX4CXQ,4-12
2bD1FX4ChQ,4-8
2bD1FX4CsQ,4-2
2bD1FX4D5Q,4-9
2bD1FX4DGQ,4-6
2bD1FX4DRQ,4-3
2bD1FX4Dc9,4-4
2bD1FX4Dn9,4-1
2bD1FX4Dx9,4-10
2bD1FX4EA9,4-11
2bD1FX4EL9,4-12
2bD1FX4EW9,4-8
2bD1FX4Eh9,4-2
2bD1FX4Et9,4-9
2bD1FX4F69,4-6
2bD1FX4FC9,4-21
2bD1FX4FH9,4-3
2bD1FX4FN9,4-23
2bD1FX4FT9,4-4
2bD1FX4FZ9,8-43
2bD1FX4Fe9,4-1
2bD1FX4Fk9,4-22
2bD1FX4Fq9,4-10
2bD1FX4Fw9,4-25
2bD1FX4G39,4-11
2bD1FX4G99,4-27
2bD1FX4GE9,4-12
2bD1FX4GK9,4-28
2bD1FX4GQ9,4-8
2bD1FX4GW9,145-1
2bD1FX4Gc9,4-26
2bD1FX4Gi9,4-2
2bD1FX4Go9,4-9
2bD1FX4Gu9,4-24
2bD1FX4H29,4-6
2bD1FX4H89,4-21
2bD1FX4HE9,4-3
2bD1FX4HK9,4-23
2bD1FX4HQ9,4-4
2bD1FX4HW9,8-43
2bD1FX4Hc9,4-1
2bD1FX4Hi9,4-22
2bD1FX4Ho9,4-10
2bD1FX4Hu9,4-25
2bD1FX4I29,4-11
2bD1FX4I89,4-27
2bD1FX4ID9,4-12
2bD1FX4IJ9,4-28
2bD1FX4IP9,4-8
2bD1FX4Ia9,4-26
2bD1FX4Il9,4-9
2bD1FX4Iw9,4-6
2bD1FX4JA9,4-3
2bD1FX4JV9,4-1
2bD1FX4Jq9,4-10
2bD1FX4KD9,4-12
2bD1FX4KY9,4-9
2bD1FX4KtQ,4-3
2bD1FX4LIQ,4-1
2bD1FX4LgQ,4-10
2bD1FX4M6Q,4-12
2bD1FX4MVi,4-3
2bD1FX4Msi,4-1
2bD1FX4NI2,4-10
2bD1FX4Nf2,4-12
2bD1FX4O42,4-3
2bD1FX4OQ2,4-1
2bD1FX4Om2,4-10
2bD1FX4PA2,4-12
2bD2BLUE5ZP,1-4
2bD2BLUE5mP,1-1
2bD2BLUE61P,1-2
2bD2BLUE6FP,1-3
2bD2BLUE6SP,1-7
2bD2BLUE6gP,1-8
2bD2BLUE6uP,1-10
2bD2BLUE79P,1-5
2bD2BLUE7MP,1-6
2bD2BLUE7aP,1-9
2bD2BLUE7pP,1-4
2bD2BLUE86P,1-1
2bD2BLUE8LP,1-2
2bD2BLUE8aP,1-3
2bD2BLUE8pP,1-7
2bD2BLUE963,1-8
2bD2BLUE9K3,1-10
2bD2BLUE9X3,1-5
2bD2BLUE9k3,1-6
2bD2BLUE9x3,1-9
2bD2BLUEAB3,1-11
2bD2BLUEAM3,1-1
2bD2BLUEAY3,1-4
2bD2BLUEAj3,1-12
2bD2BLUEAu3,1-2
2bD2BLUEB83,1-3
2bD2BLUEBIf,1-7
2bD2BLUEBTf,1-8
2bD2BLUEBef,1-13
2bD2BLUEBpf,1-5
2bD2BLUEC1f,1-10
2bD2BLUECBf,1-14
2bD2BLUECLf,1-6
2bD2BLUECVf,1-9
2bD2BLUECff,1-11
2bD2BLUECpf,1-1
2bD2BLUED1f,1-15
2bD2BLUEDBf,1-12
2bD2BLUEDLf,1-4
2bD2BLUEDVf,1-3
2bD2BLUEDff,1-2
2bD2BLUEDqf,1-8
2bD2BLUEE3f,1-7
2bD2BLUEEEf,1-5
2bD2BLUEEOf,1-13
2bD2BLUEEYf,1-14
2bD2BLUEEif,1-10
2bD2BLUEEsf,1-9
2bD2BLUEF4f,1-6
2bD2BLUEFFf,1-1
2bD2BLUEFPf,1-11
2bD2BLUEFZf,1-12
2bD2BLUEFjf,1-15
2bD2BLUEFtf,1-3
2bD2BLUEG5f,1-4
2bD2BLUEGFf,1-8
2bD2BLUEGQf,1-2
2bD2BLUEGbf,1-5
2bD2BLUEGlf,1-7
2bD2BLUEGvf,1-14
2bD2BLUEH7f,1-13
2bD2BLUEHIf,1-9
2bD2BLUEHSf,1-10
2bD2BLUEHdf,1-1
2bD2BLUEHnf,1-6
2bD2BLUEHxf,1-12
2bD2BLUEIAf,1-11
2bD2BLUEILf,1-3
2bD2BLUEIYf,1-15
2bD2BLUEInf,1-4
2bD2BLUEJ4f,1-5
2bD2BLUEJLf,1-14
2bD2BLUEJbf,1-9
2bD2BLUEJs3,1-1
2bD2BLUEKA3,1-10
2bD2BLUEKQ3,1-6
2bD2BLUEKg3,1-3
2bD2BLUEKv3,1-15
2bD2BLUELC3,1-4
2bD2BLUELR3,1-5
2bD2BLUELh3,1-14
2bD2BLUELx3,1-9
2bD2BLUEME3,1-1
2bD2BLUEMT3,1-10
2bD2BLUEMi3,8-6
2bD2BLUEMx3,1-3
2bD2BLUENDP,8-8
2bD2BLUENTP,1-4
2bD2BLUENiP,1-5
2bD2BLUENwP,1-14
2bD2BLUEOBP,1-9
2bD2BLUEOPP,1-1
2bD2BLUEOeP,1-10
2bD2BLUEOsP,8-6
2bD2BLUEP8P,1-3
2bD2BLUEPNP,8-8
2bD2D145Xw,14-2
2bD2D1462w,14-4
2bD2D146Ww,14-1
2bD2D1471w,14-3
2bD2D147Vw,14-2
2bD2D1480w,14-4
2bD2D148Uw,14-1
2bD2D1490w,14-3
2bD2D149PR,14-5
2bD2D149oR,14-2
2bD2D14AFR,14-4
2bD2D14AdR,14-1
2bD2D14B3v,14-3
2bD2D14BSv,14-5
2bD2D14Brv,14-2
2bD2D14CJv,14-4
2bD2D14Civ,14-1
2bD2D14D9v,14-3
2bD2D14DYv,14-5
2bD2D14Dxv,14-2
2bD2D14EPv,14-4
2bD2D14Eov,14-1
2bD2D14FFv,14-3
2bD2D14Fev,14-5
2bD2D14G5v,14-2
2bD2D14GVv,14-4
2bD2D14Guv,14-1
2bD2D14HLv,14-3
2bD2D14Hkv,14-5
2bD2D14IBv,14-2
2bD2D14IbR,14-4
2bD2D14J2R,14-1
2bD2D14JRR,14-3
2bD2D14Jow,14-5
2bD2D14KEw,14-2
2bD2D14Kcw,14-4
2bD2D14L3w,14-1
2bD2D14Low,14-5
2bD2D1565s,15-1
2bD2D156gs,15-3
2bD2D157Ks,15-2
2bD2D157xs,15-4
2bD2D158bs,15-1
2bD2D1595s,15-5
2bD2D159Ts,15-3
2bD2D159rs,15-7
2bD2D15AHs,15-2
2bD2D15AfT,15-4
2bD2D15B5T,15-6
2bD2D15BTT,15-1
2bD2D15BrT,15-5
2bD2D15CHT,15-3
2bD2D15CfT,15-7
2bD2D15D5T,15-2
2bD2D15DTT,15-4
2bD2D15DrT,15-6
2bD2D15EHT,15-1
2bD2D15EgT,15-5
2bD2D15F7T,15-3
2bD2D15FVT,15-7
2bD2D15FtT,15-2
2bD2D15GJT,15-4
2bD2D15GhT,15-6
2bD2D15H7T,15-1
2bD2D15HWT,15-5
2bD2D15HvT,15-3
2bD2D15ILT,15-7
2bD2D15IjT,15-2
2bD2D15J8T,15-4
2bD2D15JVT,15-6
2bD2D15Jrs,15-1
2bD2D15KGs,15-5
2bD2D15Kcs,15-3
2bD2D15L0s,15-7
2bD2D15LMs,15-2
2bD2D15Ljs,15-4
2bD2D15MMs,15-6
2bD2D15Mxs,15-5
2bD2FX45hi,4-3
2bD2FX466i,4-4
2bD2FX46Ti,4-1
2bD2FX46qi,4-2
2bD2FX47Fi,4-3
2bD2FX47ci,4-4
2bD2FX481i,4-1
2bD2FX48Pi,4-2
2bD2FX48ni,4-3
2bD2FX49DQ,4-4
2bD2FX49VQ,4-6
2bD2FX49lQ,4-1
2bD2FX4A4Q,4-2
2bD2FX4ALQ,4-5
2bD2FX4AcQ,4-3
2bD2FX4AsQ,4-4
2bD2FX4BBQ,4-6
2bD2FX4BSQ,4-1
2bD2FX4BjQ,4-2
2bD2FX4C2Q,4-5
2bD2FX4CJQ,4-3
2bD2FX4CaQ,4-4
2bD2FX4CrQ,4-6
2bD2FX4DAQ,4-1
2bD2FX4DRQ,4-2
2bD2FX4DiQ,4-5
2bD2FX4E1Q,4-3
2bD2FX4EIQ,4-4
2bD2FX4EZQ,4-6
2bD2FX4EqQ,4-1
2bD2FX4F9Q,4-2
2bD2FX4FQQ,4-5
2bD2FX4FhQ,4-3
2bD2FX4G0Q,4-4
2bD2FX4GHQ,4-6
2bD2FX4GYQ,4-1
2bD2FX4GpQ,4-2
2bD2FX4H8Q,4-5
2bD2FX4HPQ,4-3
2bD2FX4HgQ,4-4
2bD2FX4HxQ,4-6
2bD2FX4IGQ,4-1
2bD2FX4IXQ,4-2
2bD2FX4IoQ,4-5
2bD2FX4J7Q,4-3
2bD2FX4JOQ,4-4
2bD2FX4JfQ,4-6
2bD2FX4K5Q,4-1
2bD2FX4KTQ,4-5
2bD2FX4KrQ,4-3
2bD2FX4LHQ,4-6
2bD2FX4LfQ,4-1
2bD2FX4M5Q,4-5
2bD2FX4MTi,4-3
2bD2FX4Mri,4-6
2bD2FX4NH2,4-1
2bD2FX4Ne2,4-5
2bD2FX4O32,4-3
2bD2FX4OQ2,4-6
2bD2FX4Om2,4-1
2bD2FX4PB2,4-5
2bD3BLUE6NP,1-9
2bD3BLUE6aP,1-3
2bD3BLUE6oP,1-5
2bD3BLUE73P,1-7
2bD3BLUE7HP,1-2
2bD3BLUE7VP,1-4
2bD3BLUE7kP,1-1
2bD3BLUE81P,1-10
2bD3BLUE8GP,1-6
2bD3BLUE8VP,1-8
2bD3BLUE8kP,1-9
2bD3BLUE913,1-3
2bD3BLUE9F3,1-5
2bD3BLUE9T3,1-7
2bD3BLUE9g3,1-2
2bD3BLUE9s3,1-4
2bD3BLUEA63,1-11
2bD3BLUEAH3,1-10
2bD3BLUEAT3,1-1
2bD3BLUEAe3,1-12
2bD3BLUEAp3,1-6
2bD3BLUEB23,1-8
2bD3BLUEBDf,1-9
2bD3BLUEBOf,1-3
2bD3BLUEBaf,1-13
2bD3BLUEBmf,1-7
2bD3BLUEC0f,1-5
2bD3BLUECCf,1-4
2bD3BLUECNf,1-2
2bD3BLUECZf,1-10
2bD3BLUEClf,1-11
2bD3BLUECxf,1-12
2bD3BLUEDBf,1-1
2bD3BLUEDNf,1-8
2bD3BLUEDZf,1-6
2bD3BLUEDlf,1-3
2bD3BLUEDxf,1-9
2bD3BLUEEBf,1-7
2bD3BLUEENf,1-13
2bD3BLUEEZf,1-4
2bD3BLUEElf,1-5
2bD3BLUEEwf,1-10
2bD3BLUEFAf,1-2
2bD3BLUEFMf,1-12
2bD3BLUEFYf,1-11
2bD3BLUEFkf,1-8
2bD3BLUEFwf,1-1
2bD3BLUEGAf,1-3
2bD3BLUEGMf,1-6
2bD3BLUEGYf,1-7
2bD3BLUEGkf,1-9
2bD3BLUEGwf,1-4
2bD3BLUEHAf,1-13
2bD3BLUEHMf,1-10
2bD3BLUEHYf,1-5
2bD3BLUEHkf,1-12
2bD3BLUEHxf,1-2
2bD3BLUEIEf,1-8
2bD3BLUEIUf,1-11
2bD3BLUEIkf,1-1
2bD3BLUEJ2f,1-7
2bD3BLUEJIf,1-4
2bD3BLUEJZf,1-9
2bD3BLUEJq3,1-10
2bD3BLUEK83,1-12
2bD3BLUEKO3,1-2
2bD3BLUEKd3,1-8
2bD3BLUEKs3,1-11
2bD3BLUEL93,1-1
2bD3BLUELO3,1-7
2bD3BLUELd3,1-4
2bD3BLUELt3,1-9
2bD3BLUEMA3,1-10
2bD3BLUEMQ3,1-12
2bD3BLUEMf3,8-7
2bD3BLUEMu3,1-8
2bD3BLUENAP,8-8
2bD3BLUENOP,1-1
2bD3BLUENcP,1-7
2bD3BLUENrP,1-4
2bD3BLUEO8P,1-9
2bD3D146Rw,14-1
2bD3D1476w,14-3
2bD3D147jw,14-2
2bD3D148Pw,14-1
2bD3D1495R,14-3
2bD3D149kR,14-2
2bD3D14ARR,14-1
2bD3D14B8v,14-3
2bD3D14Bov,14-2
2bD3D14CWv,14-1
2bD3D14DEv,14-3
2bD3D14Duv,14-2
2bD3D14Ecv,14-1
2bD3D14FKv,14-3
2bD3D14G2v,14-2
2bD3D14Giv,14-1
2bD3D14HQv,14-3
2bD3D14I8v,14-2
2bD3D14IoR,14-1
2bD3D14JVR,14-3
2bD3D14KBw,14-2
2bD3D14Kpw,14-1
2bD3D14LVw,14-3
2bD3D1579s,15-1
2bD3D157Zs,15-3
2bD3D1581s,15-5
2bD3D158Rs,15-2
2bD3D158ss,15-4
2bD3D159Ls,15-6
2bD3D159ms,15-1
2bD3D15AGs,15-3
2bD3D15AhT,15-5
2bD3D15BBT,15-2
2bD3D15BdT,15-4
2bD3D15C6T,15-6
2bD3D15CZT,15-1
2bD3D15D3T,15-3
2bD3D15DVT,15-5
2bD3D15DxT,15-2
2bD3D15EST,15-4
2bD3D15EuT,15-6
2bD3D15FPT,15-1
2bD3D15FrT,15-3
2bD3D15GLT,15-5
2bD3D15GnT,15-2
2bD3D15HIT,15-4
2bD3D15HkT,15-6
2bD3D15IFT,15-1
2bD3D15IhT,15-3
2bD3D15JAT,15-5
2bD3D15Jas,15-2
2bD3D15K2s,15-4
2bD3D15KRs,15-6
2bD3D15Krs,15-1
2bD3D15LUs,15-3
2bD3D15M8s,15-2
2bD3FX464i,4-3
2bD3FX46Yi,4-1
2bD3FX475i,4-2
2bD3FX47ai,4-3
2bD3FX487i,4-1
2bD3FX48di,4-2
2bD3FX49BQ,4-3
2bD3FX49bQ,4-4
2bD3FX4A2Q,4-1
2bD3FX4ARQ,4-2
2bD3FX4AqQ,4-3
2bD3FX4BHQ,4-4
2bD3FX4BUQ,4-5
2bD3FX4BhQ,4-1
2bD3FX4BuQ,4-6
2bD3FX4C8Q,4-2
2bD3FX4CLQ,4-5
2bD3FX4CYQ,4-3
2bD3FX4ClQ,4-6
2bD3FX4CxQ,4-4
2bD3FX4DCQ,4-5
2bD3FX4DPQ,4-1
2bD3FX4DcQ,4-6
2bD3FX4DoQ,4-2
2bD3FX4E3Q,4-5
2bD3FX4EGQ,4-3
2bD3FX4ETQ,4-6
2bD3FX4EfQ,4-4
2bD3FX4EsQ,4-5
2bD3FX4F7Q,4-1
2bD3FX4FKQ,4-6
2bD3FX4FWQ,4-2
2bD3FX4FjQ,4-5
2bD3FX4FwQ,4-3
2bD3FX4GBQ,4-6
2bD3FX4GNQ,4-4
2bD3FX4GaQ,4-5
2bD3FX4GnQ,4-1
2bD3FX4H2Q,4-6
2bD3FX4HEQ,4-2
2bD3FX4HRQ,4-5
2bD3FX4HeQ,4-3
2bD3FX4HrQ,4-6
2bD3FX4I5Q,4-4
2bD3FX4IIQ,4-5
2bD3FX4IVQ,4-1
2bD3FX4IiQ,4-6
2bD3FX4IvQ,4-2
2bD3FX4JMQ,4-3
2bD3FX4JtQ,4-4
2bD3FX4KSQ,4-1
2bD3FX4L0Q,4-3
2bD3FX4LXQ,4-4
2bD3FX4M5Q,4-1
2bD3FX4Mai,4-3
2bD3FX4N82,4-4
2bD3FX4Nc2,4-1
2bD3FX4O92,4-3
2cC1D165On,16-1
2cC1D165nn,16-4
2cC1D166En,16-2
2cC1D166cn,16-3
2cC1D166pn,16-11
2cC1D1673n,16-5
2cC1D167Gn,16-9
2cC1D167Tn,16-1
2cC1D167gH,16-8
2cC1D167vH,16-4
2cC1D168NH,16-6
2cC1D168nH,16-14
2cC1D169EH,16-5
2cC1D169dH,16-1
2cC1D16A4H,16-4
2cC1D16ATH,16-13
2cC1D16AsH,16-7
2cC1D16BJH,16-5
2cC1D16BiH,16-1
2cC1D16C8H,16-4
2cC1D16CXH,16-13
2cC1D16CwH,16-7
2cC1D16DNH,16-5
2cC1D16DnH,16-1
2cC1D16EEH,16-4
2cC1D16ERH,16-16
2cC1D16EeH,16-13
2cC1D16EsH,16-17
2cC1D16F7i,16-7
2cC1D16FLi,132-2
2cC1D16FZi,16-5
2cC1D16Fgi,13-13
2cC1D16Fni,16-15
2cC1D16Fui,13-15
2cC1D16G3i,16-1
2cC1D16GAi,31-7
2cC1D16GHi,16-21
2cC1D16GOi,13-17
2cC1D16GVi,16-4
2cC1D16Gci,31-5
2cC1D16Gji,16-16
2cC1D16Gqi,12-5
2cC1D16Gxi,16-20
2cC1D16H6i,16-13
2cC1D16HDi,16-19
2cC1D16HKi,15-9
2cC1D16HRi,16-22
2cC1D16HYi,16-7
2cC1D16Hfi,132-2
2cC1D16Hmi,177-2
2cC1D16Hti,16-5
2cC1D16I2i,11-13
2cC1D16IAi,16-15
2cC1D16IMi,16-1
2cC1D16IgH,16-21
2cC1D16JBH,16-20
2cC1D16Jen,16-22
2cC1D16KBn,16-15
2cC1D16Kgn,16-21
2cC1D16LAn,16-20
2cC1D16Lcn,16-22
2cC1D16M8n,16-15
2cC1D16Mbn,16-21
2cC1FX25Q7,2-2
2cC1FX25Z7,2-4
2cC1FX25j7,2-5
2cC1FX25t7,2-6
2cC1FX2657,2-7
2cC1FX26F7,2-8
2cC1FX26N7,2-3
2cC1FX26X7,2-1
2cC1FX26g7,2-9
2cC1FX26m7,2-15
2cC1FX26s7,2-11
2cC1FX2707,2-13
2cC1FX2757,2-2
2cC1FX27B7,2-17
2cC1FX27G7,2-4
2cC1FX27M7,2-19
2cC1FX27R7,2-5
2cC1FX27X7,2-14
2cC1FX27d7,2-6
2cC1FX27j7,2-10
2cC1FX27o7,2-7
2cC1FX27t7,2-12
2cC1FX2817,2-8
2cC1FX2877,2-16
2cC1FX28C7,2-3
2cC1FX28H7,2-18
2cC1FX28M7,2-1
2cC1FX28S7,2-20
2cC1FX28Y7,2-9
2cC1FX28e7,2-15
2cC1FX28k7,2-11
2cC1FX28q7,2-13
2cC1FX28w7,2-2
2cC1FX2997,2-4
2cC1FX29K7,2-5
2cC1FX29W7,2-6
2cC1FX29h7,2-7
2cC1FX29s7,2-8
2cC1FX2A57,2-3
2cC1FX2AG7,2-1
2cC1FX2AR7,2-9
2cC1FX2Ac7,2-11
2cC1FX2An7,2-2
2cC1FX2Ax7,2-4
2cC1FX2BA7,2-5
2cC1FX2BK7,2-6
2cC1FX2BV7,2-7
2cC1FX2Bg7,2-8
2cC1FX2Br7,2-3
2cC1FX2C37,2-1
2cC1FX2CE7,2-9
2cC1FX2CP7,2-11
2cC1FX2Ca7,2-2
2cC1FX2Ck7,2-4
2cC1FX2Cv7,2-5
2cC1FX2D87,2-6
2cC1FX2DJ7,2-7
2cC1FX2DU7,2-8
2cC1FX2Df7,2-3
2cC1FX2Dq7,2-1
2cC1FX2E37,2-9
2cC1FX2EE7,2-11
2cC1FX2EP7,2-2
2cC1FX2Ea7,2-4
2cC1FX2El7,2-5
2cC1FX2Ew7,2-6
2cC1FX2F97,2-7
2cC1FX2FG7,2-27
2cC1FX2FM7,2-8
2cC1FX2FS7,2-24
2cC1FX2FY7,2-26
2cC1FX2Fe7,2-3
2cC1FX2Fk7,2-30
2cC1FX2Fq7,2-21
2cC1FX2Fw7,2-9
2cC1FX2G47,2-32
2cC1FX2GA7,2-11
2cC1FX2GG7,2-29
2cC1FX2GM7,2-2
2cC1FX2GS7,2-23
2cC1FX2GY7,2-4
2cC1FX2Ge7,2-25
2cC1FX2Gk7,2-5
2cC1FX2Gq7,2-28
2cC1FX2Gw7,2-6
2cC1FX2H47,2-31
2cC1FX2HA7,2-7
2cC1FX2HG7,2-27
2cC1FX2HM7,2-8
2cC1FX2HS7,2-24
2cC1FX2HY7,2-26
2cC1FX2He7,2-3
2cC1FX2Hk7,2-30
2cC1FX2Hq7,2-21
2cC1FX2Hw7,2-9
2cC1FX2I47,5-1
2cC1FX2IA7,2-11
2cC1FX2IG7,2-29
2cC1FX2IM7,2-2
2cC1FX2IRj,2-23
2cC1FX2IXj,2-4
2cC1FX2Iij,2-22
2cC1FX2Itj,2-28
2cC1FX2J6j,2-31
2cC1FX2JHj,5-16
2cC1FX2JSj,2-26
2cC1FX2Jcj,74-23
2cC1FX2Jnj,2-9
2cC1FX2K9j,2-2
2cC1FX2KTj,2-22
2cC1FX2Knj,2-31
2cC1FX2L9j,2-26
2cC1FX2LVj,2-9
2cC1FX2Ltj,2-2
2cC1FX2MKj,2-22
2cC1FX2Mjj,2-26
2cC1FX2N9j,2-9
2cC1FX2NWj,5-4
2cC1FX2Ntj,2-22
2cC1FX2OJj,2-26
2cC1FX2Ogj,2-9
2cC1FX2P5j,5-4
2cC1FX2PSj,2-22
2cC1FX35A7,3-6
2cC1FX35P7,3-9
2cC1FX35e7,3-3
2cC1FX35t7,3-7
2cC1FX3637,3-16
2cC1FX36A7,3-10
2cC1FX36G7,3-22
2cC1FX36M7,3-13
2cC1FX36S7,3-25
2cC1FX36Y7,3-1
2cC1FX36e7,3-29
2cC1FX36k7,3-15
2cC1FX36p7,3-18
2cC1FX36v7,3-19
2cC1FX3727,3-2
2cC1FX3787,3-23
2cC1FX37D7,3-24
2cC1FX37I7,3-27
2cC1FX37N7,3-4
2cC1FX37S7,3-28
2cC1FX37Y7,3-8
2cC1FX37d7,3-31
2cC1FX37i7,3-11
2cC1FX37n7,3-32
2cC1FX37t7,3-14
2cC1FX3817,3-33
2cC1FX3877,3-6
2cC1FX38D7,3-9
2cC1FX38J7,3-5
2cC1FX38O7,3-17
2cC1FX38U7,3-3
2cC1FX38Z7,3-21
2cC1FX38f7,3-20
2cC1FX38k7,3-7
2cC1FX38p7,3-26
2cC1FX38u7,3-16
2cC1FX3967,3-22
2cC1FX39H7,3-13
2cC1FX39R7,3-1
2cC1FX39c7,3-15
2cC1FX39o7,3-19
2cC1FX3A17,3-23
2cC1FX3AC7,3-27
2cC1FX3AN7,3-28
2cC1FX3AY7,3-31
2cC1FX3Aj7,3-32
2cC1FX3Au7,3-33
2cC1FX3B67,3-9
2cC1FX3BH7,3-17
2cC1FX3BS7,3-21
2cC1FX3Bd7,3-7
2cC1FX3Bn7,3-16
2cC1FX3C07,3-22
2cC1FX3CB7,3-13
2cC1FX3CL7,3-1
2cC1FX3CW7,3-15
2cC1FX3Ch7,3-19
2cC1FX3Cr7,3-23
2cC1FX3D47,3-27
2cC1FX3DF7,3-28
2cC1FX3DQ7,3-31
2cC1FX3Db7,3-32
2cC1FX3Dm7,3-33
2cC1FX3Dx7,3-9
2cC1FX3EB7,3-17
2cC1FX3EM7,3-21
2cC1FX3EY7,3-7
2cC1FX3Ei7,3-16
2cC1FX3Ev7,3-22
2cC1FX3F97,3-13
2cC1FX3FE7,3-45
2cC1FX3FK7,3-1
2cC1FX3FQ7,3-47
2cC1FX3FW7,3-41
2cC1FX3Fc7,3-50
2cC1FX3Fi7,3-12
2cC1FX3Fo7,3-19
2cC1FX3Ft7,3-23
2cC1FX3G17,3-44
2cC1FX3G77,3-34
2cC1FX3GD7,3-46
2cC1FX3GJ7,3-27
2cC1FX3GP7,3-49
2cC1FX3GV7,3-28
2cC1FX3Gb7,3-31
2cC1FX3Gi7,3-32
2cC1FX3Go7,3-36
2cC1FX3Gu7,3-33
2cC1FX3H27,3-37
2cC1FX3H87,3-9
2cC1FX3HE7,3-39
2cC1FX3HL7,3-17
2cC1FX3HS7,3-42
2cC1FX3HY7,3-21
2cC1FX3He7,3-43
2cC1FX3Hl7,3-7
2cC1FX3Ht7,3-38
2cC1FX3I27,3-16
2cC1FX3I77,3-48
2cC1FX3ID7,3-22
2cC1FX3IJ7,3-35
2cC1FX3IQ7,3-45
2cC1FX3IW7,3-1
2cC1FX3Ij7,3-41
2cC1FX3Iw7,3-12
2cC1FX3JB7,3-44
2cC1FX3JN7,3-46
2cC1FX3Jm7,3-31
2cC1FX3KD7,3-9
2cC1FX3Ka7,3-43
2cC1FX3Kx7,3-38
2cC1FX3LM7,3-35
2cC1FX3Lj7,3-12
2cC1FX3M97,3-46
2cC1FX3MW7,3-31
2cC1FX3Mt7,3-9
2cC1FX3NH7,3-43
2cC1FX3Nd7,3-38
2cC1FX3O17,3-35
2cC1FX3OM7,3-12
2cC1FX3Oi7,3-46
2cC1FX3P67,3-31
2cC1FX3PS7,3-9
2cC2D165ts,16-1
2cC2D166Ms,16-3
2cC2D166ns,16-2
2cC2D167Hs,16-4
2cC2D167is,16-1
2cC2D168Bs,16-3
2cC2D168cs,16-2
2cC2D1695s,16-4
2cC2D169Ss,16-5
2cC2D169ps,16-1
2cC2D16ADs,16-3
2cC2D16AZs,16-2
2cC2D16Aws,16-4
2cC2D16BMs,16-5
2cC2D16Bjs,16-1
2cC2D16C8s,16-3
2cC2D16CWs,16-2
2cC2D16Cts,16-4
2cC2D16DJs,16-5
2cC2D16Dgs,16-1
2cC2D16E5s,16-3
2cC2D16ETs,16-2
2cC2D16Eqs,16-4
2cC2D16FGs,16-5
2cC2D16Fds,16-1
2cC2D16G2s,16-3
2cC2D16GQs,16-2
2cC2D16Gns,16-4
2cC2D16HDs,16-5
2cC2D16Has,16-1
2cC2D16Hxs,16-3
2cC2D16IMs,16-2
2cC2D16Ijs,16-4
2cC2D16J8s,16-5
2cC2D16JUs,16-1
2cC2D16Jqs,16-3
2cC2D16KFs,16-2
2cC2D16Kcs,16-4
2cC2D16L2s,16-5
2cC2D16LRs,16-1
2cC2D16M2s,16-2
2cC2FX25qj,2-1
2cC2FX26Fj,2-3
2cC2FX26cj,2-2
2cC2FX271j,2-4
2cC2FX27Oj,2-1
2cC2FX27lj,2-3
2cC2FX28Aj,2-2
2cC2FX28Yj,2-4
2cC2FX28wj,2-1
2cC2FX29Lj,2-3
2cC2FX29dj,2-5
2cC2FX29vj,2-2
2cC2FX2AEj,2-4
2cC2FX2AUj,2-6
2cC2FX2Akj,2-1
2cC2FX2B3j,2-3
2cC2FX2BKj,2-5
2cC2FX2Bbj,2-2
2cC2FX2Bsj,2-4
2cC2FX2CBj,2-6
2cC2FX2CSj,2-1
2cC2FX2Cjj,2-3
2cC2FX2D3j,2-5
2cC2FX2DLj,2-2
2cC2FX2Dcj,2-4
2cC2FX2Duj,2-6
2cC2FX2EDj,2-1
2cC2FX2EUj,2-3
2cC2FX2Emj,2-5
2cC2FX2F6j,2-2
2cC2FX2FNj,2-4
2cC2FX2Ffj,2-6
2cC2FX2Fwj,2-1
2cC2FX2GFj,2-3
2cC2FX2GXj,2-5
2cC2FX2Gpj,2-2
2cC2FX2H8j,2-4
2cC2FX2HQj,2-6
2cC2FX2Hhj,2-1
2cC2FX2I0j,2-3
2cC2FX2IIj,2-5
2cC2FX2Iaj,2-2
2cC2FX2Itj,2-4
2cC2FX2JEj,2-6
2cC2FX2JXj,2-1
2cC2FX2Jvj,2-5
2cC2FX2KLj,2-2
2cC2FX2Kjj,2-4
2cC2FX2L9j,2-1
2cC2FX2LYj,2-5
2cC2FX2Lwj,2-2
2cC2FX2MLj,2-4
2cC2FX2Mjj,2-1
2cC2FX2N9j,2-5
2cC2FX2NXj,2-2
2cC2FX2Nuj,2-4
2cC2FX2OJj,2-1
2cC2FX2Ogj,2-5
2cC2FX2P5j,2-2
2cC2FX2PSj,2-4
2cC2FX35o7,3-1
2cC2FX36B7,3-3
2cC2FX36X7,3-5
2cC2FX36t7,3-7
2cC2FX37H7,3-2
2cC2FX37d7,3-6
2cC2FX3817,3-4
2cC2FX38N7,3-1
2cC2FX38i7,3-3
2cC2FX3967,3-5
2cC2FX39T7,3-7
2cC2FX39m7,3-8
2cC2FX3A67,3-2
2cC2FX3AN7,3-6
2cC2FX3Ae7,3-4
2cC2FX3Au7,3-10
2cC2FX3BC7,3-1
2cC2FX3BR7,3-3
2cC2FX3Bh7,3-9
2cC2FX3C07,3-5
2cC2FX3CH7,3-7
2cC2FX3CX7,3-8
2cC2FX3Co7,3-2
2cC2FX3D77,3-6
2cC2FX3DO7,3-4
2cC2FX3Df7,3-10
2cC2FX3Dv7,3-1
2cC2FX3ED7,3-3
2cC2FX3EU7,3-9
2cC2FX3El7,3-5
2cC2FX3F47,3-7
2cC2FX3FL7,3-8
2cC2FX3Fc7,3-2
2cC2FX3Ft7,3-6
2cC2FX3GC7,3-4
2cC2FX3GT7,3-10
2cC2FX3Gj7,3-1
2cC2FX3H17,3-3
2cC2FX3HI7,3-9
2cC2FX3HZ7,3-5
2cC2FX3Hq7,3-7
2cC2FX3I97,3-8
2cC2FX3IQ7,3-2
2cC2FX3Ih7,3-6
2cC2FX3J07,3-4
2cC2FX3JH7,3-10
2cC2FX3JX7,3-1
2cC2FX3Jp7,3-3
2cC2FX3KC7,3-9
2cC2FX3Ka7,3-7
2cC2FX3L17,3-8
2cC2FX3LP7,3-6
2cC2FX3Ll7,3-4
2cC2FX3M97,3-10
2cC2FX3MW7,3-3
2cC2FX3Mt7,3-9
2cC2FX3NH7,3-7
2cC2FX3Ne7,3-8
2cC2FX3O37,3-6
2cC2FX3OO7,3-4
2cC2FX3Oj7,3-10
2cC2FX3P67,3-3
2cC2FX3PS7,3-9
2cC3D1674s,16-1
2cC3D167Vs,16-3
2cC3D167ws,16-2
2cC3D168Qs,16-4
2cC3D168rs,16-1
2cC3D169Ls,16-3
2cC3D169ns,16-2
2cC3D16AIs,16-4
2cC3D16Als,16-1
2cC3D16BFs,16-3
2cC3D16Bis,16-2
2cC3D16CEs,16-4
2cC3D16Chs,16-1
2cC3D16DCs,16-3
2cC3D16Dfs,16-2
2cC3D16EBs,16-4
2cC3D16Ees,16-1
2cC3D16F9s,16-3
2cC3D16Fcs,16-2
2cC3D16G8s,16-4
2cC3D16Gbs,16-1
2cC3D16H6s,16-3
2cC3D16HZs,16-2
2cC3D16I4s,16-4
2cC3D16IXs,16-1
2cC3D16J1s,16-3
2cC3D16JTs,16-2
2cC3D16Jus,16-4
2cC3D16KVs,16-1
2cC3D16L7s,16-3
2cC3D16Lgs,16-4
2cC3FX26Fj,2-1
2cC3FX26jj,2-2
2cC3FX27Gj,2-3
2cC3FX27lj,2-1
2cC3FX28Ij,2-2
2cC3FX28nj,2-3
2cC3FX29Lj,2-1
2cC3FX29rj,2-2
2cC3FX2AQj,2-3
2cC3FX2Axj,2-1
2cC3FX2BPj,2-4
2cC3FX2Bkj,2-2
2cC3FX2C6j,2-3
2cC3FX2CRj,2-5
2cC3FX2Cmj,2-1
2cC3FX2D9j,2-4
2cC3FX2DUj,2-2
2cC3FX2Dpj,2-3
2cC3FX2ECj,2-5
2cC3FX2EXj,2-1
2cC3FX2Esj,2-4
2cC3FX2FFj,2-2
2cC3FX2Faj,2-3
2cC3FX2Fvj,2-5
2cC3FX2GIj,2-1
2cC3FX2Gdj,2-4
2cC3FX2H0j,2-2
2cC3FX2HLj,2-3
2cC3FX2Hgj,2-5
2cC3FX2I3j,2-1
2cC3FX2IQj,2-4
2cC3FX2Irj,2-2
2cC3FX2JOj,2-5
2cC3FX2Juj,2-1
2cC3FX2KTj,2-2
2cC3FX2L1j,2-5
2cC3FX2LYj,2-1
2cC3FX2M7j,2-2
2cC3FX2Mbj,2-5
2cC3FX2N8j,2-1
2cC3FX2Nej,2-2
2cC3FX2ODj,2-5
2cC3FX36D7,3-1
2cC3FX36h7,3-3
2cC3FX37E7,3-5
2cC3FX37j7,3-2
2cC3FX38F7,3-4
2cC3FX38l7,3-1
2cC3FX39I7,3-3
2cC3FX39c7,3-6
2cC3FX39w7,3-5
2cC3FX3AI7,3-8
2cC3FX3Ad7,3-2
2cC3FX3Ax7,3-4
2cC3FX3BJ7,3-7
2cC3FX3Bd7,3-1
2cC3FX3Bx7,3-3
2cC3FX3CK7,3-6
2cC3FX3Cf7,3-5
2cC3FX3D27,3-8
2cC3FX3DN7,3-2
2cC3FX3Di7,3-4
2cC3FX3E57,3-7
2cC3FX3EQ7,3-1
2cC3FX3El7,3-3
2cC3FX3F87,3-6
2cC3FX3FT7,3-5
2cC3FX3Fo7,3-8
2cC3FX3GB7,3-2
2cC3FX3GW7,3-4
2cC3FX3Gr7,3-7
2cC3FX3HE7,3-1
2cC3FX3HZ7,3-3
2cC3FX3Hu7,3-6
2cC3FX3IH7,3-5
2cC3FX3Ic7,3-8
2cC3FX3Ix7,3-2
2cC3FX3JK7,3-4
2cC3FX3Jk7,3-7
2cC3FX3KD7,3-1
2cC3FX3Ke7,3-6
2cC3FX3L77,3-5
2cC3FX3LY7,3-8
2cC3FX3M17,3-4
2cC3FX3MS7,3-7
2cC3FX3Ms7,3-1
2cC3FX3NK7,3-6
2cC3FX3Nk7,3-5
2cC3FX3OD7,3-8
2dj1D115W6,11-1
2dj1D115o6,11-3
2dj1D11686,11-2
2dj1D116R6,11-4
2dj1D116kW,11-7
2dj1D116uW,11-8
2dj1D1176W,11-1
2dj1D117GW,11-5
2dj1D117QW,11-3
2dj1D117Zw,11-12
2dj1D117jw,11-9
2dj1D117uw,11-11
2dj1D1186w,11-4
2dj1D118Gw,11-10
2dj1D118Rw,11-7
2dj1D118cw,11-8
2dj1D118mw,11-1
2dj1D1199w,11-3
2dj1D119Tw,11-9
2dj1D119mw,11-4
2dj1D11A7w,11-7
2dj1D11ARw,11-6
2dj1D11Alw,11-3
2dj1D11B6w,11-9
2dj1D11BPw,11-4
2dj1D11Biw,11-7
2dj1D11C3w,11-6
2dj1D11CNw,11-3
2dj1D11Cgw,11-9
2dj1D11D1w,11-4
2dj1D11DKw,11-7
2dj1D11Dew,11-6
2dj1D11E0w,11-3
2dj1D11EKN,11-9
2dj1D11EeN,11-4
2dj1D11F0N,11-7
2dj1D11FMn,11-6
2dj1D11FXn,6-3
2dj1D11FiE,11-3
2dj1D11FtE,6-8
2dj1D11G7E,11-9
2dj1D11GJE,11-15
2dj1D11GUE,11-4
2dj1D11GfE,6-20
2dj1D11GqE,11-7
2dj1D11H4E,11-14
2dj1D11HFE,11-6
2dj1D11HQE,6-3
2dj1D11Hbn,11-3
2dj1D11Hmn,6-8
2dj1D11Hxn,8-34
2dj1D11IBn,11-15
2dj1D11ILN,11-4
2dj1D11IgN,6-14
2dj1D11J3N,11-6
2dj1D11JXN,11-13
2dj1D11K4w,11-4
2dj1D11Ka6,11-6
2dj1D11L66,11-13
2dj1D11La6,11-4
2dj1D11M66,11-6
2dj1D11Ma6,11-13
2dj1D11N56,11-4
2dj1D11NZ6,11-6
2dj1D11O46,11-13
2dj1D165ZD,16-2
2dj1D165xD,16-3
2dj1D166Li,16-5
2dj1D166Xi,16-9
2dj1D166jG,16-1
2dj1D166tG,16-8
2dj1D1673G,17-9
2dj1D167BG,16-4
2dj1D167IG,1-47
2dj1D167OG,16-10
2dj1D167VG,16-6
2dj1D167bG,16-2
2dj1D167iG,13-10
2dj1D167oG,16-12
2dj1D167vG,16-14
2dj1D1683G,16-3
2dj1D168AG,22-1
2dj1D168GG,16-11
2dj1D168NG,16-13
2dj1D168TG,16-5
2dj1D168gG,16-9
2dj1D168tG,16-1
2dj1D1698G,16-8
2dj1D169LG,16-4
2dj1D169ki,16-13
2dj1D16ABi,16-7
2dj1D16Aai,16-5
2dj1D16B1i,16-1
2dj1D16BPi,16-4
2dj1D16Boi,16-13
2dj1D16CFi,16-7
2dj1D16Cei,16-5
2dj1D16D5i,16-1
2dj1D16DTi,16-4
2dj1D16Dsi,16-13
2dj1D16EJi,16-7
2dj1D16Eji,16-5
2dj1D16FBG,16-1
2dj1D16FQG,16-18
2dj1D16Fel,16-4
2dj1D16Fsl,16-16
2dj1D16G8l,16-13
2dj1D16GMl,16-17
2dj1D16Gal,16-7
2dj1D16Gol,132-2
2dj1D16H4l,16-5
2dj1D16HIl,16-15
2dj1D16HWl,16-1
2dj1D16Hkl,16-21
2dj1D16I0l,16-4
2dj1D16IEl,31-3
2dj1D16IRl,16-20
2dj1D16IfG,16-19
2dj1D16IvG,16-22
2dj1D16JDi,70-7
2dj1D16JWi,16-15
2dj1D16K3D,16-21
2dj1D16KVD,16-20
2dj1D16KxD,16-22
2dj1D16LTD,16-15
2dj1D16LwD,16-21
2dj1D16MRD,16-20
2dj1D16MtD,16-22
2dj2D116EF,11-1
2dj2D116gF,11-2
2dj2D117BF,11-3
2dj2D117fF,11-1
2dj2D118AF,11-2
2dj2D118dF,11-3
2dj2D1198F,11-1
2dj2D119cF,11-2
2dj2D11A8F,11-3
2dj2D11AdF,11-1
2dj2D11BBF,11-2
2dj2D11Bgf,11-3
2dj2D11CF6,11-1
2dj2D11ClW,11-2
2dj2D11DKW,11-3
2dj2D11DrW,11-1
2dj2D11EQW,11-2
2dj2D11ExW,11-3
2dj2D11FWW,11-1
2dj2D11G5W,11-2
2dj2D11GcW,11-3
2dj2D11HBW,11-1
2dj2D11HiW,11-2
2dj2D11IHW,11-3
2dj2D11InW,11-1
2dj2D11JLW,11-2
2dj2D11Jr6,11-3
2dj2D11KOf,11-1
2dj2D11Ksf,11-2
2dj2D11LPf,11-3
2dj2D11Luf,11-1
2dj2D11MfF,11-2
2dj2D11NPF,11-1
2dj2D11O9F,11-2
2dj2D166CA,16-2
2dj2D166eA,16-4
2dj2D1677A,16-1
2dj2D167YA,16-3
2dj2D1681A,16-2
2dj2D168TA,16-4
2dj2D168wA,16-1
2dj2D169QA,16-3
2dj2D169sA,16-2
2dj2D16AKA,16-4
2dj2D16Ahg,16-5
2dj2D16B6g,16-1
2dj2D16BTg,16-3
2dj2D16Bqg,16-2
2dj2D16CFg,16-4
2dj2D16Cdg,16-5
2dj2D16D2g,16-1
2dj2D16DPg,16-3
2dj2D16Dng,16-2
2dj2D16ECg,16-4
2dj2D16Eag,16-5
2dj2D16Exg,16-1
2dj2D16FMg,16-3
2dj2D16Fkg,16-2
2dj2D16G9g,16-4
2dj2D16GXg,16-5
2dj2D16Gug,16-1
2dj2D16HJg,16-3
2dj2D16Hhg,16-2
2dj2D16I6g,16-4
2dj2D16ITg,16-5
2dj2D16Iqg,16-1
2dj2D16JFg,16-3
2dj2D16JbA,16-2
2dj2D16JxA,16-4
2dj2D16KMA,16-5
2dj2D16KiA,16-1
2dj2D16L6A,16-3
2dj2D16LSA,16-2
2dj2D16M3A,16-4
2dj2D16McA,16-1
2dj3D116gF,11-1
2dj3D117BF,11-2
2dj3D117fF,11-3
2dj3D118AF,11-1
2dj3D118dF,11-2
2dj3D1198F,11-3
2dj3D119cF,11-1
2dj3D11A8F,11-2
2dj3D11AdF,11-3
2dj3D11BBF,11-1
2dj3D11Bgf,11-2
2dj3D11CF6,11-3
2dj3D11ClW,11-1
2dj3D11DKW,11-2
2dj3D11DrW,11-3
2dj3D11EQW,11-1
2dj3D11ExW,11-2
2dj3D11FWW,11-3
2dj3D11G5W,11-1
2dj3D11GcW,11-2
2dj3D11HBW,11-3
2dj3D11HiW,11-1
2dj3D11IHW,11-2
2dj3D11InW,11-3
2dj3D11JLW,11-1
2dj3D11Jr6,11-2
2dj3D11KOf,11-3
2dj3D11Ksf,11-1
2dj3D11LPf,11-2
2dj3D11Luf,11-3
2dj3D11MfF,11-1
2dj3D167MA,16-2
2dj3D167nA,16-4
2dj3D168GA,16-1
2dj3D168hA,16-3
2dj3D169BA,16-2
2dj3D169eA,16-4
2dj3D16A8A,16-1
2dj3D16Aag,16-3
2dj3D16B5g,16-2
2dj3D16BYg,16-4
2dj3D16C3g,16-1
2dj3D16CWg,16-3
2dj3D16D1g,16-2
2dj3D16DVg,16-4
2dj3D16E0g,16-1
2dj3D16ETg,16-3
2dj3D16Ewg,16-2
2dj3D16FSg,16-4
2dj3D16Fvg,16-1
2dj3D16GQg,16-3
2dj3D16Gtg,16-2
2dj3D16HPg,16-4
2dj3D16Hsg,16-1
2dj3D16INg,16-3
2dj3D16Iqg,16-2
2dj3D16JKg,16-4
2dj3D16JmA,16-1
2dj3D16KGA,16-3
2dj3D16KhA,16-2
2dj3D16L9A,16-4
2dj3D16LhA,16-1
2dj3D16MIA,16-3
2dt12245re,133-1
2dt12246Me,124-1
2dt12246qe,124-2
2dt12247Le,124-3
2dt12247oe,124-1
2dt12248Ke,124-2
2dt12248oe,124-3
2dt12249Je,124-1
2dt12249me,124-2
2dt1224AIe,124-3
2dt1224Ale,124-1
2dt1224BGe,124-2
2dt1224Bje,124-3
2dt1224CEe,124-1
2dt1224Che,124-2
2dt1224DCe,124-3
2dt1224Dfe,124-1
2dt1224EAe,124-2
2dt1224EgY,124-3
2dt1224FDY,124-1
2dt1224FiY,124-2
2dt1224GFY,124-3
2dt1224GlY,124-1
2dt1224HJY,124-2
2dt1224HnY,124-3
2dt1224IJb,124-1
2dt1224Iob,124-2
2dt1224JJb,124-3
2dt18335we,189-1
2dt18336jc,133-1
2dt18337Zc,133-1
2dt18338QZ,133-2
2dt18339HZ,133-2
2dt1833FdZ,17-12
2dt1833GVZ,133-3
2dt1833HMZ,133-3
2dt1833IDZ,133-3
2dt1833J1c,133-3
2dt22247Be,124-1
2dt22247qe,124-2
2dt22248Xe,124-1
2dt22249Ee,124-2
2dt22249ue,124-1
2dt2224Ade,124-2
2dt2224BMe,124-1
2dt2224C6e,124-2
2dt2224Cne,124-1
2dt2224DXe,124-2
2dt2224EGe,124-1
2dt2224F0e,124-2
2dt2224Fhe,124-1
2dt2224GRe,124-2
2dt2224HAe,124-1
2dt2224Hse,124-2
2dt2224Iae,124-1
2dt2224JJe,124-2
2dt32247ee,124-1
2dt32248Ge,124-1
2dt32248qe,124-1
2dt32249Se,124-1
2dt3224A4e,124-1
2dt3224Age,124-1
2dt3224BLe,124-1
2dt3224C1e,124-1
2dt3224Cfe,124-1
2dt3224DLe,124-1
2dt3224E1e,124-1
2dt3224Efe,124-1
2dt3224FLe,124-1
2dt3224G1e,124-1
2dt3224Gfe,124-1
2dt3224HLe,124-1
2dt3224I1e,124-1
2dt3224Iee,124-1
2dt3224JJe,124-1
2gO18955d0,195-1
2gO18955j0,195-1
2gO1895660,195-1
2gO18956C0,195-1
2gO18956X0,195-1
2gO18956d0,195-1
2gO1895710,195-1
2gO1895770,195-1
2gO18957T0,195-1
2gO18957Z0,195-1
2gO18957v0,195-1
2gO1895830,195-1
2gO18958P0,195-1
2gO18958V0,195-1
2gO1895Ed0,107-1
2gO1895F00,107-1
2gO1895F60,107-1
2gO1895FU0,107-1
2gO1895Fa0,107-1
2gO1895G00,107-1
2gO1895G60,107-1
2gO1895GU0,107-1
2gO1895Ga0,107-1
2gO1895H00,107-1
2gO1895H60,107-1
2gO1895HU0,107-1
2gO1895Ha0,107-1
2gO1895Hw0,107-1
2gO1895I40,107-1
2gO1895IO0,107-1
2gO1895IU0,107-1
2ih1BLUE51G,1-6
2ih1BLUE5BG,1-12
2ih1BLUE5KG,1-17
2ih1BLUE5TG,1-19
2ih1BLUE5cG,1-5
2ih1BLUE5jG,1-3
2ih1BLUE5pG,162-2
2ih1BLUE5vG,1-9
2ih1BLUE62Z,1-13
2ih1BLUE68Z,1-15
2ih1BLUE6EZ,1-21
2ih1BLUE6JZ,1-8
2ih1BLUE6OZ,74-1
2ih1BLUE6UZ,1-1
2ih1BLUE6Yt,1-24
2ih1BLUE6et,1-23
2ih1BLUE6kt,1-25
2ih1BLUE6pt,1-2
2ih1BLUE6vt,1-4
2ih1BLUE6wt,1-7
2ih1BLUE75E,1-26
2ih1BLUE7AE,1-6
2ih1BLUE7BE,8-20
2ih1BLUE7GE,1-10
2ih1BLUE7KE,1-32
2ih1BLUE7ME,1-12
2ih1BLUE7OE,1-16
2ih1BLUE7SE,1-37
2ih1BLUE7WE,8-26
2ih1BLUE7YE,1-14
2ih1BLUE7aE,1-20
2ih1BLUE7eE,1-40
2ih1BLUE7iE,1-17
2ih1BLUE7kE,1-5
2ih1BLUE7mE,1-43
2ih1BLUE7qE,1-44
2ih1BLUE7uE,1-19
2ih1BLUE7wE,1-39
2ih1BLUE81E,1-30
2ih1BLUE85E,1-22
2ih1BLUE89E,1-34
2ih1BLUE8BE,1-9
2ih1BLUE8DE,16-7
2ih1BLUE8HE,1-27
2ih1BLUE8LE,1-11
2ih1BLUE8NE,1-46
2ih1BLUE8PE,1-3
2ih1BLUE8TE,1-13
2ih1BLUE8XE,162-2
2ih1BLUE8ZE,1-33
2ih1BLUE8bE,1-15
2ih1BLUE8fE,1-42
2ih1BLUE8iE,1-21
2ih1BLUE8kE,1-50
2ih1BLUE8mE,1-28
2ih1BLUE8qE,1-8
2ih1BLUE8vE,1-29
2ih1BLUE8wE,1-16
2ih1BLUE94E,1-38
2ih1BLUE9AE,1-41
2ih1BLUE9BE,1-45
2ih1BLUE9IE,1-23
2ih1BLUE9OE,1-43
2ih1BLUE9UE,1-2
2ih1BLUE9aE,1-6
2ih1BLUE9gE,1-7
2ih1BLUE9mE,1-30
2ih1BLUE9sE,1-10
2ih1BLUEA0E,1-3
2ih1BLUEA6t,1-12
2ih1BLUEACt,1-5
2ih1BLUEAIt,1-37
2ih1BLUEAOt,1-44
2ih1BLUEAUt,1-51
2ih1BLUEAaZ,1-22
2ih1BLUEAgZ,1-39
2ih1BLUEAmZ,1-27
2ih1BLUEAsZ,1-9
2ih1BLUEB0Z,1-13
2ih1BLUEB6Z,1-46
2ih1BLUEBCZ,1-42
2ih1BLUEBIZ,1-33
2ih1BLUEBOZ,1-8
2ih1BLUEBTZ,1-50
2ih1BLUEBZZ,1-38
2ih1BLUEBeZ,1-16
2ih1BLUEBkZ,1-23
2ih1BLUEBqZ,1-45
2ih1BLUEBwZ,1-2
2ih1BLUEC5Z,1-43
2ih1BLUECBZ,1-7
2ih1BLUECHZ,1-6
2ih1BLUECNZ,1-10
2ih1BLUECTZ,1-30
2ih1BLUECZZ,1-12
2ih1BLUECfZ,1-3
2ih1BLUEClZ,1-37
2ih1BLUECrZ,1-5
2ih1BLUECxZ,1-51
2ih1BLUED6Z,1-44
2ih1BLUEDCZ,1-39
2ih1BLUEDIZ,1-22
2ih1BLUEDOZ,1-9
2ih1BLUEDUZ,1-27
2ih1BLUEDaZ,1-46
2ih1BLUEDgZ,1-13
2ih1BLUEDmZ,1-33
2ih1BLUEDsZ,1-42
2ih1BLUEE0Z,1-50
2ih1BLUEE6Z,1-8
2ih1BLUEECZ,1-16
2ih1BLUEEIZ,1-38
2ih1BLUEEOZ,1-45
2ih1BLUEEUZ,1-23
2ih1BLUEEaZ,1-43
2ih1BLUEEhZ,1-2
2ih1BLUEEmZ,1-6
2ih1BLUEErZ,1-52
2ih1BLUEEsZ,3-35
2ih1BLUEExZ,1-30
2ih1BLUEF3Z,1-53
2ih1BLUEF4Z,1-7
2ih1BLUEF9Z,1-54
2ih1BLUEFCZ,1-3
2ih1BLUEFDZ,1-10
2ih1BLUEFHZ,1-55
2ih1BLUEFLZ,1-12
2ih1BLUEFMZ,1-56
2ih1BLUEFPZ,1-5
2ih1BLUEFSZ,1-57
2ih1BLUEFTZ,16-19
2ih1BLUEFWt,15-17
2ih1BLUEFZt,1-44
2ih1BLUEFat,1-37
2ih1BLUEFet,70-8
2ih1BLUEFht,9-27
2ih1BLUEFit,1-59
2ih1BLUEFmt,1-22
2ih1BLUEFpt,172-5
2ih1BLUEFqt,1-51
2ih1BLUEFut,1-64
2ih1BLUEFxt,1-66
2ih1BLUEG0t,1-39
2ih1BLUEG4E,177-2
2ih1BLUEG7E,1-70
2ih1BLUEG8E,1-65
2ih1BLUEGCE,17-4
2ih1BLUEGGE,1-9
2ih1BLUEGHE,1-46
2ih1BLUEGKE,1-72
2ih1BLUEGNE,1-73
2ih1BLUEGOE,1-58
2ih1BLUEGSE,1-33
2ih1BLUEGVE,1-74
2ih1BLUEGWE,1-61
2ih1BLUEGaE,1-75
2ih1BLUEGdE,1-50
2ih1BLUEGeE,1-63
2ih1BLUEGiE,1-76
2ih1BLUEGlE,171-5
2ih1BLUEGmE,1-42
2ih1BLUEGqE,1-16
2ih1BLUEGtE,1-52
2ih1BLUEGuE,1-53
2ih1BLUEH0E,1-60
2ih1BLUEH3E,1-45
2ih1BLUEH4E,1-71
2ih1BLUEH8E,1-68
2ih1BLUEHBE,1-8
2ih1BLUEHCE,1-38
2ih1BLUEHGE,1-43
2ih1BLUEHJE,1-3
2ih1BLUEHKE,1-57
2ih1BLUEHOE,74-3
2ih1BLUEHRE,1-2
2ih1BLUEHSE,1-44
2ih1BLUEHWE,8-39
2ih1BLUEHaE,1-46
2ih1BLUEHbE,1-62
2ih1BLUEHgE,1-30
2ih1BLUEHkE,1-78
2ih1BLUEHlE,189-5
2ih1BLUEHqE,1-54
2ih1BLUEHvE,162-2
2ih1BLUEHwE,1-66
2ih1BLUEI4E,1-12
2ih1BLUEIAE,1-55
2ih1BLUEIBE,1-5
2ih1BLUEIHE,1-7
2ih1BLUEIOE,1-22
2ih1BLUEIPE,1-51
2ih1BLUEIWt,179-5
2ih1BLUEIet,1-59
2ih1BLUEIft,1-39
2ih1BLUEInt,10-7
2ih1BLUEIwt,1-8
2ih1BLUEJ8Z,1-75
2ih1BLUEJIZ,1-50
2ih1BLUEJSZ,1-16
2ih1BLUEJdG,1-60
2ih1BLUEJoG,1-74
2ih1BLUEK1G,74-3
2ih1BLUEKCG,9-15
2ih1BLUEKNG,1-30
2ih1BLUEKYG,1-7
2ih1BLUEKjG,1-55
2ih1BLUEKuG,74-17
2ih1BLUEL8G,1-59
2ih1BLUELLG,1-75
2ih1BLUELYG,1-8
2ih1BLUELmG,1-16
2ih1BLUEM2G,1-60
2ih1BLUEMGG,6-20
2ih1BLUEMUG,74-3
2ih1BLUEMiG,171-5
2ih1BLUEMxG,74-2
2ih1BLUENDG,74-17
2ih1BLUENSG,1-59
2ih1BLUENhG,28-10
2ih1BLUENwG,15-1
2ih1BLUEOCG,1-74
2ih1BLUEOQG,1-60
2ih1BLUEOfG,6-20
2ih1BLUEOuG,171-5
2ih1BLUEPBG,74-2
2ih1BLUEPRG,74-17
2ih1FX25Vr,2-3
2ih1FX25fr,8-8
2ih1FX25or,74-6
2ih1FX261r,8-13
2ih1FX26Cr,2-2
2ih1FX26Nr,2-4
2ih1FX26Xr,2-5
2ih1FX26dr,2-14
2ih1FX26jr,2-6
2ih1FX26or,2-10
2ih1FX26tr,2-7
2ih1FX270r,2-12
2ih1FX275r,2-8
2ih1FX27Br,2-16
2ih1FX27Gr,2-3
2ih1FX27Lr,2-18
2ih1FX27Qr,2-1
2ih1FX27Vr,2-20
2ih1FX27br,2-9
2ih1FX27hr,2-15
2ih1FX27nr,2-11
2ih1FX27tr,2-13
2ih1FX280r,2-2
2ih1FX286r,2-17
2ih1FX28Cr,2-4
2ih1FX28Ir,2-19
2ih1FX28Nr,2-5
2ih1FX28Tr,2-14
2ih1FX28Zr,2-6
2ih1FX28fr,2-10
2ih1FX28kr,2-7
2ih1FX28pr,2-12
2ih1FX28vr,2-8
2ih1FX298r,2-3
2ih1FX29Jr,2-1
2ih1FX29Ur,2-9
2ih1FX29fr,2-11
2ih1FX29qr,2-2
2ih1FX2A3r,2-4
2ih1FX2AEr,2-5
2ih1FX2AOr,2-6
2ih1FX2AZr,2-7
2ih1FX2Akr,2-8
2ih1FX2Avr,2-3
2ih1FX2B7r,2-1
2ih1FX2BIr,2-9
2ih1FX2BTr,2-11
2ih1FX2Ber,2-2
2ih1FX2Bor,2-4
2ih1FX2C1r,2-5
2ih1FX2CBr,2-6
2ih1FX2CMr,2-7
2ih1FX2CXr,2-8
2ih1FX2Cir,2-3
2ih1FX2Ctr,2-1
2ih1FX2D6r,2-9
2ih1FX2DHr,2-11
2ih1FX2DSr,2-2
2ih1FX2Dcr,2-4
2ih1FX2Dnr,2-5
2ih1FX2E0r,2-6
2ih1FX2EBr,2-7
2ih1FX2EMr,2-8
2ih1FX2EYr,2-3
2ih1FX2Ekr,2-21
2ih1FX2Evr,2-9
2ih1FX2F8r,2-11
2ih1FX2FFr,2-29
2ih1FX2FLr,2-2
2ih1FX2FRr,2-23
2ih1FX2FXr,2-4
2ih1FX2Fcr,2-25
2ih1FX2Fir,2-5
2ih1FX2For,2-28
2ih1FX2Fur,2-6
2ih1FX2G2r,2-31
2ih1FX2G8r,2-7
2ih1FX2GEr,2-27
2ih1FX2GKr,2-8
2ih1FX2GQr,2-24
2ih1FX2GWr,2-26
2ih1FX2Gcr,2-3
2ih1FX2Gir,2-30
2ih1FX2Gor,2-21
2ih1FX2Gur,2-9
2ih1FX2H2r,2-32
2ih1FX2H8r,2-11
2ih1FX2HEr,2-29
2ih1FX2HKr,2-2
2ih1FX2HQr,2-23
2ih1FX2HWr,2-4
2ih1FX2Hcr,2-25
2ih1FX2Hir,2-5
2ih1FX2Hor,2-28
2ih1FX2Htr,2-6
2ih1FX2I1r,2-31
2ih1FX2I7r,2-7
2ih1FX2IDr,2-27
2ih1FX2IJr,2-8
2ih1FX2IPr,2-24
2ih1FX2IWr,2-26
2ih1FX2Ihr,2-30
2ih1FX2Isr,2-9
2ih1FX2J4r,2-11
2ih1FX2JFr,2-2
2ih1FX2JPr,2-4
2ih1FX2Jcr,2-22
2ih1FX2Jur,2-31
2ih1FX2KGr,2-26
2ih1FX2Kbr,2-9
2ih1FX2Kvr,2-2
2ih1FX2LHr,2-22
2ih1FX2Lbr,2-31
2ih1FX2Lvr,2-26
2ih1FX2MJr,2-9
2ih1FX2Mhr,2-2
2ih1FX2N7r,2-22
2ih1FX2NWr,2-26
2ih1FX2Nur,2-9
2ih1FX2OJr,5-4
2ih1FX2Ogr,2-22
2ih1FX2P5r,2-26
2ih1FX2PSr,2-9
2ih1FX35OK,3-1
2ih1FX35cK,3-15
2ih1FX35qK,3-2
2ih1FX365K,3-4
2ih1FX36GK,3-8
2ih1FX36RK,3-11
2ih1FX36dK,3-14
2ih1FX36lK,3-6
2ih1FX36tK,3-9
2ih1FX371K,3-5
2ih1FX377K,3-17
2ih1FX37CK,3-3
2ih1FX37IK,3-21
2ih1FX37NK,3-20
2ih1FX37SK,3-7
2ih1FX37XK,3-26
2ih1FX37cK,3-16
2ih1FX37hK,3-10
2ih1FX37nK,3-22
2ih1FX37sK,3-30
2ih1FX37xK,3-13
2ih1FX384K,3-25
2ih1FX38AK,3-1
2ih1FX38GK,3-29
2ih1FX38MK,3-15
2ih1FX38SK,3-18
2ih1FX38YK,3-19
2ih1FX38eK,3-2
2ih1FX38kK,3-23
2ih1FX38uK,3-27
2ih1FX397K,3-28
2ih1FX39IK,3-31
2ih1FX39TK,3-32
2ih1FX39fK,3-33
2ih1FX39pK,3-9
2ih1FX3A2K,3-17
2ih1FX3ADK,3-21
2ih1FX3AOK,3-7
2ih1FX3AYK,3-16
2ih1FX3AiK,3-22
2ih1FX3AtK,3-13
2ih1FX3B6K,3-1
2ih1FX3BHK,3-15
2ih1FX3BSK,3-19
2ih1FX3BcK,3-23
2ih1FX3BnK,3-27
2ih1FX3C0K,3-28
2ih1FX3CBK,3-31
2ih1FX3CMK,3-32
2ih1FX3CXK,3-33
2ih1FX3CiK,3-9
2ih1FX3CtK,3-17
2ih1FX3D6K,3-21
2ih1FX3DHK,3-7
2ih1FX3DRK,3-16
2ih1FX3DcK,3-22
2ih1FX3DnK,3-13
2ih1FX3DxK,3-1
2ih1FX3EAK,3-15
2ih1FX3ELK,3-19
2ih1FX3EVK,3-23
2ih1FX3EfK,3-34
2ih1FX3EqK,3-27
2ih1FX3F1K,3-28
2ih1FX3FAK,3-31
2ih1FX3FHK,3-32
2ih1FX3FNK,3-36
2ih1FX3FTK,3-33
2ih1FX3FZK,3-37
2ih1FX3FfK,3-9
2ih1FX3FlK,3-40
2ih1FX3FrK,3-17
2ih1FX3FxK,3-42
2ih1FX3G5K,3-21
2ih1FX3GBK,3-43
2ih1FX3GHK,3-7
2ih1FX3GNK,3-38
2ih1FX3GTK,3-16
2ih1FX3GZK,3-48
2ih1FX3GfK,3-22
2ih1FX3GlK,3-35
2ih1FX3GrK,3-13
2ih1FX3GxK,3-45
2ih1FX3H5K,3-1
2ih1FX3HBK,3-47
2ih1FX3HHK,3-41
2ih1FX3HNK,3-50
2ih1FX3HTK,3-12
2ih1FX3HZK,3-19
2ih1FX3HfK,3-23
2ih1FX3HlK,3-44
2ih1FX3HsK,3-34
2ih1FX3I2K,3-46
2ih1FX3ICK,3-49
2ih1FX3IOK,3-31
2ih1FX3IbK,3-36
2ih1FX3InK,3-9
2ih1FX3J4K,3-17
2ih1FX3JKK,3-43
2ih1FX3JVK,3-7
2ih1FX3JiK,3-38
2ih1FX3K9K,3-35
2ih1FX3KXK,3-12
2ih1FX3KvK,3-46
2ih1FX3LKK,3-31
2ih1FX3LhK,3-9
2ih1FX3M6K,3-43
2ih1FX3MTK,3-38
2ih1FX3MqK,3-35
2ih1FX3NEK,3-12
2ih1FX3Nbr,3-46
2ih1FX3Nxr,3-31
2ih1FX3OLr,3-9
2ih1FX3Ohr,3-43
2ih1FX3P5r,3-38
2ih1FX3PSr,3-35
2ih2BLUE53G,1-2
2ih2BLUE5HG,1-3
2ih2BLUE5UG,1-7
2ih2BLUE5hG,1-8
2ih2BLUE5vG,1-10
2ih2BLUE69Z,1-5
2ih2BLUE6NZ,1-6
2ih2BLUE6Zt,1-9
2ih2BLUE6nt,1-4
2ih2BLUE73E,1-1
2ih2BLUE7HE,1-2
2ih2BLUE7VE,1-3
2ih2BLUE7jE,1-7
2ih2BLUE7xE,1-8
2ih2BLUE8DE,1-10
2ih2BLUE8QE,1-5
2ih2BLUE8dE,1-6
2ih2BLUE8pE,1-9
2ih2BLUE93E,1-11
2ih2BLUE9EE,1-1
2ih2BLUE9PE,1-4
2ih2BLUE9aE,1-12
2ih2BLUE9lE,1-2
2ih2BLUE9wE,1-3
2ih2BLUEA8t,1-7
2ih2BLUEAJt,1-8
2ih2BLUEATt,1-13
2ih2BLUEAeZ,1-5
2ih2BLUEAoZ,1-10
2ih2BLUEB0Z,1-14
2ih2BLUEBAZ,1-6
2ih2BLUEBKZ,1-9
2ih2BLUEBUZ,1-11
2ih2BLUEBeZ,1-1
2ih2BLUEBoZ,1-15
2ih2BLUEBxZ,1-12
2ih2BLUEC9Z,1-4
2ih2BLUECJZ,1-3
2ih2BLUECTZ,1-2
2ih2BLUECdZ,1-8
2ih2BLUECoZ,1-7
2ih2BLUED1Z,1-5
2ih2BLUEDBZ,1-13
2ih2BLUEDLZ,1-14
2ih2BLUEDVZ,1-10
2ih2BLUEDfZ,1-9
2ih2BLUEDpZ,1-6
2ih2BLUEE2Z,1-1
2ih2BLUEECZ,1-11
2ih2BLUEEMZ,1-12
2ih2BLUEEWZ,1-15
2ih2BLUEEgZ,1-3
2ih2BLUEEqZ,1-4
2ih2BLUEF2Z,1-8
2ih2BLUEFDZ,1-2
2ih2BLUEFOZ,1-5
2ih2BLUEFYt,1-7
2ih2BLUEFit,1-14
2ih2BLUEFst,1-13
2ih2BLUEG5E,1-9
2ih2BLUEGFE,1-10
2ih2BLUEGQE,1-1
2ih2BLUEGaE,1-6
2ih2BLUEGkE,1-12
2ih2BLUEGuE,1-11
2ih2BLUEH6E,1-3
2ih2BLUEHGE,1-15
2ih2BLUEHQE,1-8
2ih2BLUEHbE,1-4
2ih2BLUEHmE,1-5
2ih2BLUEHwE,1-2
2ih2BLUEI8E,1-14
2ih2BLUEIIE,1-7
2ih2BLUEITE,1-9
2ih2BLUEIdt,1-13
2ih2BLUEInt,1-1
2ih2BLUEJ0t,1-10
2ih2BLUEJCZ,1-12
2ih2BLUEJOZ,1-6
2ih2BLUEJeG,1-3
2ih2BLUEJuG,1-15
2ih2BLUEKBG,1-4
2ih2BLUEKQG,1-5
2ih2BLUEKgG,1-14
2ih2BLUEKwG,1-9
2ih2BLUELDG,1-1
2ih2BLUELTG,1-10
2ih2BLUELiG,8-6
2ih2BLUELxG,1-3
2ih2BLUEMEG,8-8
2ih2BLUEMTG,1-4
2ih2BLUEMiG,1-5
2ih2BLUEMxG,1-14
2ih2BLUENDG,1-9
2ih2BLUENSG,1-1
2ih2BLUENhG,1-10
2ih2BLUENwG,8-6
2ih2BLUEOCG,1-3
2ih2BLUEOQG,8-8
2ih2BLUEOfG,1-4
2ih2BLUEOuG,1-5
2ih2BLUEPBG,1-14
2ih2BLUEPRG,1-9
2ih2FX25qr,2-2
2ih2FX26Fr,2-4
2ih2FX26cr,2-1
2ih2FX271r,2-3
2ih2FX27Or,2-2
2ih2FX27lr,2-4
2ih2FX28Ar,2-1
2ih2FX28Xr,2-3
2ih2FX28ur,2-2
2ih2FX29Kr,2-4
2ih2FX29ir,2-1
2ih2FX2A6r,2-3
2ih2FX2APr,2-5
2ih2FX2Ahr,2-2
2ih2FX2B1r,2-4
2ih2FX2BIr,2-6
2ih2FX2BZr,2-1
2ih2FX2Bqr,2-3
2ih2FX2C9r,2-5
2ih2FX2CRr,2-2
2ih2FX2Cir,2-4
2ih2FX2D2r,2-6
2ih2FX2DJr,2-1
2ih2FX2Dar,2-3
2ih2FX2Dsr,2-5
2ih2FX2ECr,2-2
2ih2FX2ETr,2-4
2ih2FX2Elr,2-6
2ih2FX2F4r,2-1
2ih2FX2FLr,2-3
2ih2FX2Fdr,2-5
2ih2FX2Fvr,2-2
2ih2FX2GEr,2-4
2ih2FX2GWr,2-6
2ih2FX2Gnr,2-1
2ih2FX2H6r,2-3
2ih2FX2HOr,2-5
2ih2FX2Hgr,2-2
2ih2FX2Hxr,2-4
2ih2FX2IHr,2-6
2ih2FX2IXr,2-1
2ih2FX2Ior,2-3
2ih2FX2J8r,2-5
2ih2FX2JVr,2-2
2ih2FX2Jtr,2-4
2ih2FX2KKr,2-1
2ih2FX2Kir,2-5
2ih2FX2L8r,2-2
2ih2FX2LWr,2-4
2ih2FX2Lur,2-1
2ih2FX2MLr,2-5
2ih2FX2Mjr,2-2
2ih2FX2N8r,2-4
2ih2FX2NWr,2-1
2ih2FX2Ntr,2-5
2ih2FX2OJr,2-2
2ih2FX2Ogr,2-4
2ih2FX2P5r,2-1
2ih2FX2PSr,2-5
2ih2FX36Br,3-2
2ih2FX36Wr,3-6
2ih2FX36rr,3-4
2ih2FX37Er,3-1
2ih2FX37Zr,3-3
2ih2FX37vr,3-5
2ih2FX38Kr,3-7
2ih2FX38hr,3-2
2ih2FX395r,3-6
2ih2FX39Sr,3-4
2ih2FX39or,3-1
2ih2FX3ACK,3-3
2ih2FX3AUK,3-9
2ih2FX3AlK,3-5
2ih2FX3B3K,3-7
2ih2FX3BIK,3-8
2ih2FX3BZK,3-2
2ih2FX3BpK,3-6
2ih2FX3C8K,3-4
2ih2FX3CPK,3-10
2ih2FX3CfK,3-1
2ih2FX3CvK,3-3
2ih2FX3DEK,3-9
2ih2FX3DVK,3-5
2ih2FX3DmK,3-7
2ih2FX3E5K,3-8
2ih2FX3EMK,3-2
2ih2FX3EdK,3-6
2ih2FX3EuK,3-4
2ih2FX3FDK,3-10
2ih2FX3FTK,3-1
2ih2FX3FjK,3-3
2ih2FX3G2K,3-9
2ih2FX3GJK,3-5
2ih2FX3GaK,3-7
2ih2FX3GrK,3-8
2ih2FX3HAK,3-2
2ih2FX3HRK,3-6
2ih2FX3HiK,3-4
2ih2FX3I1K,3-10
2ih2FX3IHK,3-1
2ih2FX3IXK,3-3
2ih2FX3IoK,3-9
2ih2FX3J7K,3-5
2ih2FX3JOK,3-7
2ih2FX3JfK,3-8
2ih2FX3JwK,3-2
2ih2FX3KFK,3-6
2ih2FX3KaK,3-4
2ih2FX3KwK,3-10
2ih2FX3LLK,3-3
2ih2FX3LiK,3-9
2ih2FX3M7K,3-7
2ih2FX3MUK,3-8
2ih2FX3MsK,3-6
2ih2FX3NGK,3-4
2ih2FX3Nbr,3-10
2ih2FX3Nxr,3-3
2ih2FX3OLr,3-9
2ih2FX3Ohr,3-7
2ih2FX3P5r,3-8
2ih2FX3PSr,3-6
2ih3BLUE5pG,1-5
2ih3BLUE64Z,1-7
2ih3BLUE6IZ,1-2
2ih3BLUE6Vt,1-4
2ih3BLUE6it,1-1
2ih3BLUE6wt,1-10
2ih3BLUE7CE,1-6
2ih3BLUE7QE,1-8
2ih3BLUE7eE,1-9
2ih3BLUE7sE,1-3
2ih3BLUE88E,1-5
2ih3BLUE8LE,1-7
2ih3BLUE8YE,1-2
2ih3BLUE8kE,1-4
2ih3BLUE8wE,1-11
2ih3BLUE99E,1-10
2ih3BLUE9KE,1-1
2ih3BLUE9VE,1-12
2ih3BLUE9gE,1-6
2ih3BLUE9rE,1-8
2ih3BLUEA3t,1-9
2ih3BLUEAEt,1-3
2ih3BLUEAPt,1-13
2ih3BLUEAbZ,1-7
2ih3BLUEAmZ,1-5
2ih3BLUEB1Z,1-4
2ih3BLUEBCZ,1-2
2ih3BLUEBOZ,1-10
2ih3BLUEBaZ,1-11
2ih3BLUEBmZ,1-12
2ih3BLUEBxZ,1-1
2ih3BLUECBZ,1-8
2ih3BLUECNZ,1-6
2ih3BLUECZZ,1-3
2ih3BLUEClZ,1-9
2ih3BLUECwZ,1-7
2ih3BLUEDAZ,1-13
2ih3BLUEDMZ,1-4
2ih3BLUEDYZ,1-5
2ih3BLUEDjZ,1-10
2ih3BLUEDvZ,1-2
2ih3BLUEE9Z,1-12
2ih3BLUEELZ,1-11
2ih3BLUEEXZ,1-8
2ih3BLUEEjZ,1-1
2ih3BLUEEvZ,1-3
2ih3BLUEF9Z,1-6
2ih3BLUEFLZ,1-7
2ih3BLUEFXt,1-9
2ih3BLUEFjt,1-4
2ih3BLUEFvt,1-13
2ih3BLUEG9E,1-10
2ih3BLUEGLE,1-5
2ih3BLUEGXE,1-12
2ih3BLUEGjE,1-2
2ih3BLUEGvE,1-8
2ih3BLUEH9E,1-11
2ih3BLUEHLE,1-3
2ih3BLUEHXE,1-1
2ih3BLUEHjE,1-7
2ih3BLUEHvE,1-6
2ih3BLUEI9E,1-4
2ih3BLUEIME,1-9
2ih3BLUEIZt,1-10
2ih3BLUEInt,1-13
2ih3BLUEJ5Z,1-12
2ih3BLUEJLZ,1-2
2ih3BLUEJbG,1-8
2ih3BLUEJqG,1-11
2ih3BLUEK7G,1-1
2ih3BLUEKNG,1-7
2ih3BLUEKdG,1-4
2ih3BLUEKtG,1-9
2ih3BLUELAG,1-10
2ih3BLUELQG,1-12
2ih3BLUELfG,8-7
2ih3BLUELuG,1-8
2ih3BLUEMAG,8-8
2ih3BLUEMPG,1-1
2ih3BLUEMeG,1-7
2ih3BLUEMsG,1-4
2ih3BLUEN9G,1-9
2ih3BLUENOG,1-10
2ih3BLUENdG,1-12
2ih3BLUENtG,8-7
2ih3BLUEOCG,1-8
2ih3FX26Vr,2-3
2ih3FX271r,2-1
2ih3FX27Vr,2-2
2ih3FX281r,2-3
2ih3FX28Wr,2-1
2ih3FX293r,2-2
2ih3FX29Zr,2-3
2ih3FX2A7r,2-1
2ih3FX2Aer,2-2
2ih3FX2BDr,2-3
2ih3FX2BXr,2-5
2ih3FX2Bsr,2-1
2ih3FX2CFr,2-4
2ih3FX2Car,2-2
2ih3FX2Cvr,2-3
2ih3FX2DIr,2-5
2ih3FX2Ddr,2-1
2ih3FX2E0r,2-4
2ih3FX2ELr,2-2
2ih3FX2Egr,2-3
2ih3FX2F3r,2-5
2ih3FX2FOr,2-1
2ih3FX2Fjr,2-4
2ih3FX2G6r,2-2
2ih3FX2GRr,2-3
2ih3FX2Gmr,2-5
2ih3FX2H9r,2-1
2ih3FX2HUr,2-4
2ih3FX2Hpr,2-2
2ih3FX2ICr,2-3
2ih3FX2IWr,2-5
2ih3FX2Irr,2-1
2ih3FX2JFr,2-4
2ih3FX2Jer,2-2
2ih3FX2KCr,2-5
2ih3FX2Kir,2-1
2ih3FX2LGr,2-2
2ih3FX2Lmr,2-5
2ih3FX2MKr,2-1
2ih3FX2Mrr,2-2
2ih3FX2NPr,2-5
2ih3FX2Nur,2-1
2ih3FX36br,3-2
2ih3FX377r,3-4
2ih3FX37cr,3-1
2ih3FX388r,3-3
2ih3FX38er,3-5
2ih3FX39Cr,3-2
2ih3FX39gr,3-4
2ih3FX3A7K,3-7
2ih3FX3AQK,3-1
2ih3FX3AkK,3-3
2ih3FX3B6K,3-6
2ih3FX3BQK,3-5
2ih3FX3BkK,3-8
2ih3FX3C7K,3-2
2ih3FX3CSK,3-4
2ih3FX3CnK,3-7
2ih3FX3DAK,3-1
2ih3FX3DVK,3-3
2ih3FX3DqK,3-6
2ih3FX3EDK,3-5
2ih3FX3EYK,3-8
2ih3FX3EtK,3-2
2ih3FX3FGK,3-4
2ih3FX3FbK,3-7
2ih3FX3FwK,3-1
2ih3FX3GJK,3-3
2ih3FX3GeK,3-6
2ih3FX3H1K,3-5
2ih3FX3HMK,3-8
2ih3FX3HhK,3-2
2ih3FX3I4K,3-4
2ih3FX3IPK,3-7
2ih3FX3IkK,3-1
2ih3FX3J7K,3-3
2ih3FX3JSK,3-6
2ih3FX3JtK,3-5
2ih3FX3KNK,3-8
2ih3FX3KoK,3-4
2ih3FX3LHK,3-7
2ih3FX3LhK,3-1
2ih3FX3MAK,3-6
2ih3FX3MbK,3-5
2ih3FX3N4K,3-8
2ih3FX3NUK,3-4
2ih3FX3Ntr,3-7
49l1BLUE52S,1-6
49l1BLUE5CS,1-12
49l1BLUE5LS,1-17
49l1BLUE5US,1-19
49l1BLUE5dS,1-5
49l1BLUE5kS,1-3
49l1BLUE5qS,162-2
49l1BLUE5wS,1-9
49l1BLUE646,1-13
49l1BLUE6A6,1-15
49l1BLUE6G6,1-21
49l1BLUE6L6,1-8
49l1BLUE6Q6,74-1
49l1BLUE6W6,1-1
49l1BLUE6ah,1-24
49l1BLUE6gh,1-23
49l1BLUE6mh,1-25
49l1BLUE6rh,1-2
49l1BLUE6xh,1-4
49l1BLUE70h,1-7
49l1BLUE77K,1-26
49l1BLUE7CK,1-6
49l1BLUE7DK,8-20
49l1BLUE7IK,1-10
49l1BLUE7MK,1-32
49l1BLUE7OK,1-12
49l1BLUE7QK,1-16
49l1BLUE7UK,1-37
49l1BLUE7YK,8-26
49l1BLUE7aK,1-14
49l1BLUE7cK,1-20
49l1BLUE7gK,1-40
49l1BLUE7kK,1-17
49l1BLUE7mK,1-5
49l1BLUE7oK,1-43
49l1BLUE7sK,1-44
49l1BLUE7wK,1-19
49l1BLUE80K,1-39
49l1BLUE83K,1-30
49l1BLUE87K,1-22
49l1BLUE8BK,1-34
49l1BLUE8DK,1-9
49l1BLUE8FK,16-7
49l1BLUE8JK,1-27
49l1BLUE8NK,1-11
49l1BLUE8PK,1-46
49l1BLUE8RK,1-3
49l1BLUE8VK,1-13
49l1BLUE8ZK,162-2
49l1BLUE8bK,1-33
49l1BLUE8dK,1-15
49l1BLUE8hK,1-42
49l1BLUE8kK,1-21
49l1BLUE8mK,1-50
49l1BLUE8oK,1-28
49l1BLUE8sK,1-8
49l1BLUE8xK,1-29
49l1BLUE90K,1-16
49l1BLUE96K,1-38
49l1BLUE9CK,1-41
49l1BLUE9DK,1-45
49l1BLUE9KK,1-23
49l1BLUE9QK,1-43
49l1BLUE9WK,1-2
49l1BLUE9cK,1-6
49l1BLUE9iK,1-7
49l1BLUE9oK,1-30
49l1BLUE9uK,1-10
49l1BLUEA2K,1-3
49l1BLUEA8h,1-12
49l1BLUEAEh,1-5
49l1BLUEAKh,1-37
49l1BLUEAQh,1-44
49l1BLUEAWh,1-51
49l1BLUEAc6,1-22
49l1BLUEAi6,1-39
49l1BLUEAo6,1-27
49l1BLUEAu6,1-9
49l1BLUEB26,1-13
49l1BLUEB86,1-46
49l1BLUEBE6,1-42
49l1BLUEBK6,1-33
49l1BLUEBQ6,1-8
49l1BLUEBV6,1-50
49l1BLUEBb6,1-38
49l1BLUEBg6,1-16
49l1BLUEBm6,1-23
49l1BLUEBs6,1-45
49l1BLUEC06,1-2
49l1BLUEC76,1-43
49l1BLUECD6,1-7
49l1BLUECJ6,1-6
49l1BLUECP6,1-10
49l1BLUECV6,1-30
49l1BLUECb6,1-12
49l1BLUECh6,1-3
49l1BLUECn6,1-37
49l1BLUECt6,1-5
49l1BLUED16,1-51
49l1BLUED86,1-44
49l1BLUEDE6,1-39
49l1BLUEDK6,1-22
49l1BLUEDQ6,1-9
49l1BLUEDW6,1-27
49l1BLUEDc6,1-46
49l1BLUEDi6,1-13
49l1BLUEDo6,1-33
49l1BLUEDu6,1-42
49l1BLUEE26,1-50
49l1BLUEE86,1-8
49l1BLUEEE6,1-16
49l1BLUEEK6,1-38
49l1BLUEEQ6,1-45
49l1BLUEEW6,1-23
49l1BLUEEc6,1-43
49l1BLUEEj6,1-2
49l1BLUEEo6,1-6
49l1BLUEEt6,1-52
49l1BLUEEu6,3-35
49l1BLUEF16,1-30
49l1BLUEF56,1-53
49l1BLUEF66,1-7
49l1BLUEFB6,1-54
49l1BLUEFE6,1-3
49l1BLUEFF6,1-10
49l1BLUEFJ6,1-55
49l1BLUEFN6,1-12
49l1BLUEFO6,1-56
49l1BLUEFR6,1-5
49l1BLUEFU6,1-57
49l1BLUEFV6,16-19
49l1BLUEFYh,15-17
49l1BLUEFbh,1-44
49l1BLUEFch,1-37
49l1BLUEFgh,70-8
49l1BLUEFjh,9-27
49l1BLUEFkh,1-59
49l1BLUEFoh,1-22
49l1BLUEFrh,172-5
49l1BLUEFsh,1-51
49l1BLUEFwh,1-64
49l1BLUEG1h,1-66
49l1BLUEG2h,1-39
49l1BLUEG6K,177-2
49l1BLUEG9K,1-70
49l1BLUEGAK,1-65
49l1BLUEGEK,17-4
49l1BLUEGIK,1-9
49l1BLUEGJK,1-46
49l1BLUEGMK,1-72
49l1BLUEGPK,1-73
49l1BLUEGQK,1-58
49l1BLUEGUK,1-33
49l1BLUEGXK,1-74
49l1BLUEGYK,1-61
49l1BLUEGcK,1-75
49l1BLUEGfK,1-50
49l1BLUEGgK,1-63
49l1BLUEGkK,1-76
49l1BLUEGnK,171-5
49l1BLUEGoK,1-42
49l1BLUEGsK,1-16
49l1BLUEGvK,1-52
49l1BLUEGwK,1-53
49l1BLUEH2K,1-60
49l1BLUEH5K,1-45
49l1BLUEH6K,1-71
49l1BLUEHAK,1-68
49l1BLUEHDK,1-8
49l1BLUEHEK,1-38
49l1BLUEHIK,1-43
49l1BLUEHLK,1-3
49l1BLUEHMK,1-57
49l1BLUEHQK,74-3
49l1BLUEHTK,1-2
49l1BLUEHUK,1-44
49l1BLUEHYK,8-39
49l1BLUEHcK,1-46
49l1BLUEHdK,1-62
49l1BLUEHiK,1-30
49l1BLUEHmK,1-78
49l1BLUEHnK,189-5
49l1BLUEHsK,1-54
49l1BLUEHxK,162-2
49l1BLUEI0K,1-66
49l1BLUEI6K,1-12
49l1BLUEICK,1-55
49l1BLUEIDK,1-5
49l1BLUEIJK,1-7
49l1BLUEIQK,1-22
49l1BLUEIRK,1-51
49l1BLUEIYh,179-5
49l1BLUEIgh,1-59
49l1BLUEIhh,1-39
49l1BLUEIph,10-7
49l1BLUEJ0h,1-8
49l1BLUEJA6,1-75
49l1BLUEJK6,1-50
49l1BLUEJU6,1-16
49l1BLUEJeS,1-60
49l1BLUEJpS,1-74
49l1BLUEK2S,74-3
49l1BLUEKDS,9-15
49l1BLUEKOS,1-30
49l1BLUEKZS,1-7
49l1BLUEKkS,1-55
49l1BLUEKvS,74-17
49l1BLUEL9S,1-59
49l1BLUELMS,1-75
49l1BLUELZS,1-8
49l1BLUELnS,1-16
49l1BLUEM3S,1-60
49l1BLUEMHS,6-20
49l1BLUEMVS,74-3
49l1BLUEMjS,171-5
49l1BLUEN0S,74-2
49l1BLUENES,74-17
49l1BLUENTS,1-59
49l1BLUENiS,28-10
49l1BLUENxS,15-1
49l1BLUEODS,1-74
49l1BLUEORS,1-60
49l1BLUEOgS,6-20
49l1BLUEOvS,171-5
49l1BLUEPCS,74-2
49l1BLUEPSS,74-17
49l1D125K3,12-2
49l1D125e3,12-1
49l1D12613,13-2
49l1D126N3,12-2
49l1D126gp,12-1
49l1D1271p,12-3
49l1D127Kp,13-1
49l1D127cp,12-4
49l1D127up,12-1
49l1D128Ep,12-3
49l1D128Wp,12-5
49l1D128op,12-4
49l1D1298p,12-6
49l1D129Qp,12-3
49l1D129hp,12-5
49l1D12A1p,12-4
49l1D12AIp,12-6
49l1D12AZp,12-3
49l1D12Aqp,12-5
49l1D12B9p,12-4
49l1D12BQp,12-6
49l1D12Bhp,12-3
49l1D12C0p,12-5
49l1D12CHp,12-4
49l1D12CYp,12-6
49l1D12Cpp,12-3
49l1D12D8p,12-5
49l1D12DPp,12-4
49l1D12Dgp,12-6
49l1D12Dxp,12-3
49l1D12EGp,12-5
49l1D12EYp,12-4
49l1D12Eqp,12-6
49l1D12FAp,12-3
49l1D12FMe,31-5
49l1D12FXe,12-5
49l1D12Fie,12-8
49l1D12Fte,12-4
49l1D12G6e,13-13
49l1D12GHe,12-6
49l1D12GSe,13-7
49l1D12Gce,8-36
49l1D12Gne,12-9
49l1D12Gxe,12-7
49l1D12HAe,13-14
49l1D12HLe,12-8
49l1D12HXe,13-13
49l1D12Hle,13-8
49l1D12I3e,8-36
49l1D12ILe,13-17
49l1D12Igp,12-8
49l1D12J6p,15-18
49l1D12JUp,177-2
49l1D12Jqp,12-8
49l1D12KE3,15-18
49l1D12KZ3,177-2
49l1D12Ku3,12-8
49l1D12LQ3,13-8
49l1D12Lu3,12-8
49l1D12MR3,13-8
49l1D12Mw3,12-8
49l1D12O03,12-8
49l1D135A3,13-1
49l1D135U3,13-3
49l1D135p3,12-3
49l1D136C3,13-1
49l1D136X3,13-3
49l1D136rp,13-4
49l1D137Bp,13-2
49l1D137Tp,13-9
49l1D137mp,13-8
49l1D1386p,13-7
49l1D138Op,13-5
49l1D138fp,13-12
49l1D138xp,13-8
49l1D139Hp,13-7
49l1D139Zp,13-5
49l1D139qp,13-12
49l1D13AAp,13-8
49l1D13ARp,13-7
49l1D13Aip,13-5
49l1D13B1p,13-12
49l1D13BIp,13-8
49l1D13BZp,13-7
49l1D13Bqp,13-5
49l1D13C9p,13-12
49l1D13CQp,13-8
49l1D13Chp,13-7
49l1D13D0p,13-5
49l1D13DHp,13-12
49l1D13DYp,13-8
49l1D13Dpp,13-7
49l1D13E8p,13-5
49l1D13EPp,13-12
49l1D13Ehp,13-8
49l1D13F1p,13-7
49l1D13FGp,11-13
49l1D13FSe,12-7
49l1D13Fde,13-16
49l1D13Foe,13-12
49l1D13G1e,31-3
49l1D13GCe,13-8
49l1D13GNe,13-15
49l1D13GXe,12-3
49l1D13Gie,11-13
49l1D13Gse,13-17
49l1D13H5e,13-16
49l1D13HGe,12-5
49l1D13HRe,12-4
49l1D13Hee,15-18
49l1D13Hte,13-15
49l1D13IBe,177-2
49l1D13IVe,13-14
49l1D13Iqp,13-13
49l1D13JGp,13-8
49l1D13Jep,13-14
49l1D13K2p,13-13
49l1D13KO3,13-8
49l1D13Kk3,13-14
49l1D13LC3,13-13
49l1D13Lg3,177-2
49l1D13MD3,13-13
49l1D13Mi3,177-2
49l1D13NT3,13-8
49l1D13OT3,13-8
49l1D165SU,16-2
49l1D165qU,16-3
49l1D166EU,16-5
49l1D166QU,16-9
49l1D166bU,16-1
49l1D166lU,16-8
49l1D166tU,17-9
49l1D1673U,16-4
49l1D167AU,1-47
49l1D167GU,16-10
49l1D167NU,16-6
49l1D167TU,16-2
49l1D167aU,13-10
49l1D167gU,16-12
49l1D167nU,16-14
49l1D167tU,16-3
49l1D1682U,22-1
49l1D1688U,16-11
49l1D168FU,16-13
49l1D168LU,16-5
49l1D168YU,16-9
49l1D168lU,16-1
49l1D1690U,16-8
49l1D169DU,16-4
49l1D169dU,16-13
49l1D16A4U,16-7
49l1D16ATU,16-5
49l1D16AsU,16-1
49l1D16BIU,16-4
49l1D16BhU,16-13
49l1D16C8U,16-7
49l1D16CXU,16-5
49l1D16CwU,16-1
49l1D16DMU,16-4
49l1D16DlU,16-13
49l1D16ECU,16-7
49l1D16EcU,16-5
49l1D16F3U,16-1
49l1D16FIU,16-18
49l1D16FWU,16-4
49l1D16FkU,16-16
49l1D16G0U,16-13
49l1D16GEU,16-17
49l1D16GSU,16-7
49l1D16GgU,132-2
49l1D16GuU,16-5
49l1D16HAU,16-15
49l1D16HOU,16-1
49l1D16HcU,16-21
49l1D16HqU,16-4
49l1D16I6U,31-3
49l1D16IJU,16-20
49l1D16IXU,16-19
49l1D16InU,16-22
49l1D16J6U,70-7
49l1D16JPU,16-15
49l1D16JuU,16-21
49l1D16KOU,16-20
49l1D16KqU,16-22
49l1D16LMU,16-15
49l1D16LpU,16-21
49l1D16MKU,16-20
49l1D16MmU,16-22
49l1F75jl,3-5
49l1F760l,7-2
49l1F76Gl,7-4
49l1F76Vl,7-1
49l1F76kl,7-3
49l1F76xl,7-7
49l1F77CA,7-5
49l1F77NA,7-6
49l1F77XA,7-9
49l1F77hA,7-2
49l1F77rA,7-8
49l1F783A,7-4
49l1F78DA,7-1
49l1F78NA,7-10
49l1F78YA,7-3
49l1F78iA,7-7
49l1F78sA,7-5
49l1F795A,7-6
49l1F79FA,7-9
49l1F79SA,7-2
49l1F79gA,7-8
49l1F79vA,7-1
49l1F7ABA,7-10
49l1F7APA,7-7
49l1F7AdA,7-5
49l1F7AsA,7-9
49l1F7B8A,7-2
49l1F7BMA,7-8
49l1F7BaA,7-1
49l1F7BoA,7-10
49l1F7C4A,7-7
49l1F7CIA,7-5
49l1F7CXA,7-9
49l1F7ClA,7-2
49l1F7D1A,7-8
49l1F7DFA,7-1
49l1F7DTA,7-10
49l1F7DhA,7-7
49l1F7DwA,7-5
49l1F7EDA,7-9
49l1F7ESA,7-2
49l1F7EgA,7-8
49l1F7EuA,7-1
49l1F7FAA,7-11
49l1F7FMA,7-10
49l1F7FXA,7-7
49l1F7FhA,7-5
49l1F7FrA,7-12
49l1F7G3A,7-9
49l1F7GDA,7-2
49l1F7GMA,7-14
49l1F7GVA,7-8
49l1F7GeA,7-13
49l1F7GoA,7-1
49l1F7H0A,7-11
49l1F7HAA,7-10
49l1F7HKA,7-7
49l1F7HUA,7-5
49l1F7HeA,7-12
49l1F7HoA,7-9
49l1F7I0A,7-2
49l1F7I9A,7-14
49l1F7IIA,7-8
49l1F7IRA,7-13
49l1F7IYl,7-1
49l1F7Igl,7-11
49l1F7Ipl,7-10
49l1F7J1l,7-7
49l1F7JAl,7-5
49l1F7JKl,7-12
49l1F7Jdl,7-2
49l1F7Jvl,7-8
49l1F7KGl,7-11
49l1F7KYl,7-7
49l1F7Kpl,7-12
49l1F7L9l,7-2
49l1F7LRl,7-8
49l1F7Lkl,7-11
49l1F7M4l,7-7
49l1F7MNl,7-12
49l1F7Mfl,7-2
49l1F7NAl,7-8
49l1F7Nel,7-7
49l1F7OAl,7-2
49l1F7Odl,7-8
49l1F7P9l,7-7
49l1F7Pcl,7-2
49l1FX45CA,4-5
49l1FX45OA,4-8
49l1FX45ZA,4-2
49l1FX45nA,4-6
49l1FX461Y,4-3
49l1FX46CY,4-4
49l1FX46MY,4-1
49l1FX46Vw,4-10
49l1FX46dw,4-11
49l1FX46kw,4-5
49l1FX46qw,4-12
49l1FX46ww,4-8
49l1FX473w,4-14
49l1FX479w,4-2
49l1FX47Fw,4-7
49l1FX47Kw,4-9
49l1FX47Qw,4-17
49l1FX47Ww,4-6
49l1FX47bw,4-18
49l1FX47gw,4-3
49l1FX47lw,4-20
49l1FX47qw,4-4
49l1FX47vw,4-13
49l1FX483w,4-1
49l1FX488w,4-15
49l1FX48Dw,4-10
49l1FX48Iw,4-16
49l1FX48Ow,4-11
49l1FX48Tw,4-5
49l1FX48Zw,4-12
49l1FX48ew,4-19
49l1FX48jw,4-8
49l1FX48ow,4-14
49l1FX48tw,4-2
49l1FX491w,4-7
49l1FX496w,4-9
49l1FX49Hw,4-6
49l1FX49Sw,4-3
49l1FX49cY,4-4
49l1FX49mY,4-1
49l1FX49vY,4-10
49l1FX4A7Y,4-11
49l1FX4AIY,4-12
49l1FX4ASY,4-8
49l1FX4AdY,4-2
49l1FX4AoY,4-9
49l1FX4B0Y,4-6
49l1FX4BAY,4-3
49l1FX4BJY,4-4
49l1FX4BTY,4-1
49l1FX4BcY,4-10
49l1FX4BmY,4-11
49l1FX4BxY,4-12
49l1FX4C9Y,4-8
49l1FX4CKY,4-2
49l1FX4CVY,4-9
49l1FX4CgY,4-6
49l1FX4CqY,4-3
49l1FX4D3Y,4-4
49l1FX4DEY,4-1
49l1FX4DOY,4-10
49l1FX4DZY,4-11
49l1FX4DkY,4-12
49l1FX4DvY,4-8
49l1FX4E8Y,4-2
49l1FX4EJY,4-9
49l1FX4EVY,4-6
49l1FX4EgY,4-3
49l1FX4ErY,4-4
49l1FX4F4w,4-1
49l1FX4FAw,4-22
49l1FX4FFw,4-10
49l1FX4FLw,4-25
49l1FX4FRw,4-11
49l1FX4FXw,4-27
49l1FX4Fcw,4-12
49l1FX4Fhw,4-28
49l1FX4Fnw,4-8
49l1FX4Ftw,145-1
49l1FX4G1w,4-26
49l1FX4G7w,4-2
49l1FX4GDw,4-9
49l1FX4GJw,4-24
49l1FX4GPw,4-6
49l1FX4GVw,4-21
49l1FX4Gbw,4-3
49l1FX4Ghw,4-23
49l1FX4Gnw,4-4
49l1FX4Gtw,8-43
49l1FX4H1w,4-1
49l1FX4H7w,4-22
49l1FX4HDw,4-10
49l1FX4HJw,4-25
49l1FX4HPw,4-11
49l1FX4HVw,4-27
49l1FX4Haw,4-12
49l1FX4Hgw,4-28
49l1FX4Hmw,4-8
49l1FX4Hsw,145-1
49l1FX4I0w,4-26
49l1FX4I6w,4-2
49l1FX4IBw,4-9
49l1FX4IHw,4-24
49l1FX4IMw,4-6
49l1FX4ISw,4-21
49l1FX4IXw,4-3
49l1FX4Idw,4-23
49l1FX4Iiw,4-4
49l1FX4Itw,4-1
49l1FX4J6w,4-10
49l1FX4JIw,4-25
49l1FX4JVw,4-12
49l1FX4Jiw,4-8
49l1FX4Jxw,4-9
49l1FX4KKw,4-3
49l1FX4Kfw,4-1
49l1FX4L1w,4-10
49l1FX4LLw,4-12
49l1FX4Lfw,4-9
49l1FX4M1w,4-3
49l1FX4MNw,4-1
49l1FX4Mlw,4-10
49l1FX4NCA,4-12
49l1FX4NZA,4-3
49l1FX4NwA,4-1
49l1FX4OKA,4-10
49l1FX4OhA,4-12
49l1FX4P6A,4-3
49l1FX4PSA,4-1
49l2BLUE54S,1-2
49l2BLUE5IS,1-3
49l2BLUE5VS,1-7
49l2BLUE5iS,1-8
49l2BLUE5wS,1-10
49l2BLUE6B6,1-5
49l2BLUE6P6,1-6
49l2BLUE6bh,1-9
49l2BLUE6ph,1-4
49l2BLUE75K,1-1
49l2BLUE7JK,1-2
49l2BLUE7XK,1-3
49l2BLUE7lK,1-7
49l2BLUE81K,1-8
49l2BLUE8FK,1-10
49l2BLUE8SK,1-5
49l2BLUE8fK,1-6
49l2BLUE8rK,1-9
49l2BLUE95K,1-11
49l2BLUE9GK,1-1
49l2BLUE9RK,1-4
49l2BLUE9cK,1-12
49l2BLUE9nK,1-2
49l2BLUEA0K,1-3
49l2BLUEAAh,1-7
49l2BLUEALh,1-8
49l2BLUEAVh,1-13
49l2BLUEAg6,1-5
49l2BLUEAq6,1-10
49l2BLUEB26,1-14
49l2BLUEBC6,1-6
49l2BLUEBM6,1-9
49l2BLUEBW6,1-11
49l2BLUEBg6,1-1
49l2BLUEBq6,1-15
49l2BLUEC16,1-12
49l2BLUECB6,1-4
49l2BLUECL6,1-3
49l2BLUECV6,1-2
49l2BLUECf6,1-8
49l2BLUECq6,1-7
49l2BLUED36,1-5
49l2BLUEDD6,1-13
49l2BLUEDN6,1-14
49l2BLUEDX6,1-10
49l2BLUEDh6,1-9
49l2BLUEDr6,1-6
49l2BLUEE46,1-1
49l2BLUEEE6,1-11
49l2BLUEEO6,1-12
49l2BLUEEY6,1-15
49l2BLUEEi6,1-3
49l2BLUEEs6,1-4
49l2BLUEF46,1-8
49l2BLUEFF6,1-2
49l2BLUEFQ6,1-5
49l2BLUEFah,1-7
49l2BLUEFkh,1-14
49l2BLUEFuh,1-13
49l2BLUEG7K,1-9
49l2BLUEGHK,1-10
49l2BLUEGSK,1-1
49l2BLUEGcK,1-6
49l2BLUEGmK,1-12
49l2BLUEGwK,1-11
49l2BLUEH8K,1-3
49l2BLUEHIK,1-15
49l2BLUEHSK,1-8
49l2BLUEHdK,1-4
49l2BLUEHoK,1-5
49l2BLUEI0K,1-2
49l2BLUEIAK,1-14
49l2BLUEIKK,1-7
49l2BLUEIVK,1-9
49l2BLUEIfh,1-13
49l2BLUEIph,1-1
49l2BLUEJ2h,1-10
49l2BLUEJE6,1-12
49l2BLUEJQ6,1-6
49l2BLUEJfS,1-3
49l2BLUEJvS,1-15
49l2BLUEKCS,1-4
49l2BLUEKRS,1-5
49l2BLUEKhS,1-14
49l2BLUEKxS,1-9
49l2BLUELES,1-1
49l2BLUELUS,1-10
49l2BLUELjS,8-6
49l2BLUEM0S,1-3
49l2BLUEMFS,8-8
49l2BLUEMUS,1-4
49l2BLUEMjS,1-5
49l2BLUEN0S,1-14
49l2BLUENES,1-9
49l2BLUENTS,1-1
49l2BLUENiS,1-10
49l2BLUENxS,8-6
49l2BLUEODS,1-3
49l2BLUEORS,8-8
49l2BLUEOgS,1-4
49l2BLUEOvS,1-5
49l2BLUEPCS,1-14
49l2BLUEPSS,1-9
49l2D125sP,12-2
49l2D126KP,12-1
49l2D126kP,12-2
49l2D127CP,12-1
49l2D127cP,12-2
49l2D1284P,12-1
49l2D128VP,12-2
49l2D128vP,12-1
49l2D129PP,12-2
49l2D129qP,12-1
49l2D12AKP,12-2
49l2D12AnP,12-1
49l2D12BHP,12-2
49l2D12BkP,12-1
49l2D12CFP,12-2
49l2D12CjP,12-1
49l2D12DEP,12-2
49l2D12DiP,12-1
49l2D12EDP,12-2
49l2D12EhP,12-1
49l2D12FCP,12-2
49l2D12FgP,12-1
49l2D12GBP,12-2
49l2D12GfP,12-1
49l2D12HAP,12-2
49l2D12HeP,12-1
49l2D12I9P,12-2
49l2D12IbP,12-1
49l2D12J6P,12-2
49l2D12JYP,12-1
49l2D12K2P,12-2
49l2D12KUP,12-1
49l2D12KvP,12-2
49l2D12LOP,12-1
49l2D12LpP,12-2
49l2D12MIP,12-1
49l2D12MiP,12-2
49l2D12N9P,12-1
49l2D12NZP,12-2
49l2D1369P,13-2
49l2D136XP,13-1
49l2D136xP,13-2
49l2D137PP,13-1
49l2D137pP,13-2
49l2D138HP,13-1
49l2D138iP,13-2
49l2D139BP,13-1
49l2D139cP,13-2
49l2D13A6P,13-1
49l2D13AYP,13-2
49l2D13B3P,13-1
49l2D13BVP,13-2
49l2D13C1P,13-1
49l2D13CUP,13-2
49l2D13D0P,13-1
49l2D13DTP,13-2
49l2D13DxP,13-1
49l2D13ESP,13-2
49l2D13EwP,13-1
49l2D13FRP,13-2
49l2D13FvP,13-1
49l2D13GQP,13-2
49l2D13GuP,13-1
49l2D13HPP,13-2
49l2D13HtP,13-1
49l2D13INP,13-2
49l2D13IqP,13-1
49l2D13JKP,13-2
49l2D13JmP,13-1
49l2D13KGP,13-2
49l2D13KhP,13-1
49l2D13LBP,13-2
49l2D13LcP,13-1
49l2D13M5P,13-2
49l2D13MVP,13-1
49l2D13MvP,13-2
49l2D13NNP,13-1
49l2D13NlP,13-2
49l2D16670,16-2
49l2D166Z0,16-4
49l2D16720,16-1
49l2D167T0,16-3
49l2D167u0,16-2
49l2D168O0,16-4
49l2D168r0,16-1
49l2D169L0,16-3
49l2D169n0,16-2
49l2D16AF0,16-4
49l2D16Ac0,16-5
49l2D16B10,16-1
49l2D16BO0,16-3
49l2D16Bl0,16-2
49l2D16CA0,16-4
49l2D16CY0,16-5
49l2D16Cv0,16-1
49l2D16DK0,16-3
49l2D16Di0,16-2
49l2D16E70,16-4
49l2D16EV0,16-5
49l2D16Es0,16-1
49l2D16FH0,16-3
49l2D16Ff0,16-2
49l2D16G40,16-4
49l2D16GS0,16-5
49l2D16Gp0,16-1
49l2D16HE0,16-3
49l2D16Hc0,16-2
49l2D16I10,16-4
49l2D16IO0,16-5
49l2D16Il0,16-1
49l2D16JA0,16-3
49l2D16JW0,16-2
49l2D16Js0,16-4
49l2D16KH0,16-5
49l2D16Kd0,16-1
49l2D16L10,16-3
49l2D16LN0,16-2
49l2D16Lw0,16-4
49l2D16MX0,16-1
49l2F764l,7-2
49l2F76Yl,7-1
49l2F774l,7-3
49l2F77Yl,7-2
49l2F784l,7-1
49l2F78Yl,7-3
49l2F794l,7-2
49l2F79Sl,7-4
49l2F79pl,7-1
49l2F7AEl,7-3
49l2F7Acl,7-2
49l2F7B2l,7-4
49l2F7BPl,7-1
49l2F7Bnl,7-3
49l2F7CEA,7-2
49l2F7CcA,7-4
49l2F7D2A,7-1
49l2F7DQA,7-3
49l2F7DoA,7-2
49l2F7EEA,7-4
49l2F7EcA,7-1
49l2F7F3A,7-3
49l2F7FRA,7-2
49l2F7FpA,7-4
49l2F7GFA,7-1
49l2F7GeA,7-3
49l2F7H4A,7-2
49l2F7HSA,7-4
49l2F7HqA,7-1
49l2F7IGl,7-3
49l2F7Idl,7-2
49l2F7J3l,7-4
49l2F7JQl,7-1
49l2F7Jnl,7-3
49l2F7KCl,7-2
49l2F7Kgl,7-4
49l2F7LCl,7-1
49l2F7Lfl,7-2
49l2F7MBl,7-4
49l2F7Mel,7-1
49l2F7NAl,7-2
49l2F7Nel,7-4
49l2F7O9l,7-1
49l2F7Odl,7-2
49l2F7P9l,7-4
49l2FX45al,4-4
49l2FX45xl,4-1
49l2FX46Ml,4-2
49l2FX46jl,4-3
49l2FX478l,4-4
49l2FX47Vl,4-1
49l2FX47tl,4-2
49l2FX48Il,4-3
49l2FX48fl,4-4
49l2FX496l,4-1
49l2FX49Ul,4-2
49l2FX49nl,4-5
49l2FX4A6A,4-3
49l2FX4AMA,4-4
49l2FX4AdA,4-6
49l2FX4AuA,4-1
49l2FX4BDA,4-2
49l2FX4BUA,4-5
49l2FX4BlA,4-3
49l2FX4C3A,4-4
49l2FX4CKA,4-6
49l2FX4CbA,4-1
49l2FX4CsA,4-2
49l2FX4DBA,4-5
49l2FX4DSA,4-3
49l2FX4DjA,4-4
49l2FX4E2A,4-6
49l2FX4EJA,4-1
49l2FX4EaA,4-2
49l2FX4ErA,4-5
49l2FX4FAA,4-3
49l2FX4FRA,4-4
49l2FX4FiA,4-6
49l2FX4G1A,4-1
49l2FX4GIA,4-2
49l2FX4GZA,4-5
49l2FX4GqA,4-3
49l2FX4H9A,4-4
49l2FX4HQA,4-6
49l2FX4HhA,4-1
49l2FX4I0A,4-2
49l2FX4IHA,4-5
49l2FX4IYA,4-3
49l2FX4IpA,4-4
49l2FX4J7A,4-6
49l2FX4JOA,4-1
49l2FX4JfA,4-2
49l2FX4JwA,4-5
49l2FX4KMA,4-3
49l2FX4KkA,4-6
49l2FX4LAA,4-1
49l2FX4LYA,4-5
49l2FX4LwA,4-3
49l2FX4MMA,4-6
49l2FX4MkA,4-1
49l2FX4NAl,4-5
49l2FX4NXl,4-3
49l2FX4Nul,4-6
49l2FX4OJl,4-1
49l2FX4Ogl,4-5
49l2FX4P5l,4-3
49l2FX4PSl,4-6
49l3BLUE5qS,1-5
49l3BLUE666,1-7
49l3BLUE6K6,1-2
49l3BLUE6Xh,1-4
49l3BLUE6kh,1-1
49l3BLUE70h,1-10
49l3BLUE7EK,1-6
49l3BLUE7SK,1-8
49l3BLUE7gK,1-9
49l3BLUE7uK,1-3
49l3BLUE8AK,1-5
49l3BLUE8NK,1-7
49l3BLUE8aK,1-2
49l3BLUE8mK,1-4
49l3BLUE90K,1-11
49l3BLUE9BK,1-10
49l3BLUE9MK,1-1
49l3BLUE9XK,1-12
49l3BLUE9iK,1-6
49l3BLUE9tK,1-8
49l3BLUEA5h,1-9
49l3BLUEAGh,1-3
49l3BLUEARh,1-13
49l3BLUEAd6,1-7
49l3BLUEAo6,1-5
49l3BLUEB36,1-4
49l3BLUEBE6,1-2
49l3BLUEBQ6,1-10
49l3BLUEBc6,1-11
49l3BLUEBo6,1-12
49l3BLUEC16,1-1
49l3BLUECD6,1-8
49l3BLUECP6,1-6
49l3BLUECb6,1-3
49l3BLUECn6,1-9
49l3BLUED06,1-7
49l3BLUEDC6,1-13
49l3BLUEDO6,1-4
49l3BLUEDa6,1-5
49l3BLUEDl6,1-10
49l3BLUEDx6,1-2
49l3BLUEEB6,1-12
49l3BLUEEN6,1-11
49l3BLUEEZ6,1-8
49l3BLUEEl6,1-1
49l3BLUEEx6,1-3
49l3BLUEFB6,1-6
49l3BLUEFN6,1-7
49l3BLUEFZh,1-9
49l3BLUEFlh,1-4
49l3BLUEFxh,1-13
49l3BLUEGBK,1-10
49l3BLUEGNK,1-5
49l3BLUEGZK,1-12
49l3BLUEGlK,1-2
49l3BLUEGxK,1-8
49l3BLUEHBK,1-11
49l3BLUEHNK,1-3
49l3BLUEHZK,1-1
49l3BLUEHlK,1-7
49l3BLUEHxK,1-6
49l3BLUEIBK,1-4
49l3BLUEIOK,1-9
49l3BLUEIbh,1-10
49l3BLUEIph,1-13
49l3BLUEJ76,1-12
49l3BLUEJN6,1-2
49l3BLUEJcS,1-8
49l3BLUEJrS,1-11
49l3BLUEK8S,1-1
49l3BLUEKOS,1-7
49l3BLUEKeS,1-4
49l3BLUEKuS,1-9
49l3BLUELBS,1-10
49l3BLUELRS,1-12
49l3BLUELgS,8-7
49l3BLUELvS,1-8
49l3BLUEMBS,8-8
49l3BLUEMQS,1-1
49l3BLUEMfS,1-7
49l3BLUEMtS,1-4
49l3BLUENAS,1-9
49l3BLUENPS,1-10
49l3BLUENeS,1-12
49l3BLUENuS,8-7
49l3BLUEODS,1-8
49l3D126kP,12-2
49l3D127CP,12-1
49l3D127cP,12-2
49l3D1284P,12-1
49l3D128VP,12-2
49l3D128vP,12-1
49l3D129PP,12-2
49l3D129qP,12-1
49l3D12AKP,12-2
49l3D12AnP,12-1
49l3D12BHP,12-2
49l3D12BkP,12-1
49l3D12CFP,12-2
49l3D12CjP,12-1
49l3D12DEP,12-2
49l3D12DiP,12-1
49l3D12EDP,12-2
49l3D12EhP,12-1
49l3D12FCP,12-2
49l3D12FgP,12-1
49l3D12GBP,12-2
49l3D12GfP,12-1
49l3D12HAP,12-2
49l3D12HeP,12-1
49l3D12I9P,12-2
49l3D12IbP,12-1
49l3D12J6P,12-2
49l3D12JYP,12-1
49l3D12K2P,12-2
49l3D12KUP,12-1
49l3D12KvP,12-2
49l3D12LOP,12-1
49l3D12LpP,12-2
49l3D12MIP,12-1
49l3D136XP,13-2
49l3D136xP,13-1
49l3D137PP,13-2
49l3D137pP,13-1
49l3D138HP,13-2
49l3D138iP,13-1
49l3D139BP,13-2
49l3D139cP,13-1
49l3D13A6P,13-2
49l3D13AYP,13-1
49l3D13B3P,13-2
49l3D13BVP,13-1
49l3D13C1P,13-2
49l3D13CUP,13-1
49l3D13D0P,13-2
49l3D13DTP,13-1
49l3D13DxP,13-2
49l3D13ESP,13-1
49l3D13EwP,13-2
49l3D13FRP,13-1
49l3D13FvP,13-2
49l3D13GQP,13-1
49l3D13GuP,13-2
49l3D13HPP,13-1
49l3D13HtP,13-2
49l3D13INP,13-1
49l3D13IqP,13-2
49l3D13JKP,13-1
49l3D13JmP,13-2
49l3D13KGP,13-1
49l3D13KhP,13-2
49l3D13LBP,13-1
49l3D13LcP,13-2
49l3D13M5P,13-1
49l3D13MVP,13-2
49l3D167H0,16-2
49l3D167i0,16-4
49l3D168B0,16-1
49l3D168c0,16-3
49l3D16960,16-2
49l3D169Z0,16-4
49l3D16A30,16-1
49l3D16AV0,16-3
49l3D16B00,16-2
49l3D16BT0,16-4
49l3D16Bw0,16-1
49l3D16CR0,16-3
49l3D16Cu0,16-2
49l3D16DQ0,16-4
49l3D16Dt0,16-1
49l3D16EO0,16-3
49l3D16Er0,16-2
49l3D16FN0,16-4
49l3D16Fq0,16-1
49l3D16GL0,16-3
49l3D16Go0,16-2
49l3D16HK0,16-4
49l3D16Hn0,16-1
49l3D16II0,16-3
49l3D16Il0,16-2
49l3D16JF0,16-4
49l3D16Jh0,16-1
49l3D16KB0,16-3
49l3D16Kc0,16-2
49l3D16L40,16-4
49l3D16Lc0,16-1
49l3D16MD0,16-3
49l3F76Tl,7-3
49l3F76xl,7-2
49l3F77Tl,7-1
49l3F77xl,7-3
49l3F78Tl,7-2
49l3F78xl,7-1
49l3F79Ol,7-4
49l3F79ml,7-3
49l3F7ABl,7-2
49l3F7AYl,7-1
49l3F7Awl,7-4
49l3F7BMl,7-3
49l3F7Bjl,7-2
49l3F7CAA,7-1
49l3F7CYA,7-4
49l3F7CwA,7-3
49l3F7DMA,7-2
49l3F7DkA,7-1
49l3F7EAA,7-4
49l3F7EYA,7-3
49l3F7ExA,7-2
49l3F7FNA,7-1
49l3F7FlA,7-4
49l3F7GBA,7-3
49l3F7GaA,7-2
49l3F7H0A,7-1
49l3F7HOA,7-4
49l3F7HmA,7-3
49l3F7IBl,7-2
49l3F7IZl,7-1
49l3F7Ixl,7-4
49l3F7JMl,7-3
49l3F7Jjl,7-2
49l3F7K8l,7-1
49l3F7KVl,7-4
49l3F7Ktl,7-3
49l3F7LJl,7-2
49l3F7M3l,7-4
49l3F7Mll,7-2
49l3F7NVl,7-4
49l3F7OFl,7-2
49l3FX464l,4-1
49l3FX46Zl,4-2
49l3FX476l,4-3
49l3FX47bl,4-1
49l3FX489l,4-2
49l3FX48el,4-3
49l3FX495l,4-4
49l3FX49Ul,4-1
49l3FX49tl,4-2
49l3FX4AKA,4-3
49l3FX4AjA,4-4
49l3FX4BBA,4-1
49l3FX4BaA,4-2
49l3FX4C1A,4-3
49l3FX4CQA,4-4
49l3FX4CqA,4-1
49l3FX4DHA,4-2
49l3FX4DhA,4-3
49l3FX4E8A,4-4
49l3FX4EYA,4-1
49l3FX4ExA,4-2
49l3FX4FPA,4-3
49l3FX4FoA,4-4
49l3FX4GGA,4-1
49l3FX4GfA,4-2
49l3FX4H7A,4-3
49l3FX4HWA,4-4
49l3FX4HwA,4-1
49l3FX4IPA,4-2
49l3FX4InA,4-3
49l3FX4JEA,4-4
49l3FX4JdA,4-1
49l3FX4K3A,4-2
49l3FX4KSA,4-3
49l3FX4L1A,4-4
49l3FX4LXA,4-1
49l3FX4M5A,4-3
49l3FX4McA,4-4
49l3FX4N8l,4-1
49l3FX4Ndl,4-3
49l3FX4ODl,4-4
4v21435Rc,43-2
4v21435oc,43-4
4v21436Gc,43-1
4v21436fr,43-3
4v214378r,43-2
4v21437Zr,43-4
4v214382r,43-1
4v21438Tr,43-3
4v21438ur,43-2
4v21439Lr,43-4
4v21439lc,43-1
4v2143ACc,43-3
4v2143Abc,43-2
4v2143B2c,43-4
4v2143BRc,43-1
4v2143Bqc,43-3
4v2143CHc,43-2
4v2143Cgc,43-4
4v2143D7c,43-1
4v2143DWc,43-3
4v2143Dwc,43-2
4v2143ENc,43-4
4v2143Ebr,8-34
4v2143Eor,43-1
4v2143F47,31-4
4v2143FH7,43-3
4v2143FV7,1-67
4v2143Fi7,43-2
4v2143Fw7,16-18
4v2143GD7,43-4
4v2143GR7,189-8
4v2143Gf7,43-1
4v2143Gt7,16-17
4v2143H97,43-3
4v2143HN7,12-3
4v2143Hb7,43-2
4v2143Hp7,12-7
4v2143I7c,43-4
4v2143IQc,17-12
4v2143Ijc,43-5
4v2143JLc,43-2
4v2143Jsc,43-4
4v2143KRc,43-5
4v2143Kxc,43-2
4v2143LVc,43-4
4v2143M4c,43-5
4v218815rN,181-1
4v218816bN,181-1
4v218817MV,181-1
4v2188188V,181-1
4v218818sV,181-1
4v21881EnV,43-5
4v21881FaV,43-5
4v21881GNV,43-5
4v21881HAV,43-5
4v21881HvV,43-5
4v21881IgN,31-3
4v21D175UE,17-1
4v21D175wE,17-3
4v21D176OE,17-2
4v21D176bE,17-6
4v21D176oE,17-4
4v21D1774E,17-8
4v21D177HE,17-1
4v21D177Uc,17-9
4v21D177jc,17-3
4v21D178Cc,17-2
4v21D178dc,17-4
4v21D1796c,17-1
4v21D179Xc,17-3
4v21D17A0c,17-2
4v21D17AQc,17-4
4v21D17Arc,17-1
4v21D17BKc,17-3
4v21D17Blc,17-2
4v21D17CDc,17-4
4v21D17Cec,17-1
4v21D17D7c,17-3
4v21D17DYc,17-2
4v21D17Dmc,48-2
4v21D17E1c,17-7
4v21D17EFc,38-9
4v21D17ETc,17-1
4v21D17Edc,17-11
4v21D17Emc,3-39
4v21D17Evc,17-3
4v21D17F73,17-13
4v21D17FH3,10-12
4v21D17FR3,17-2
4v21D17Fc3,17-14
4v21D17FmS,48-2
4v21D17Fwr,17-7
4v21D17G8r,17-12
4v21D17GIr,146-2
4v21D17GSr,17-1
4v21D17Gdr,13-12
4v21D17Gnr,17-11
4v21D17Gxr,17-3
4v21D17H9r,12-6
4v21D17HJr,17-13
4v21D17HUS,10-4
4v21D17He3,15-3
4v21D17Hoc,17-14
4v21D17I1c,17-7
4v21D17ITc,17-1
4v21D17IuE,17-3
4v21D17JNE,10-12
4v21D17JoE,17-7
4v21D17KGE,17-1
4v21D17KfE,9-27
4v21D17L5E,10-1
4v21D17LUE,17-7
4v21D17LtE,17-1
4v22435kc,43-1
4v22436Ic,43-3
4v22436oc,43-2
4v22437Mc,43-1
4v22437sc,43-3
4v22438Qc,43-2
4v22438xc,43-1
4v22439Vc,43-3
4v2243A3c,43-2
4v2243Aac,43-1
4v2243B9c,43-3
4v2243Bgc,43-2
4v2243CFc,43-1
4v2243Cnc,43-3
4v2243DNc,43-2
4v2243Duc,43-1
4v2243EUc,43-3
4v2243F4c,43-2
4v2243Fbc,43-1
4v2243GBc,43-3
4v2243Gjc,43-2
4v2243HIc,43-1
4v2243Hqc,43-3
4v2243IQc,43-2
4v2243J0c,43-1
4v2243JXc,43-3
4v2243K6c,43-2
4v2243Kcc,43-1
4v2243LBc,43-3
4v22D175ZE,17-1
4v22D1760E,17-3
4v22D176PE,17-2
4v22D176pE,17-4
4v22D177HE,17-1
4v22D177hE,17-3
4v22D1789E,17-2
4v22D178ZE,17-4
4v22D1792E,17-1
4v22D179RE,17-3
4v22D179nE,17-5
4v22D17AAE,17-2
4v22D17AWE,17-4
4v22D17AtE,17-1
4v22D17BHE,17-3
4v22D17BdE,17-5
4v22D17C1E,17-2
4v22D17COE,17-4
4v22D17ClE,17-1
4v22D17DAE,17-3
4v22D17DWE,17-5
4v22D17DtE,17-2
4v22D17EIE,17-4
4v22D17EfE,17-1
4v22D17F4E,17-3
4v22D17FQE,17-5
4v22D17FnE,17-2
4v22D17GCE,17-4
4v22D17GZE,17-1
4v22D17GwE,17-3
4v22D17HPE,17-5
4v22D17HrE,17-2
4v22D17ILE,17-4
4v22D17InE,17-3
4v22D17JGE,17-5
4v22D17JgE,17-2
4v22D17K9E,17-4
4v22D17KaE,17-3
4v22D17L2E,17-5
4v22D17LSE,17-2
4v23436Uc,43-2
4v23437Ic,43-1
4v234386c,43-2
4v23438tc,43-1
4v23439hc,43-2
4v2343AWc,43-1
4v2343BLc,43-2
4v2343CCc,43-1
4v2343D2c,43-2
4v2343Drc,43-1
4v2343Ehc,43-2
4v2343FYc,43-1
4v2343GOc,43-2
4v2343HFc,43-1
4v2343I5c,43-2
4v2343Itc,43-1
4v2343Jhc,43-2
4v2343KWc,43-1
4v23D176TE,17-1
4v23D176tE,17-3
4v23D177LE,17-2
4v23D177mE,17-4
4v23D178DE,17-1
4v23D178dE,17-3
4v23D1796E,17-2
4v23D179XE,17-4
4v23D179xE,17-1
4v23D17AQE,17-3
4v23D17AsE,17-2
4v23D17BME,17-4
4v23D17BoE,17-1
4v23D17CIE,17-3
4v23D17ClE,17-2
4v23D17DFE,17-4
4v23D17DiE,17-1
4v23D17EDE,17-3
4v23D17EfE,17-2
4v23D17F9E,17-4
4v23D17FcE,17-1
4v23D17G7E,17-3
4v23D17GZE,17-2
4v23D17H3E,17-4
4v23D17HWE,17-1
4v23D17I1E,17-3
4v23D17ISE,17-2
4v23D17ItE,17-4
4v23D17JLE,17-1
4v23D17JlE,17-3
4v23D17KEE,17-2
4v23D17KdE,17-4
4v23D17LBE,17-1
4v23D17LiE,17-3
4yg12205PE,120-1
4yg122060K,120-2
4yg12206bK,120-3
4yg12207CK,120-1
4yg12207oK,120-2
4yg12208SK,120-3
4yg122095K,120-1
4yg12209gK,120-2
4yg1220AJK,120-3
4yg1220AuK,120-1
4yg1220BXK,120-2
4yg1220CAK,120-3
4yg1220ClK,120-1
4yg1220DPK,120-2
4yg1220E2K,120-3
4yg1220EeK,120-1
4yg1220FIK,120-2
4yg1220FwK,120-3
4yg1220GcK,120-1
4yg1220HHK,120-2
4yg1220HuK,120-3
4yg1220IYE,120-1
4yg1225dK,1-11
4yg12267K,22-1
4yg1226ZK,70-4
4yg1226oK,13-7
4yg12274U,22-2
4yg1227IU,19-4
4yg1227XU,70-4
4yg1227mU,1-48
4yg12283U,22-2
4yg1228IU,16-10
4yg1228XU,22-3
4yg1228mU,15-8
4yg12294U,22-2
4yg1229YU,22-3
4yg122A5U,22-2
4yg122AaU,22-3
4yg122B7U,22-2
4yg122BcU,22-3
4yg122C9e,22-2
4yg122Cee,22-3
4yg122DCe,22-2
4yg122Dhe,22-3
4yg122EFe,22-2
4yg122Ele,22-3
4yg122FJe,22-2
4yg122Fpe,22-3
4yg122GNe,22-2
4yg122Gte,22-3
4yg122HRe,22-2
4yg122Hxe,22-3
4yg122IUe,22-2
4yg122J0e,22-3
4yg122JUU,22-2
4yg122JxK,22-3
4yg122KRK,22-2
4yg122KtK,22-3
4yg122LNK,22-2
4yg122LoK,22-3
4yg122MjK,22-3
4yg122NeK,22-3
4yg18855p3,185-2
4yg18856V3,185-1
4yg18857B9,185-3
4yg18857pE,185-2
4yg18858WE,185-1
4yg1885EU9,108-1
4yg1885FAE,185-4
4yg1885FrE,109-1
4yg1885GYE,108-1
4yg1885HFE,185-4
4yg1885Hv9,109-1
4yg1885Ib9,108-1
4yg2225wK,22-1
4yg2226QK,22-2
4yg2226rK,22-1
4yg2227LK,22-2
4yg2227mK,22-1
4yg2228GK,22-2
4yg2228hK,22-1
4yg2229BU,22-2
4yg2229cU,22-1
4yg222A7U,22-2
4yg222AaU,22-1
4yg222B6U,22-2
4yg222BaU,22-1
4yg222C6U,22-2
4yg222CaU,22-1
4yg222D6U,22-2
4yg222DaU,22-1
4yg222E6U,22-2
4yg222EaU,22-1
4yg222F6U,22-2
4yg222FaU,22-1
4yg222G6U,22-2
4yg222GaU,22-1
4yg222H6U,22-2
4yg222HaU,22-1
4yg222I6U,22-2
4yg222IaU,22-1
4yg222J5U,22-2
4yg222JYK,22-1
4yg222K3K,22-2
4yg222KVK,22-1
4yg222KxK,22-2
4yg222LRK,22-1
4yg222MMK,22-1
4yg222NHK,22-1
4yg3226VK,22-1
4yg3227QK,22-1
4yg3228LK,22-1
4yg3229GU,22-1
4yg322ADU,22-1
4yg322BBU,22-1
4yg322BfU,22-2
4yg322CBU,22-1
4yg322CfU,22-2
4yg322DBU,22-1
4yg322DfU,22-2
4yg322EBU,22-1
4yg322EfU,22-2
4yg322FBU,22-1
4yg322FfU,22-2
4yg322GBU,22-1
4yg322GfU,22-2
4yg322HBU,22-1
4yg322HfU,22-2
4yg322IBU,22-1
4yg322JAU,22-1
4yg322K8K,22-1
4yg322L4K,22-1
4yg322LxK,22-1
4~M12205Wk,120-2
4~M122068k,120-3
4~M12206fk,120-1
4~M12207Jk,120-2
4~M12207vk,120-3
4~M12208Yk,120-1
4~M12209Bk,120-2
4~M12209mk,120-3
4~M1220APk,120-1
4~M1220B2k,120-2
4~M1220Bdk,120-3
4~M1220CGk,120-1
4~M1220Csk,120-2
4~M1220DVk,120-3
4~M1220E8k,120-1
4~M1220Ekk,120-2
4~M1220FPk,120-3
4~M1220G6k,120-1
4~M1220Gik,120-2
4~M1220HOk,120-3
4~M1220I3k,120-1
4~M1220Idk,120-2
4~M1220JFk,120-3
4~M18835Lt,183-1
4~M18835ut,183-1
4~M18836Vt,183-1
4~M188377t,183-1
4~M18837it,183-1
4~M18838Lt,183-1
4~M1883Ept,183-2
4~M1883FTt,183-2
4~M1883G7t,183-2
4~M1883Gjt,183-2
4~M1883HNt,183-2
4~M1883I1t,183-2
4~M18855jk,185-1
4~M18856Pk,185-3
4~M188573k,185-2
4~M18857ik,185-1
4~M18858Pk,185-3
4~M1885ELk,185-4
4~M1885F1k,109-1
4~M1885Fik,108-1
4~M1885GPk,185-4
4~M1885H8k,109-1
4~M1885Hnk,108-1
4~M1885ISk,185-4
4~r12205v0,120-2
4~r12206Y0,120-3
4~r1220780,120-1
4~r12207k0,120-2
4~r12208O0,120-3
4~r1220910,120-1
4~r12209c0,120-2
4~r1220AF0,120-3
4~r1220Aq0,120-1
4~r1220BT0,120-2
4~r1220C60,120-3
4~r1220Ch0,120-1
4~r1220DL0,120-2
4~r1220Dw0,120-3
4~r1220Ea0,120-1
4~r1220FE0,120-2
4~r1220Fs0,120-3
4~r1220GY0,120-1
4~r1220HD0,120-2
4~r1220Hq0,120-3
4~r1220IU0,120-1
4~r18835p0,183-1
4~r18836Q0,183-1
4~r1883710,183-1
4~r18837c0,183-1
4~r18838F0,183-1
4~r1883Ej0,183-2
4~r1883FN0,183-2
4~r1883G10,183-2
4~r1883Gd0,183-2
4~r1883HH0,183-2
4~r1883Ht0,183-2
4~r1883IW0,183-2
4~r18855l0,185-2
4~r18856R0,185-1
4~r1885770,185-3
4~r18857l0,185-2
4~r18858S0,185-1
4~r1885980,185-3
4~r1885F60,185-4
4~r1885Fn0,109-1
4~r1885GU0,108-1
4~r1885HB0,185-4
4~r1885Hr0,109-1
4~r1885IX0,108-1
50|12245WQ,124-1
50|12245qZ,124-1
50|122460Q,124-2
50|12246LZ,124-2
50|12246TQ,124-3
50|12246iQ,13-8
50|12246nZ,124-3
50|12246wQ,124-1
50|12247DQ,13-11
50|12247IZ,124-1
50|12247SQ,124-2
50|12247hQ,8-32
50|12247mZ,124-2
50|12247wQ,124-3
50|12248DQ,19-5
50|12248IZ,124-3
50|12248SQ,124-1
50|12248hQ,13-10
50|12248mZ,124-1
50|12248wQ,124-2
50|12249DQ,74-10
50|12249IZ,124-2
50|12249SQ,124-3
50|12249mZ,124-3
50|12249uQ,124-1
50|1224AHZ,124-1
50|1224APQ,124-2
50|1224AkZ,124-2
50|1224AsQ,124-3
50|1224BFZ,124-3
50|1224BNQ,124-1
50|1224BiZ,124-1
50|1224BqQ,124-2
50|1224CDZ,124-2
50|1224CLQ,124-3
50|1224CgZ,124-3
50|1224CoQ,124-1
50|1224DBZ,124-1
50|1224DJQ,124-2
50|1224DeZ,124-2
50|1224DnQ,124-3
50|1224E9Z,124-3
50|1224EJQ,124-1
50|1224EOZ,74-18
50|1224EdZ,124-1
50|1224EnQ,124-2
50|1224EsZ,3-38
50|1224F9Z,124-2
50|1224FKQ,124-3
50|1224FPZ,22-4
50|1224FeZ,124-3
50|1224FqQ,124-1
50|1224FuZ,15-21
50|1224GCZ,124-1
50|1224GNQ,124-2
50|1224GSZ,1-77
50|1224GiZ,124-2
50|1224GsQ,124-3
50|1224GxZ,31-3
50|1224HEZ,124-3
50|1224HQQ,124-1
50|1224HUZ,13-7
50|1224HkZ,124-1
50|1224HwQ,124-2
50|1224I2Z,3-28
50|1224IIZ,124-2
50|1224ISQ,124-3
50|1224InZ,124-3
50|1224IwQ,124-1
50|1D1255L,12-1
50|1D125QL,13-2
50|1D125kL,12-2
50|1D1266L,12-1
50|1D126NL,12-3
50|1D126YL,5-5
50|1D126jL,13-9
50|1D126tL,12-2
50|1D1275L,13-3
50|1D127FL,12-1
50|1D127PL,13-7
50|1D127ZL,12-3
50|1D127kL,13-5
50|1D127wL,13-1
50|1D128CL,12-4
50|1D128TL,12-1
50|1D128lL,12-3
50|1D1295L,12-5
50|1D129ML,12-4
50|1D129eL,12-6
50|1D129vL,12-3
50|1D12AEL,12-5
50|1D12AVL,12-4
50|1D12AmL,12-6
50|1D12B5L,12-3
50|1D12BML,12-5
50|1D12BdL,12-4
50|1D12BuL,12-6
50|1D12CDL,12-3
50|1D12CUL,12-5
50|1D12ClL,12-4
50|1D12D4L,12-6
50|1D12DML,12-3
50|1D12DdL,12-5
50|1D12DuL,12-4
50|1D12EDL,12-6
50|1D12EUL,12-3
50|1D12EnL,12-5
50|1D12F8L,12-4
50|1D12FQL,12-6
50|1D12FkL,12-3
50|1D12G6L,12-7
50|1D12GQL,12-8
50|1D12GkL,13-13
50|1D12H6L,13-15
50|1D12HRL,12-9
50|1D12HmL,13-14
50|1D12I9L,13-13
50|1D12ITL,13-8
50|1D12IpL,177-2
50|1D12JDL,12-8
50|1D12JaL,15-18
50|1D12JwL,177-2
50|1D12KLL,12-8
50|1D12KqL,13-8
50|1D12LML,12-8
50|1D12LqL,13-8
50|1D12MNL,12-8
50|1D12MsL,13-8
50|1D12NuL,13-8
50|1D12OvL,13-8
50|1D135FM,146-1
50|1D135aM,13-1
50|1D135uM,13-3
50|1D136GM,13-4
50|1D136TM,13-2
50|1D136eM,13-1
50|1D136oM,13-10
50|1D1370M,12-4
50|1D137AM,13-8
50|1D137KM,13-6
50|1D137UM,13-4
50|1D137eM,13-11
50|1D137pM,13-2
50|1D1383M,13-9
50|1D138LM,13-8
50|1D138dM,13-7
50|1D138vM,13-5
50|1D139EM,13-12
50|1D139WM,13-8
50|1D139nM,13-7
50|1D13A6M,13-5
50|1D13ANM,13-12
50|1D13AeM,13-8
50|1D13AvM,13-7
50|1D13BEM,13-5
50|1D13BVM,13-12
50|1D13BmM,13-8
50|1D13C5M,13-7
50|1D13CMM,13-5
50|1D13CdM,13-12
50|1D13CuM,13-8
50|1D13DDM,13-7
50|1D13DUM,13-5
50|1D13DlM,13-12
50|1D13E4M,13-8
50|1D13ELM,13-7
50|1D13EdM,13-5
50|1D13EwM,13-12
50|1D13FHM,13-8
50|1D13FaM,13-7
50|1D13FuM,11-13
50|1D13GGM,13-16
50|1D13GaM,12-4
50|1D13GuM,13-8
50|1D13HGM,8-36
50|1D13HbM,13-17
50|1D13HxM,12-8
50|1D13IJM,15-18
50|1D13IdM,8-36
50|1D13J2M,13-14
50|1D13JNM,13-13
50|1D13JlM,13-8
50|1D13KAM,13-14
50|1D13KbM,13-13
50|1D13L7M,177-2
50|1D13LcM,13-13
50|1D13M8M,177-2
50|1D13MdM,13-13
50|1D13NPM,12-8
50|1D13OQM,12-8
50|22246iZ,124-1
50|222474Q,124-2
50|22247PZ,124-2
50|22247jQ,124-1
50|222486Z,124-1
50|22248QQ,124-2
50|22248lZ,124-2
50|222497Q,124-1
50|22249SZ,124-1
50|22249nQ,124-2
50|2224AAZ,124-2
50|2224AVQ,124-1
50|2224AqZ,124-1
50|2224BEQ,124-2
50|2224BaZ,124-2
50|2224BwQ,124-1
50|2224CJZ,124-1
50|2224CgQ,124-2
50|2224D3Z,124-2
50|2224DPQ,124-1
50|2224DkZ,124-1
50|2224E9Q,124-2
50|2224EUZ,124-2
50|2224EqQ,124-1
50|2224FDZ,124-1
50|2224FaQ,124-2
50|2224FvZ,124-2
50|2224GJQ,124-1
50|2224GeZ,124-1
50|2224H3Q,124-2
50|2224HOZ,124-2
50|2224HkQ,124-1
50|2224I7Z,124-1
50|2224IUQ,124-2
50|2224IpZ,124-2
50|2224JCQ,124-1
50|2D125rL,12-1
50|2D126JL,12-2
50|2D126jL,12-1
50|2D127BL,12-2
50|2D127bL,12-1
50|2D1283L,12-2
50|2D128TL,12-1
50|2D128uL,12-2
50|2D129NL,12-1
50|2D129oL,12-2
50|2D12AIL,12-1
50|2D12AkL,12-2
50|2D12BFg,12-1
50|2D12Bhg,12-2
50|2D12CCg,12-1
50|2D12Cfg,12-2
50|2D12DBg,12-1
50|2D12Deg,12-2
50|2D12EAg,12-1
50|2D12Edg,12-2
50|2D12F9g,12-1
50|2D12Fcg,12-2
50|2D12G8g,12-1
50|2D12Gbg,12-2
50|2D12H7g,12-1
50|2D12Hag,12-2
50|2D12I6g,12-1
50|2D12IZg,12-2
50|2D12J3g,12-1
50|2D12JWg,12-2
50|2D12K0g,12-1
50|2D12KRL,12-2
50|2D12KtL,12-1
50|2D12LLL,12-2
50|2D12LmL,12-1
50|2D12MFL,12-2
50|2D12MgL,12-1
50|2D12N8L,12-2
50|2D12NXL,12-1
50|2D1366M,13-1
50|2D136WM,13-2
50|2D136wM,13-1
50|2D137OM,13-2
50|2D137oM,13-1
50|2D138GM,13-2
50|2D138hM,13-1
50|2D139AM,13-2
50|2D139bM,13-1
50|2D13A4M,13-2
50|2D13AWM,13-1
50|2D13B0M,13-2
50|2D13BTM,13-1
50|2D13BvM,13-2
50|2D13CRM,13-1
50|2D13CuM,13-2
50|2D13DQM,13-1
50|2D13DtM,13-2
50|2D13EPM,13-1
50|2D13EsM,13-2
50|2D13FOM,13-1
50|2D13FrM,13-2
50|2D13GNM,13-1
50|2D13GqM,13-2
50|2D13HMM,13-1
50|2D13HpM,13-2
50|2D13ILM,13-1
50|2D13InM,13-2
50|2D13JHM,13-1
50|2D13JkM,13-2
50|2D13KDM,13-1
50|2D13KfM,13-2
50|2D13L8M,13-1
50|2D13LZM,13-2
50|2D13M1M,13-1
50|2D13MSM,13-2
50|2D13MtM,13-1
50|2D13NKM,13-2
50|2D13NkM,13-1
50|3D126jL,12-1
50|3D127BL,12-2
50|3D127bL,12-1
50|3D1283L,12-2
50|3D128TL,12-1
50|3D128uL,12-2
50|3D129NL,12-1
50|3D129oL,12-2
50|3D12AIL,12-1
50|3D12AkL,12-2
50|3D12BFg,12-1
50|3D12Bhg,12-2
50|3D12CCg,12-1
50|3D12Cfg,12-2
50|3D12DBg,12-1
50|3D12Deg,12-2
50|3D12EAg,12-1
50|3D12Edg,12-2
50|3D12F9g,12-1
50|3D12Fcg,12-2
50|3D12G8g,12-1
50|3D12Gbg,12-2
50|3D12H7g,12-1
50|3D12Hag,12-2
50|3D12I6g,12-1
50|3D12IZg,12-2
50|3D12J3g,12-1
50|3D12JWg,12-2
50|3D12K0g,12-1
50|3D12KRL,12-2
50|3D12KtL,12-1
50|3D12LLL,12-2
50|3D12LmL,12-1
50|3D12MFL,12-2
50|3D136WM,13-1
50|3D136wM,13-2
50|3D137OM,13-1
50|3D137oM,13-2
50|3D138GM,13-1
50|3D138hM,13-2
50|3D139AM,13-1
50|3D139bM,13-2
50|3D13A4M,13-1
50|3D13AWM,13-2
50|3D13B0M,13-1
50|3D13BTM,13-2
50|3D13BvM,13-1
50|3D13CRM,13-2
50|3D13CuM,13-1
50|3D13DQM,13-2
50|3D13DtM,13-1
50|3D13EPM,13-2
50|3D13EsM,13-1
50|3D13FOM,13-2
50|3D13FrM,13-1
50|3D13GNM,13-2
50|3D13GqM,13-1
50|3D13HMM,13-2
50|3D13HpM,13-1
50|3D13ILM,13-2
50|3D13InM,13-1
50|3D13JHM,13-2
50|3D13JkM,13-1
50|3D13KDM,13-2
50|3D13KfM,13-1
50|3D13L8M,13-2
50|3D13LZM,13-1
50|3D13M1M,13-2
50|3D13MSM,13-1
51u12205cH,120-3
51u12205t9,120-1
51u122069H,120-1
51u12206V9,120-2
51u12206jH,120-2
51u1220789,120-3
51u12207N6,120-3
51u12207i9,120-1
51u12207x6,120-1
51u12208M9,120-2
51u12208b6,120-2
51u1220909,120-3
51u12209F6,120-3
51u12209b9,120-1
51u12209q6,120-1
51u1220AE9,120-2
51u1220AT6,120-2
51u1220Ap9,120-3
51u1220B66,120-3
51u1220BS9,120-1
51u1220Bh6,120-1
51u1220C59,120-2
51u1220CK6,120-2
51u1220Cg9,120-3
51u1220Cv6,120-3
51u1220DJ9,120-1
51u1220DY6,120-1
51u1220Dv9,120-2
51u1220EC6,120-2
51u1220EY9,120-3
51u1220Eo6,120-3
51u1220FC9,120-1
51u1220FSt,120-1
51u1220Fo9,120-2
51u1220G6t,120-2
51u1220GU9,120-3
51u1220Gkt,120-3
51u1220HA9,120-1
51u1220HQt,120-1
51u1220Hm9,120-2
51u1220I56,120-2
51u1220IR9,120-3
51u1220Ih6,120-3
51u1220J49,120-1
51u12235bG,123-2
51u12235iL,123-1
51u122365G,123-1
51u12236CL,123-2
51u12236XG,123-2
51u12236eL,123-1
51u122371G,123-1
51u122379G,123-2
51u12237UG,123-2
51u12237cG,123-1
51u12237xG,123-1
51u122387G,123-2
51u12238SG,123-2
51u12238aG,123-1
51u12238vG,123-1
51u122395G,123-2
51u12239QG,123-2
51u12239YG,123-1
51u12239tG,123-1
51u1223A3G,123-2
51u1223AOG,123-2
51u1223AWG,123-1
51u1223ArG,123-1
51u1223B1G,123-2
51u1223BMG,123-2
51u1223BUG,123-1
51u1223BpG,123-1
51u1223BxG,123-2
51u1223CKG,123-2
51u1223CSG,123-1
51u1223CnG,123-1
51u1223CvG,123-2
51u1223DIG,123-2
51u1223DQG,123-1
51u1223DlG,123-1
51u1223DtG,123-2
51u1223EGG,123-2
51u1223EOG,123-1
51u1223EjG,123-1
51u1223ErG,123-2
51u1223FEG,123-2
51u1223FMG,123-1
51u1223FhG,123-1
51u1223FpG,123-2
51u1223GCG,123-2
51u1223GKG,123-1
51u1223GfG,123-1
51u1223GnG,123-2
51u1223HAG,123-2
51u1223HIG,123-1
51u1223HdG,123-1
51u1223HlG,123-2
51u1223I8G,123-2
51u1223IGG,123-1
51u1223IbG,123-1
51u1223IiL,123-2
51u1225tM,1-18
51u1226NM,1-11
51u1226pM,22-1
51u1227KH,70-4
51u1227oH,22-2
51u1228KH,70-4
51u1228pH,22-2
51u1229LH,22-3
51u1229qH,22-2
51u122AMH,22-3
51u122ArH,22-2
51u122BOH,22-3
51u122BtH,22-2
51u122CQH,22-3
51u122CwH,22-2
51u122DTH,22-3
51u122E1H,22-2
51u122EXD,22-3
51u122F5D,22-2
51u122FbD,22-3
51u122FrD,15-19
51u122G9D,22-2
51u122GPD,22-4
51u122GfD,22-3
51u122GvD,15-19
51u122HDD,22-2
51u122HTD,22-4
51u122HjD,22-3
51u122I0D,16-16
51u122IGD,22-2
51u122IWD,12-5
51u122IlH,22-3
51u122J3H,16-5
51u122JHH,22-2
51u122JkH,22-3
51u122KEM,22-2
51u122KgM,22-3
51u122LAM,22-2
51u122LcM,22-3
51u122M6M,22-2
51u122MXM,22-3
51u122NSM,22-3
51u122ONM,22-3
51u1705mF,70-1
51u1706IF,70-2
51u1706lF,15-3
51u17074F,70-6
51u1707KF,70-1
51u1707aF,70-3
51u1707qF,70-2
51u17088F,70-5
51u1708OF,15-3
51u1708eF,70-6
51u1708uF,70-1
51u1709RF,70-2
51u1709wF,70-4
51u170ASF,70-1
51u170AxF,70-2
51u170BTF,70-4
51u170C0F,70-1
51u170CUF,70-2
51u170D0F,70-4
51u170DVF,70-1
51u170E2F,70-2
51u170EXF,70-4
51u170F4F,70-1
51u170FZF,70-2
51u170FqF,70-7
51u170G9F,70-4
51u170GQF,16-22
51u170GgF,70-1
51u170GwF,70-9
51u170HEF,70-2
51u170HUF,70-7
51u170HlF,70-4
51u170I4F,70-8
51u170IJF,70-1
51u170IYF,70-9
51u170IoF,70-2
51u170JJF,70-4
51u170JnF,70-1
51u170KJF,70-2
51u170KmF,70-4
51u170LHF,70-1
51u170LlF,70-2
51u170MGF,70-4
51u170MjF,70-1
51u188564E,185-1
51u18856iE,185-3
51u18857ME,185-2
51u188583E,185-1
51u18858iE,185-3
51u1885EeE,185-4
51u1885FM9,109-1
51u1885G59,108-1
51u1885Gk9,185-4
51u1885HT9,109-1
51u1885I9E,108-1
51u1885ImE,185-4
51u1BLUE5VO,1-6
51u1BLUE5fO,1-12
51u1BLUE5oO,1-17
51u1BLUE5xO,1-19
51u1BLUE68O,1-5
51u1BLUE6FO,1-3
51u1BLUE6LO,162-2
51u1BLUE6RO,1-9
51u1BLUE6XO,1-13
51u1BLUE6eO,1-15
51u1BLUE6kO,1-21
51u1BLUE6qO,1-8
51u1BLUE6wO,74-1
51u1BLUE75O,1-1
51u1BLUE7AO,1-24
51u1BLUE7GO,1-23
51u1BLUE7MO,1-25
51u1BLUE7UO,1-2
51u1BLUE7bO,1-7
51u1BLUE7iO,1-26
51u1BLUE7oO,1-6
51u1BLUE7uO,1-10
51u1BLUE82O,1-12
51u1BLUE89O,1-37
51u1BLUE8FO,1-14
51u1BLUE8LO,1-40
51u1BLUE8RO,1-5
51u1BLUE8YO,1-44
51u1BLUE8eO,1-39
51u1BLUE8lO,1-22
51u1BLUE8rO,1-9
51u1BLUE8xO,1-27
51u1BLUE95O,1-46
51u1BLUE9BO,1-13
51u1BLUE9GO,1-33
51u1BLUE9MO,1-42
51u1BLUE9RO,1-50
51u1BLUE9XO,1-8
51u1BLUE9dO,1-16
51u1BLUE9jO,1-38
51u1BLUE9qO,1-45
51u1BLUE9xO,1-23
51u1BLUEA5O,1-43
51u1BLUEABO,1-2
51u1BLUEAHO,1-6
51u1BLUEANO,1-7
51u1BLUEATO,1-30
51u1BLUEAZO,1-10
51u1BLUEAfO,1-3
51u1BLUEAlO,1-12
51u1BLUEArO,1-5
51u1BLUEAxO,1-37
51u1BLUEB5O,1-44
51u1BLUEBBO,1-51
51u1BLUEBHC,1-22
51u1BLUEBNC,1-39
51u1BLUEBTC,1-27
51u1BLUEBZC,1-9
51u1BLUEBfC,1-13
51u1BLUEBlC,1-46
51u1BLUEBrC,1-42
51u1BLUEBxC,1-33
51u1BLUEC5C,1-8
51u1BLUECAC,1-50
51u1BLUECGC,1-38
51u1BLUECMC,1-16
51u1BLUECSC,1-23
51u1BLUECYC,1-45
51u1BLUECeC,1-2
51u1BLUEClC,1-43
51u1BLUECrC,1-7
51u1BLUECxC,1-6
51u1BLUED5C,1-10
51u1BLUEDBC,1-30
51u1BLUEDHC,1-12
51u1BLUEDNC,1-3
51u1BLUEDTC,1-37
51u1BLUEDZC,1-5
51u1BLUEDfC,1-51
51u1BLUEDmC,1-44
51u1BLUEDsC,1-39
51u1BLUEE0C,1-22
51u1BLUEE6C,1-9
51u1BLUEECC,1-27
51u1BLUEEIC,1-46
51u1BLUEEOC,1-13
51u1BLUEEUC,1-33
51u1BLUEEaC,1-42
51u1BLUEEgC,1-50
51u1BLUEEmC,1-8
51u1BLUEEsC,1-16
51u1BLUEF0C,1-38
51u1BLUEF6C,1-45
51u1BLUEFCC,1-23
51u1BLUEFIC,1-43
51u1BLUEFPC,1-2
51u1BLUEFUC,1-6
51u1BLUEFaC,3-35
51u1BLUEFfC,1-30
51u1BLUEFkC,1-7
51u1BLUEFpC,1-54
51u1BLUEFtC,1-10
51u1BLUEFxO,1-55
51u1BLUEG3O,1-12
51u1BLUEG7O,1-5
51u1BLUEGBO,16-19
51u1BLUEGFO,15-17
51u1BLUEGJO,1-37
51u1BLUEGNO,70-8
51u1BLUEGRO,1-59
51u1BLUEGVO,1-22
51u1BLUEGZO,1-51
51u1BLUEGdO,1-64
51u1BLUEGhO,1-39
51u1BLUEGlO,177-2
51u1BLUEGpO,1-65
51u1BLUEGtO,17-4
51u1BLUEGxO,1-9
51u1BLUEH3O,1-72
51u1BLUEH7O,1-58
51u1BLUEHBO,1-33
51u1BLUEHFO,1-61
51u1BLUEHJO,1-75
51u1BLUEHNO,1-63
51u1BLUEHRO,1-76
51u1BLUEHVO,1-42
51u1BLUEHZO,1-16
51u1BLUEHcO,1-53
51u1BLUEHfO,1-60
51u1BLUEHiO,1-71
51u1BLUEHmO,1-68
51u1BLUEHqO,1-38
51u1BLUEHuO,1-43
51u1BLUEI0O,1-57
51u1BLUEI4O,74-3
51u1BLUEI8O,1-44
51u1BLUEICO,8-39
51u1BLUEIGO,1-62
51u1BLUEIKO,1-30
51u1BLUEIOO,1-78
51u1BLUEITO,1-54
51u1BLUEIZO,1-66
51u1BLUEIfO,1-12
51u1BLUEIlO,1-55
51u1BLUEIsO,1-7
51u1BLUEJ1O,1-51
51u1BLUEJ8O,179-5
51u1BLUEJGO,1-59
51u1BLUEJPO,10-7
51u1BLUEJYO,1-8
51u1BLUEJhO,1-75
51u1BLUEJrO,1-50
51u1BLUEK3O,1-16
51u1BLUEKDO,1-60
51u1BLUEKOO,1-74
51u1BLUEKZO,74-3
51u1BLUEKkO,9-15
51u1BLUEKvO,1-30
51u1BLUEL8O,1-7
51u1BLUELJO,1-55
51u1BLUELUO,74-17
51u1BLUELfO,1-59
51u1BLUELrO,1-75
51u1BLUEM6O,1-8
51u1BLUEMKO,1-16
51u1BLUEMYO,1-60
51u1BLUEMmO,6-20
51u1BLUEN2O,74-3
51u1BLUENFO,171-5
51u1BLUENTO,74-2
51u1BLUENhO,74-17
51u1BLUENva,1-59
51u1BLUEOCa,28-10
51u1BLUEORa,15-1
51u1BLUEOfa,1-74
51u1BLUEOta,1-60
51u1BLUEPAa,6-20
51u1BLUEPPa,171-5
51u1BLUEPea,74-2
51u1BLUEPua,74-17
51u1D1563M,15-7
51u1D156LM,15-4
51u1D156fM,15-6
51u1D1571M,15-10
51u1D157MM,15-5
51u1D157XM,15-12
51u1D157jM,15-2
51u1D157uM,15-14
51u1D1587M,15-1
51u1D158IM,22-3
51u1D158TM,15-8
51u1D158oM,15-7
51u1D159BM,15-4
51u1D159VM,15-6
51u1D159qM,15-10
51u1D15ACM,15-5
51u1D15AWM,15-9
51u1D15AqM,15-1
51u1D15BDM,15-3
51u1D15BYM,15-7
51u1D15BtM,15-4
51u1D15CGM,15-6
51u1D15CbM,15-10
51u1D15CvM,15-5
51u1D15DIM,15-9
51u1D15DdM,15-1
51u1D15E0M,15-3
51u1D15EMM,15-7
51u1D15EjM,15-4
51u1D15F7M,15-6
51u1D15FWM,15-10
51u1D15FtM,15-5
51u1D15G7M,15-20
51u1D15GJM,15-9
51u1D15GVM,15-22
51u1D15GgM,15-1
51u1D15GsM,15-23
51u1D15H6M,15-3
51u1D15HIM,15-16
51u1D15HTM,15-7
51u1D15HfM,8-45
51u1D15HrM,15-4
51u1D15I5M,8-42
51u1D15IGM,15-6
51u1D15IQM,15-9
51u1D15IbM,15-10
51u1D15IlM,9-21
51u1D15IvM,15-5
51u1D15JHM,15-17
51u1D15JbM,15-1
51u1D15JvM,15-19
51u1D15KHM,15-7
51u1D15KaM,15-4
51u1D15KuM,15-6
51u1D15LFM,15-10
51u1D15LXM,15-5
51u1D15MAM,15-1
51u1D15MlM,15-7
51u1D15NOM,15-6
51u1D15O1M,15-5
51u2226EM,22-2
51u2226fM,22-1
51u22279M,22-2
51u2227aM,22-1
51u22284M,22-2
51u2228VM,22-1
51u2228xM,22-2
51u2229QM,22-1
51u2229tM,22-2
51u222ANM,22-1
51u222ArM,22-2
51u222BMH,22-1
51u222BqH,22-2
51u222CMH,22-1
51u222CqH,22-2
51u222DMH,22-1
51u222DqH,22-2
51u222EMH,22-1
51u222EqH,22-2
51u222FMH,22-1
51u222FqH,22-2
51u222GMH,22-1
51u222GqH,22-2
51u222HMH,22-1
51u222HqH,22-2
51u222IMH,22-1
51u222IqH,22-2
51u222JLH,22-1
51u222JoH,22-2
51u222KHM,22-1
51u222KkM,22-2
51u222LEM,22-1
51u222LgM,22-2
51u222MAM,22-1
51u222N5M,22-1
51u222O0M,22-1
51u27060F,70-3
51u2706SF,70-1
51u2706tF,70-2
51u2707PF,70-3
51u2707rF,70-1
51u2708LF,70-2
51u2708pF,70-3
51u2709JF,70-1
51u2709mF,70-2
51u270AIF,70-3
51u270AlF,70-1
51u270BHF,70-2
51u270BmF,70-3
51u270CIF,70-1
51u270CmF,70-2
51u270DJF,70-3
51u270DnF,70-1
51u270EJF,70-2
51u270EoF,70-3
51u270FKF,70-1
51u270FoF,70-2
51u270GLF,70-3
51u270GpF,70-1
51u270HLF,70-2
51u270HqF,70-3
51u270IMF,70-1
51u270IqF,70-2
51u270JMF,70-3
51u270JqF,70-1
51u270KLF,70-2
51u270L5F,70-3
51u270LnF,70-2
51u270MWF,70-3
51u2BLUE5KO,1-1
51u2BLUE5XO,1-2
51u2BLUE5lO,1-3
51u2BLUE60O,1-7
51u2BLUE6DO,1-8
51u2BLUE6RO,1-10
51u2BLUE6eO,1-5
51u2BLUE6sO,1-6
51u2BLUE77O,1-9
51u2BLUE7MO,1-4
51u2BLUE7aO,1-1
51u2BLUE7pO,1-2
51u2BLUE85O,1-3
51u2BLUE8JO,1-7
51u2BLUE8XO,1-8
51u2BLUE8mO,1-10
51u2BLUE91O,1-5
51u2BLUE9EO,1-6
51u2BLUE9QO,1-9
51u2BLUE9cO,1-11
51u2BLUE9nO,1-1
51u2BLUEA1O,1-4
51u2BLUEACO,1-12
51u2BLUEANO,1-2
51u2BLUEAYO,1-3
51u2BLUEAjO,1-7
51u2BLUEAuO,1-8
51u2BLUEB6O,1-13
51u2BLUEBHC,1-5
51u2BLUEBRC,1-10
51u2BLUEBbC,1-14
51u2BLUEBlC,1-6
51u2BLUEBvC,1-9
51u2BLUEC7C,1-11
51u2BLUECHC,1-1
51u2BLUECRC,1-15
51u2BLUECbC,1-12
51u2BLUEClC,1-4
51u2BLUECvC,1-3
51u2BLUED7C,1-2
51u2BLUEDHC,1-8
51u2BLUEDSC,1-7
51u2BLUEDeC,1-5
51u2BLUEDoC,1-13
51u2BLUEE0C,1-14
51u2BLUEEAC,1-10
51u2BLUEEKC,1-9
51u2BLUEEUC,1-6
51u2BLUEEfC,1-1
51u2BLUEEpC,1-11
51u2BLUEF1C,1-12
51u2BLUEFBC,1-15
51u2BLUEFLC,1-3
51u2BLUEFVC,1-4
51u2BLUEFfC,1-8
51u2BLUEFqC,1-2
51u2BLUEG3C,1-5
51u2BLUEGEC,1-7
51u2BLUEGOC,1-14
51u2BLUEGYC,1-13
51u2BLUEGjC,1-9
51u2BLUEGtC,1-10
51u2BLUEH6C,1-1
51u2BLUEHGC,1-6
51u2BLUEHPC,1-12
51u2BLUEHZC,1-11
51u2BLUEHjC,1-3
51u2BLUEHtC,1-15
51u2BLUEI4C,1-8
51u2BLUEIFC,1-4
51u2BLUEIPC,1-5
51u2BLUEIZC,1-2
51u2BLUEIjC,1-14
51u2BLUEItC,1-7
51u2BLUEJ6C,1-9
51u2BLUEJFC,1-13
51u2BLUEJPC,1-1
51u2BLUEJaC,1-10
51u2BLUEJkO,1-12
51u2BLUEJvO,1-6
51u2BLUEKCO,1-3
51u2BLUEKSO,1-15
51u2BLUEKhO,1-4
51u2BLUEKvO,1-5
51u2BLUELDO,1-14
51u2BLUELTO,1-9
51u2BLUELiO,1-1
51u2BLUEM0O,1-10
51u2BLUEMFO,8-6
51u2BLUEMUO,1-3
51u2BLUEMjO,8-8
51u2BLUEMxO,1-4
51u2BLUENEO,1-5
51u2BLUENTO,1-14
51u2BLUENhO,1-9
51u2BLUENvO,1-1
51u2BLUEOBa,1-10
51u2BLUEOQa,8-6
51u2BLUEOea,1-3
51u2BLUEOsa,8-8
51u2BLUEP9a,1-4
51u2BLUEPOa,1-5
51u2BLUEPda,1-14
51u2BLUEPta,1-9
51u2D156fR,15-2
51u2D157KR,15-4
51u2D157wR,15-1
51u2D158cR,15-3
51u2D159HR,15-2
51u2D159uR,15-4
51u2D15AKR,15-6
51u2D15AiR,15-1
51u2D15B7R,15-5
51u2D15BWR,15-3
51u2D15BuR,15-7
51u2D15CJR,15-2
51u2D15CiR,15-4
51u2D15D8R,15-6
51u2D15DWR,15-1
51u2D15DvR,15-5
51u2D15EMR,15-3
51u2D15EkR,15-7
51u2D15FAR,15-2
51u2D15FYR,15-4
51u2D15FwR,15-6
51u2D15GMR,15-1
51u2D15GlR,15-5
51u2D15HCR,15-3
51u2D15HaR,15-7
51u2D15I0R,15-2
51u2D15IOR,15-4
51u2D15ImR,15-6
51u2D15JCR,15-1
51u2D15JZR,15-5
51u2D15JwR,15-3
51u2D15KLR,15-7
51u2D15KhR,15-2
51u2D15L6R,15-4
51u2D15LUR,15-6
51u2D15LtR,15-1
51u2D15MLR,15-5
51u2D15MwR,15-7
51u2D15NaR,15-4
51u3227EM,22-1
51u32289M,22-1
51u32294M,22-1
51u322A0M,22-1
51u322AwM,22-1
51u322BvH,22-1
51u322CRH,22-2
51u322CvH,22-1
51u322DRH,22-2
51u322DvH,22-1
51u322ERH,22-2
51u322EvH,22-1
51u322FRH,22-2
51u322FvH,22-1
51u322GRH,22-2
51u322GvH,22-1
51u322HRH,22-2
51u322HvH,22-1
51u322IRH,22-2
51u322IvH,22-1
51u322JtH,22-1
51u322KpM,22-1
51u322LlM,22-1
51u322MgM,22-1
51u3707NF,70-2
51u37086F,70-1
51u3708nF,70-2
51u3709WF,70-1
51u370AGF,70-2
51u370B1F,70-1
51u370BkF,70-2
51u370CWF,70-1
51u370DHF,70-2
51u370E3F,70-1
51u370EmF,70-2
51u370FYF,70-1
51u370GJF,70-2
51u370H5F,70-1
51u370HoF,70-2
51u370IaF,70-1
51u370JKF,70-2
51u370K6F,70-1
51u370KmF,70-2
51u370LXF,70-1
51u3BLUE68O,1-3
51u3BLUE6LO,1-5
51u3BLUE6ZO,1-7
51u3BLUE6nO,1-2
51u3BLUE73O,1-4
51u3BLUE7HO,1-1
51u3BLUE7VO,1-10
51u3BLUE7kO,1-6
51u3BLUE80O,1-8
51u3BLUE8EO,1-9
51u3BLUE8SO,1-3
51u3BLUE8hO,1-5
51u3BLUE8uO,1-7
51u3BLUE99O,1-2
51u3BLUE9LO,1-4
51u3BLUE9XO,1-11
51u3BLUE9iO,1-10
51u3BLUE9uO,1-1
51u3BLUEA7O,1-12
51u3BLUEAIO,1-6
51u3BLUEATO,1-8
51u3BLUEAdO,1-9
51u3BLUEApO,1-3
51u3BLUEB2O,1-13
51u3BLUEBEC,1-7
51u3BLUEBPC,1-5
51u3BLUEBcC,1-4
51u3BLUEBnC,1-2
51u3BLUEC1C,1-10
51u3BLUECDC,1-11
51u3BLUECPC,1-12
51u3BLUECbC,1-1
51u3BLUECnC,1-8
51u3BLUED1C,1-6
51u3BLUEDDC,1-3
51u3BLUEDPC,1-9
51u3BLUEDbC,1-7
51u3BLUEDnC,1-13
51u3BLUEE1C,1-4
51u3BLUEEDC,1-5
51u3BLUEEOC,1-10
51u3BLUEEaC,1-2
51u3BLUEEmC,1-12
51u3BLUEF0C,1-11
51u3BLUEFCC,1-8
51u3BLUEFOC,1-1
51u3BLUEFaC,1-3
51u3BLUEFmC,1-6
51u3BLUEG0C,1-7
51u3BLUEGDC,1-9
51u3BLUEGPC,1-4
51u3BLUEGbC,1-13
51u3BLUEGnC,1-10
51u3BLUEH1C,1-5
51u3BLUEHDC,1-12
51u3BLUEHPC,1-2
51u3BLUEHaC,1-8
51u3BLUEHmC,1-11
51u3BLUEHxC,1-3
51u3BLUEIBC,1-1
51u3BLUEIMC,1-7
51u3BLUEIYC,1-6
51u3BLUEIkC,1-4
51u3BLUEIxC,1-9
51u3BLUEJCC,1-10
51u3BLUEJPC,1-13
51u3BLUEJdO,1-12
51u3BLUEJsO,1-2
51u3BLUEK9O,1-8
51u3BLUEKOO,1-11
51u3BLUEKdO,1-1
51u3BLUEKsO,1-7
51u3BLUELAO,1-4
51u3BLUELQO,1-9
51u3BLUELfO,1-10
51u3BLUELvO,1-12
51u3BLUEMCO,8-7
51u3BLUEMRO,1-8
51u3BLUEMfO,8-8
51u3BLUEMuO,1-1
51u3BLUENAO,1-7
51u3BLUENOO,1-4
51u3BLUENdO,1-9
51u3BLUENrO,1-10
51u3BLUEO7a,1-12
51u3BLUEONa,8-7
51u3BLUEOea,1-8
51u3D157mR,15-2
51u3D158ER,15-4
51u3D158eR,15-6
51u3D1596R,15-1
51u3D159XR,15-3
51u3D159xR,15-5
51u3D15AQR,15-2
51u3D15AsR,15-4
51u3D15BLR,15-6
51u3D15BoR,15-1
51u3D15CIR,15-3
51u3D15CkR,15-5
51u3D15DER,15-2
51u3D15DhR,15-4
51u3D15EBR,15-6
51u3D15EeR,15-1
51u3D15F8R,15-3
51u3D15FaR,15-5
51u3D15G4R,15-2
51u3D15GXR,15-4
51u3D15H1R,15-6
51u3D15HUR,15-1
51u3D15HwR,15-3
51u3D15IQR,15-5
51u3D15IsR,15-2
51u3D15JMR,15-4
51u3D15JnR,15-6
51u3D15KER,15-1
51u3D15KeR,15-3
51u3D15L6R,15-5
51u3D15LVR,15-2
51u3D15M7R,15-4
51u3D15MiR,15-1
58S1435hk,43-4
58S14369Z,43-1
58S1436XZ,43-3
58S1436mP,1-31
58S14371P,43-2
58S1437EP,133-2
58S1437SP,43-4
58S1437fP,136-4
58S1437tP,43-1
58S14388P,15-13
58S1438MP,43-3
58S1438ZP,13-6
58S1438nP,43-2
58S14392P,16-7
58S1439EZ,43-4
58S1439QZ,140-2
58S1439dk,43-1
58S143A4k,43-3
58S143AUk,43-2
58S143Atk,43-4
58S143BKk,43-1
58S143Bjk,43-3
58S143CAk,43-2
58S143CZk,43-4
58S143D0k,43-1
58S143DPk,43-3
58S143Dok,43-2
58S143EGk,43-4
58S143EgZ,43-1
58S143F9Z,43-3
58S143FZZ,43-2
58S143G5P,43-4
58S143GXP,43-1
58S143H1P,43-3
58S143HTP,43-2
58S143HwP,43-4
58S143IMZ,43-1
58S143Imk,43-3
58S143JEk,43-2
58S143Jkk,43-4
58S143KJk,43-5
58S143Kqk,43-2
58S143LOk,43-4
58S143Lvk,43-5
58S1745jK,9-3
58S1746BK,74-3
58S1746aA,74-11
58S1746mA,74-6
58S17471A,74-2
58S1747EA,74-13
58S1747SA,74-8
58S1747fA,74-9
58S1747tA,74-5
58S17489A,74-4
58S1748MA,74-7
58S1748ZA,74-10
58S1748nA,74-14
58S17493A,74-12
58S1749GK,74-3
58S1749hK,74-11
58S174A9K,74-2
58S174AZK,74-8
58S174B1K,74-16
58S174BRK,74-7
58S174BsK,74-1
58S174CKK,74-3
58S174CkK,74-11
58S174DCK,74-2
58S174DdK,74-8
58S174E4K,74-16
58S174EWK,74-7
58S174EwK,74-1
58S174FQK,74-3
58S174FfA,74-18
58S174FtA,74-17
58S174G9A,74-24
58S174GNA,74-2
58S174GcA,74-20
58S174GqA,74-8
58S174H7A,74-22
58S174HMA,74-25
58S174HaA,74-19
58S174HoA,74-7
58S174I5A,74-21
58S174IJA,74-1
58S174IkK,74-26
58S174JDK,74-17
58S174JdK,74-2
58S174K5K,74-8
58S174KUK,74-25
58S174KtK,74-7
58S174LJK,74-1
58S174LhK,74-26
58S174M8K,179-5
58S18815l2,181-1
58S18816V2,181-1
58S18817Fu,181-1
58S188181u,181-1
58S18818lu,181-1
58S1881FTu,43-5
58S1881GGu,43-5
58S1881H3u,43-5
58S1881Hou,43-5
58S1881Ia2,43-5
58S1D165lu,16-2
58S1D166Bu,16-3
58S1D166Yu,16-5
58S1D166ku,16-9
58S1D166wu,16-1
58S1D1679n,16-8
58S1D167Hn,17-9
58S1D167Pn,16-4
58S1D167Wn,1-47
58S1D167cn,16-10
58S1D167jn,16-6
58S1D167pn,16-2
58S1D167wn,13-10
58S1D1684n,16-12
58S1D168Bn,16-14
58S1D168Hn,16-3
58S1D168On,22-1
58S1D168Un,16-11
58S1D168bn,16-13
58S1D168hn,16-5
58S1D168un,16-9
58S1D1699n,16-1
58S1D169Mn,16-8
58S1D169Zn,16-4
58S1D16A0n,16-13
58S1D16APn,16-7
58S1D16Aon,16-5
58S1D16BFn,16-1
58S1D16Bdn,16-4
58S1D16C4n,16-13
58S1D16CTn,16-7
58S1D16Csn,16-5
58S1D16DJn,16-1
58S1D16Dhn,16-4
58S1D16E8n,16-13
58S1D16EXn,16-7
58S1D16Exn,16-5
58S1D16FPn,16-1
58S1D16Fen,16-18
58S1D16Ftn,16-4
58S1D16G9n,16-16
58S1D16GNn,16-13
58S1D16Gbn,16-17
58S1D16Gpn,16-7
58S1D16H5n,132-2
58S1D16HJn,16-5
58S1D16HXn,16-15
58S1D16Hln,16-1
58S1D16I1n,16-21
58S1D16IFn,16-4
58S1D16ITn,31-3
58S1D16Ign,16-20
58S1D16Itn,16-19
58S1D16JAu,16-22
58S1D16JQu,70-7
58S1D16Jju,16-15
58S1D16KFu,16-21
58S1D16Khu,16-20
58S1D16LBu,16-22
58S1D16Lfu,16-15
58S1D16MAu,16-21
58S1D16Mdu,16-20
58S1D16N7u,16-22
58S1D175pO,17-3
58S1D176HO,17-2
58S1D176fO,17-4
58S1D176uO,17-8
58S1D177AO,17-1
58S1D177KO,15-9
58S1D177TO,13-5
58S1D177cO,17-3
58S1D177lO,9-2
58S1D177uO,8-4
58S1D1785O,17-2
58S1D178EO,17-5
58S1D178NO,17-6
58S1D178WO,17-4
58S1D178gO,17-10
58S1D178pO,17-8
58S1D1790O,17-1
58S1D1798O,9-11
58S1D179HO,17-9
58S1D179QO,17-3
58S1D179cO,145-5
58S1D179rO,17-2
58S1D17AJO,17-4
58S1D17AkO,17-1
58S1D17BDO,17-3
58S1D17BeO,17-2
58S1D17C6O,17-4
58S1D17CXO,17-1
58S1D17D0O,17-3
58S1D17DRO,17-2
58S1D17DsO,17-7
58S1D17EMO,17-1
58S1D17EoO,17-3
58S1D17FJO,17-2
58S1D17FZO,48-2
58S1D17FpO,17-7
58S1D17G6O,146-2
58S1D17GLO,17-1
58S1D17GaO,17-11
58S1D17GpO,17-3
58S1D17H7O,17-13
58S1D17HMO,10-4
58S1D17HcO,17-14
58S1D17HtO,17-7
58S1D17I8O,17-12
58S1D17IMO,17-1
58S1D17InO,17-3
58S1D17JGO,10-12
58S1D17JhO,17-7
58S1D17K9O,17-1
58S1D17KYO,9-27
58S1D17KwO,10-1
58S1D17LNO,17-7
58S1D17LmO,17-1
58S1D17MDO,9-27
58S1D17MbO,10-1
58S2436Bk,43-3
58S2436hk,43-2
58S2437Fk,43-1
58S2437lk,43-3
58S2438Jk,43-2
58S2438qk,43-1
58S2439Ok,43-3
58S2439uk,43-2
58S243ATk,43-1
58S243B2k,43-3
58S243BZk,43-2
58S243C8k,43-1
58S243Cgk,43-3
58S243DGk,43-2
58S243Dnk,43-1
58S243ENk,43-3
58S243Evk,43-2
58S243FUk,43-1
58S243G4k,43-3
58S243Gck,43-2
58S243HBk,43-1
58S243Hjk,43-3
58S243IJk,43-2
58S243Ipk,43-1
58S243JOk,43-3
58S243Jvk,43-2
58S243KVk,43-1
58S243L4k,43-3
58S243Lak,43-2
58S2745kK,74-2
58S2746TK,74-3
58S2747CK,74-4
58S2747sK,74-1
58S2748YK,74-2
58S27494K,74-5
58S2749YK,74-3
58S274A3K,74-4
58S274AWK,74-6
58S274B2K,74-1
58S274BUK,74-2
58S274C0K,74-5
58S274CUK,74-3
58S274D1K,74-4
58S274DWK,74-6
58S274E2K,74-1
58S274EWK,74-2
58S274F3K,74-5
58S274FXK,74-3
58S274G4K,74-4
58S274GZK,74-6
58S274H5K,74-1
58S274HZK,74-2
58S274I6K,74-5
58S274IaK,74-3
58S274J6K,74-4
58S274JaK,74-6
58S274K6K,74-1
58S274KZK,74-2
58S274L5K,74-5
58S274LWK,74-3
58S274M1K,74-4
58S2D166Nu,16-2
58S2D166pu,16-4
58S2D167Iu,16-1
58S2D167ju,16-3
58S2D168Dn,16-2
58S2D168fn,16-4
58S2D169An,16-1
58S2D169cn,16-3
58S2D16A6n,16-2
58S2D16AWn,16-4
58S2D16Aun,16-5
58S2D16BJn,16-1
58S2D16Bgn,16-3
58S2D16C5n,16-2
58S2D16CTg,16-4
58S2D16Crg,16-5
58S2D16DGg,16-1
58S2D16Ddg,16-3
58S2D16E3g,16-2
58S2D16EQg,16-4
58S2D16Eog,16-5
58S2D16FDg,16-1
58S2D16Fag,16-3
58S2D16G0g,16-2
58S2D16GNg,16-4
58S2D16Glg,16-5
58S2D16HAg,16-1
58S2D16HXg,16-3
58S2D16Hvg,16-2
58S2D16IKg,16-4
58S2D16Ign,16-5
58S2D16J5n,16-1
58S2D16JSn,16-3
58S2D16Jmu,16-2
58S2D16KAu,16-4
58S2D16KXu,16-5
58S2D16Ktu,16-1
58S2D16LHu,16-3
58S2D16Ldu,16-2
58S2D16MEu,16-4
58S2D16Mnu,16-1
58S2D176I6,17-2
58S2D176i6,17-4
58S2D177A6,17-1
58S2D177a6,17-3
58S2D17826,17-2
58S2D178S6,17-4
58S2D178t6,17-1
58S2D179K6,17-3
58S2D179f6,17-5
58S2D17A2m,17-2
58S2D17AOm,17-4
58S2D17Alm,17-1
58S2D17B9m,17-3
58S2D17BVm,17-5
58S2D17Brm,17-2
58S2D17CGm,17-4
58S2D17Cdm,17-1
58S2D17D2m,17-3
58S2D17DOm,17-5
58S2D17Dlm,17-2
58S2D17EAm,17-4
58S2D17EXm,17-1
58S2D17Eum,17-3
58S2D17FIm,17-5
58S2D17Ffm,17-2
58S2D17G4m,17-4
58S2D17GRm,17-1
58S2D17Gom,17-3
58S2D17HCm,17-5
58S2D17HZm,17-2
58S2D17Hwm,17-4
58S2D17IKm,17-1
58S2D17Igm,17-3
58S2D17J7m,17-5
58S2D17JXm,17-2
58S2D17K0m,17-4
58S2D17KSm,17-3
58S2D17Kt6,17-5
58S2D17LM6,17-2
58S2D17Lt6,17-4
58S2D17MS6,17-3
58S3437Ak,43-1
58S3437xk,43-2
58S3438mk,43-1
58S3439ak,43-2
58S343APk,43-1
58S343BEk,43-2
58S343C4k,43-1
58S343Ctk,43-2
58S343Dkk,43-1
58S343Eak,43-2
58S343FRk,43-1
58S343GHk,43-2
58S343H8k,43-1
58S343Hwk,43-2
58S343Imk,43-1
58S343Jak,43-2
58S343KPk,43-1
58S343LDk,43-2
58S37472K,74-1
58S3747jK,74-3
58S3748RK,74-2
58S37498K,74-4
58S3749qK,74-1
58S374AaK,74-3
58S374BKK,74-2
58S374C4K,74-4
58S374CoK,74-1
58S374DaK,74-3
58S374ELK,74-2
58S374F7K,74-4
58S374FrK,74-1
58S374GdK,74-3
58S374HOK,74-2
58S374IAK,74-4
58S374IuK,74-1
58S374JfK,74-3
58S374KOK,74-2
58S3D167Xu,16-2
58S3D1680u,16-4
58S3D168Sn,16-1
58S3D168tn,16-3
58S3D169Nn,16-2
58S3D169qn,16-4
58S3D16AKn,16-1
58S3D16Ann,16-3
58S3D16BIn,16-2
58S3D16Bln,16-4
58S3D16CHg,16-1
58S3D16Ckg,16-3
58S3D16DFg,16-2
58S3D16Djg,16-4
58S3D16EEg,16-1
58S3D16Ehg,16-3
58S3D16FCg,16-2
58S3D16Fgg,16-4
58S3D16GBg,16-1
58S3D16Geg,16-3
58S3D16H9g,16-2
58S3D16Hdg,16-4
58S3D16I8g,16-1
58S3D16Ibg,16-3
58S3D16J5n,16-2
58S3D16JXn,16-4
58S3D16Jxu,16-1
58S3D16KRu,16-3
58S3D16Ksu,16-2
58S3D16LKu,16-4
58S3D16Lsu,16-1
58S3D16MTu,16-3
58S3D177F6,17-2
58S3D177f6,17-4
58S3D17866,17-1
58S3D178W6,17-3
58S3D178x6,17-2
58S3D179Q6,17-4
58S3D179q6,17-1
58S3D17AIm,17-3
58S3D17Akm,17-2
58S3D17BEm,17-4
58S3D17Bgm,17-1
58S3D17CAm,17-3
58S3D17Cdm,17-2
58S3D17D7m,17-4
58S3D17Dam,17-1
58S3D17E5m,17-3
58S3D17EXm,17-2
58S3D17F1m,17-4
58S3D17FUm,17-1
58S3D17Fxm,17-3
58S3D17GRm,17-2
58S3D17Gtm,17-4
58S3D17HOm,17-1
58S3D17Hrm,17-3
58S3D17IKm,17-2
58S3D17Ilm,17-4
58S3D17JEm,17-1
58S3D17Jem,17-3
58S3D17K7m,17-2
58S3D17KX6,17-4
58S3D17L46,17-1
58S3D17Lb6,17-3
58S3D17MC6,17-4
7MF1315mx,31-2
7MF1316Ex,31-1
7MF1316dx,31-3
7MF13175N,31-2
7MF1317XN,31-1
7MF13180N,31-3
7MF1318RN,31-2
7MF1318tN,31-1
7MF1319MN,31-3
7MF1319mN,31-2
7MF131AEN,31-1
7MF131AeN,31-3
7MF131B6N,31-2
7MF131BWN,31-1
7MF131BwN,31-3
7MF131CON,31-2
7MF131CoN,31-1
7MF131DGN,31-3
7MF131DgN,31-2
7MF131E8N,31-1
7MF131EaN,31-3
7MF131F2N,31-2
7MF131FTk,31-1
7MF131Fjk,13-5
7MF131Fxk,31-4
7MF131GDk,5-3
7MF131GQk,31-2
7MF131Gek,31-7
7MF131Gsk,31-1
7MF131H9k,31-5
7MF131HOk,31-4
7MF131Hck,16-13
7MF131Hpk,31-2
7MF131I5k,31-7
7MF131IIN,31-1
7MF131IWN,11-13
7MF131IlN,31-4
7MF131JBN,31-2
7MF131JnN,31-6
7MF131KRN,31-2
7MF131L5N,31-6
7MF131LhN,31-2
7MF131MKN,31-6
7MF131MvN,31-2
7MF131NYN,31-6
7MF1D175r7,17-2
7MF1D176H7,17-4
7MF1D176iu,17-1
7MF1D176ru,15-9
7MF1D1771u,13-5
7MF1D177Ap,17-3
7MF1D177Jp,9-2
7MF1D177Sp,8-4
7MF1D177bj,17-2
7MF1D177kj,17-5
7MF1D177tj,17-6
7MF1D1784j,17-4
7MF1D178Ej,17-10
7MF1D178Nj,17-8
7MF1D178Wj,17-1
7MF1D178fj,9-11
7MF1D178oj,17-9
7MF1D178xj,17-3
7MF1D179Bp,145-5
7MF1D179Qu,17-2
7MF1D179r1,17-4
7MF1D17AK1,17-1
7MF1D17Al1,17-3
7MF1D17BE1,17-2
7MF1D17Be1,17-4
7MF1D17C71,17-1
7MF1D17CY1,17-3
7MF1D17D11,17-2
7MF1D17DS1,17-7
7MF1D17Du1,17-1
7MF1D17EO1,17-3
7MF1D17Eq1,17-2
7MF1D17F81,48-2
7MF1D17FN1,17-7
7MF1D17Fb1,146-2
7MF1D17Fpu,17-1
7MF1D17G6u,17-11
7MF1D17GLu,17-3
7MF1D17Gbu,17-13
7MF1D17Gqu,10-4
7MF1D17H8u,17-14
7MF1D17HPu,17-7
7MF1D17Hdu,17-12
7MF1D17Hs1,17-1
7MF1D17I91,13-12
7MF1D17IO1,17-3
7MF1D17Iq7,10-12
7MF1D17JK7,17-7
7MF1D17Jk7,17-1
7MF1D17KB7,9-27
7MF1D17KZ7,10-1
7MF1D17L07,17-7
7MF1D17LP7,17-1
7MF1D17Lo7,9-27
7MF1D17ME7,10-1
7MF1FX25cT,2-3
7MF1FX25mT,8-8
7MF1FX25vT,74-6
7MF1FX268T,8-13
7MF1FX26JT,2-2
7MF1FX26UT,2-4
7MF1FX26fT,2-5
7MF1FX26lT,2-14
7MF1FX26rT,2-6
7MF1FX26wT,2-10
7MF1FX273T,2-7
7MF1FX278T,2-12
7MF1FX27DT,2-8
7MF1FX27JT,2-16
7MF1FX27OT,2-3
7MF1FX27TT,2-18
7MF1FX27YT,2-1
7MF1FX27dT,2-20
7MF1FX27jx,2-9
7MF1FX27px,2-15
7MF1FX27vx,2-11
7MF1FX283x,2-13
7MF1FX288x,2-2
7MF1FX28Ex,2-17
7MF1FX28Kx,2-4
7MF1FX28Qx,2-19
7MF1FX28Vx,2-5
7MF1FX28hx,2-6
7MF1FX28sx,2-7
7MF1FX295x,2-8
7MF1FX29Gx,2-3
7MF1FX29Rx,2-1
7MF1FX29cx,2-9
7MF1FX29nx,2-11
7MF1FX2A0x,2-2
7MF1FX2ABT,2-4
7MF1FX2AMT,2-5
7MF1FX2AWT,2-6
7MF1FX2AhT,2-7
7MF1FX2AsT,2-8
7MF1FX2B5T,2-3
7MF1FX2BFT,2-1
7MF1FX2BQT,2-9
7MF1FX2BbT,2-11
7MF1FX2BmT,2-2
7MF1FX2BwT,2-4
7MF1FX2C9T,2-5
7MF1FX2CJT,2-6
7MF1FX2CUT,2-7
7MF1FX2CfT,2-8
7MF1FX2CqT,2-3
7MF1FX2D3T,2-1
7MF1FX2DET,2-9
7MF1FX2DPT,2-11
7MF1FX2DaT,2-2
7MF1FX2DkT,2-4
7MF1FX2DvT,2-5
7MF1FX2E9T,2-6
7MF1FX2EKT,2-7
7MF1FX2EVT,2-8
7MF1FX2EhT,2-3
7MF1FX2EtT,2-21
7MF1FX2F6x,2-9
7MF1FX2FHx,2-11
7MF1FX2FOx,2-29
7MF1FX2FUx,2-2
7MF1FX2Fax,2-23
7MF1FX2Fgx,2-4
7MF1FX2Flx,2-25
7MF1FX2Frx,2-5
7MF1FX2Fxx,2-28
7MF1FX2G5x,2-6
7MF1FX2GBx,2-31
7MF1FX2GHx,2-7
7MF1FX2GNx,2-27
7MF1FX2GTx,2-8
7MF1FX2GZx,2-24
7MF1FX2Gfx,2-26
7MF1FX2Glx,2-3
7MF1FX2Grx,2-30
7MF1FX2Gxx,2-21
7MF1FX2H5x,2-9
7MF1FX2HBx,2-32
7MF1FX2HHx,2-11
7MF1FX2HNx,2-29
7MF1FX2HTx,2-2
7MF1FX2HZx,2-23
7MF1FX2Hfx,2-4
7MF1FX2Hlx,2-25
7MF1FX2Hrx,2-5
7MF1FX2Hxx,2-28
7MF1FX2I4x,2-6
7MF1FX2IAx,2-31
7MF1FX2IGx,2-7
7MF1FX2IMx,2-27
7MF1FX2ISx,2-8
7MF1FX2IYT,2-24
7MF1FX2IeT,2-26
7MF1FX2IpT,2-30
7MF1FX2J2T,2-9
7MF1FX2JBx,2-11
7MF1FX2JMx,2-2
7MF1FX2JWx,2-4
7MF1FX2Jjx,2-22
7MF1FX2K3x,2-31
7MF1FX2KNx,2-26
7MF1FX2Kix,2-9
7MF1FX2L4x,2-2
7MF1FX2LOx,2-22
7MF1FX2Lix,2-31
7MF1FX2M4x,2-26
7MF1FX2MQx,2-9
7MF1FX2Mox,2-2
7MF1FX2NEx,2-22
7MF1FX2Ndx,2-26
7MF1FX2O3x,2-9
7MF1FX2OPx,5-4
7MF1FX2Omx,2-22
7MF1FX2PBx,2-26
7MF1FX2PYx,2-9
7MF2316Gx,31-1
7MF2316rx,31-2
7MF2317Vx,31-1
7MF23188x,31-2
7MF2318kx,31-1
7MF2319Nx,31-2
7MF231A2N,31-1
7MF231AeN,31-2
7MF231BJN,31-1
7MF231BwN,31-2
7MF231CcN,31-1
7MF231DHN,31-2
7MF231DvN,31-1
7MF231EaN,31-2
7MF231FGN,31-1
7MF231FtN,31-2
7MF231GZN,31-1
7MF231HEN,31-2
7MF231HsN,31-1
7MF231IXN,31-2
7MF231JCN,31-1
7MF231JoN,31-2
7MF231KTN,31-1
7MF231L7N,31-2
7MF231LjN,31-1
7MF231MMN,31-2
7MF231MxN,31-1
7MF231NaN,31-2
7MF2D175sH,17-2
7MF2D176JH,17-4
7MF2D176jH,17-1
7MF2D177BH,17-3
7MF2D177bC,17-2
7MF2D1783C,17-4
7MF2D178UC,17-1
7MF2D178tC,17-3
7MF2D179GC,17-5
7MF2D179bC,17-2
7MF2D179xC,17-4
7MF2D17ALC,17-1
7MF2D17AhC,17-3
7MF2D17B5C,17-5
7MF2D17BR7,17-2
7MF2D17Bn7,17-4
7MF2D17CC7,17-1
7MF2D17CZ7,17-3
7MF2D17Cv7,17-5
7MF2D17DK7,17-2
7MF2D17Dh7,17-4
7MF2D17E67,17-1
7MF2D17ET7,17-3
7MF2D17Ep7,17-5
7MF2D17FE7,17-2
7MF2D17Fb7,17-4
7MF2D17G07,17-1
7MF2D17GN7,17-3
7MF2D17Gj7,17-5
7MF2D17H87,17-2
7MF2D17HV7,17-4
7MF2D17Hr7,17-1
7MF2D17IFC,17-3
7MF2D17IfC,17-5
7MF2D17J8H,17-2
7MF2D17JZH,17-4
7MF2D17K3H,17-3
7MF2D17KUH,17-5
7MF2D17KvH,17-2
7MF2D17LUH,17-4
7MF2D17M3M,17-3
7MF2FX25wx,2-2
7MF2FX26Lx,2-4
7MF2FX26ix,2-1
7MF2FX277x,2-3
7MF2FX27Ux,2-2
7MF2FX27rx,2-4
7MF2FX28HT,2-1
7MF2FX28eT,2-3
7MF2FX293T,2-2
7MF2FX29ST,2-4
7MF2FX29qT,2-1
7MF2FX2AET,2-3
7MF2FX2AXT,2-5
7MF2FX2ApT,2-2
7MF2FX2B9T,2-4
7MF2FX2BQT,2-6
7MF2FX2BhT,2-1
7MF2FX2C0T,2-3
7MF2FX2CHT,2-5
7MF2FX2CZT,2-2
7MF2FX2CqT,2-4
7MF2FX2DAT,2-6
7MF2FX2DRT,2-1
7MF2FX2DiT,2-3
7MF2FX2E2T,2-5
7MF2FX2EKT,2-2
7MF2FX2EbT,2-4
7MF2FX2EtT,2-6
7MF2FX2FCT,2-1
7MF2FX2FTT,2-3
7MF2FX2FlT,2-5
7MF2FX2G5T,2-2
7MF2FX2GMT,2-4
7MF2FX2GeT,2-6
7MF2FX2GvT,2-1
7MF2FX2HET,2-3
7MF2FX2HWT,2-5
7MF2FX2HoT,2-2
7MF2FX2I7T,2-4
7MF2FX2IPT,2-6
7MF2FX2Iex,2-1
7MF2FX2Ivx,2-3
7MF2FX2JFx,2-5
7MF2FX2Jcx,2-2
7MF2FX2K2x,2-4
7MF2FX2KRx,2-1
7MF2FX2Kpx,2-5
7MF2FX2LFx,2-2
7MF2FX2Ldx,2-4
7MF2FX2M3x,2-1
7MF2FX2MSx,2-5
7MF2FX2Mqx,2-2
7MF2FX2NFx,2-4
7MF2FX2Ndx,2-1
7MF2FX2O2x,2-5
7MF2FX2OPx,2-2
7MF2FX2Omx,2-4
7MF2FX2PBx,2-1
7MF2FX2PYx,2-5
7MF3317Dx,31-1
7MF3318Qx,31-1
7MF3319dx,31-1
7MF331AsN,31-1
7MF331BWN,31-2
7MF331CAN,31-1
7MF331CnN,31-2
7MF331DRN,31-1
7MF331E6N,31-2
7MF331EiN,31-1
7MF331FNN,31-2
7MF331G1N,31-1
7MF331GeN,31-2
7MF331HIN,31-1
7MF331HvN,31-2
7MF331IZN,31-1
7MF331JpN,31-1
7MF331L7N,31-1
7MF331MMN,31-1
7MF3D176oH,17-2
7MF3D177GH,17-4
7MF3D177fC,17-1
7MF3D1787C,17-3
7MF3D178YC,17-2
7MF3D1791C,17-4
7MF3D179RC,17-1
7MF3D179rC,17-3
7MF3D17AKC,17-2
7MF3D17AmC,17-4
7MF3D17BG7,17-1
7MF3D17Bh7,17-3
7MF3D17CC7,17-2
7MF3D17Ce7,17-4
7MF3D17D97,17-1
7MF3D17Dc7,17-3
7MF3D17E67,17-2
7MF3D17EY7,17-4
7MF3D17F37,17-1
7MF3D17FW7,17-3
7MF3D17G07,17-2
7MF3D17GS7,17-4
7MF3D17Gv7,17-1
7MF3D17HQ7,17-3
7MF3D17Hr7,17-2
7MF3D17IKC,17-4
7MF3D17ImC,17-1
7MF3D17JFH,17-3
7MF3D17JgH,17-2
7MF3D17K8H,17-4
7MF3D17KdH,17-1
7MF3D17LCH,17-3
7MF3D17LlM,17-4
7MF3FX266x,2-2
7MF3FX26bx,2-3
7MF3FX277x,2-1
7MF3FX27bx,2-2
7MF3FX288T,2-3
7MF3FX28dT,2-1
7MF3FX29BT,2-2
7MF3FX29hT,2-3
7MF3FX2AFT,2-1
7MF3FX2AmT,2-2
7MF3FX2BLT,2-3
7MF3FX2BfT,2-5
7MF3FX2C2T,2-1
7MF3FX2CNT,2-4
7MF3FX2CiT,2-2
7MF3FX2D5T,2-3
7MF3FX2DQT,2-5
7MF3FX2DlT,2-1
7MF3FX2E8T,2-4
7MF3FX2ETT,2-2
7MF3FX2EoT,2-3
7MF3FX2FBT,2-5
7MF3FX2FWT,2-1
7MF3FX2FrT,2-4
7MF3FX2GET,2-2
7MF3FX2GZT,2-3
7MF3FX2GuT,2-5
7MF3FX2HHT,2-1
7MF3FX2HcT,2-4
7MF3FX2HxT,2-2
7MF3FX2IKT,2-3
7MF3FX2Idx,2-5
7MF3FX2J0x,2-1
7MF3FX2JMx,2-4
7MF3FX2Jlx,2-2
7MF3FX2KJx,2-5
7MF3FX2Kpx,2-1
7MF3FX2LNx,2-2
7MF3FX2Ltx,2-5
7MF3FX2MRx,2-1
7MF3FX2N0x,2-2
7MF3FX2NWx,2-5
7MF3FX2O3x,2-1
7Ri1285WS,28-1
7Ri1285uS,28-5
7Ri1286JE,28-2
7Ri1286TE,38-6
7Ri1286f0,28-4
7Ri1286t0,38-8
7Ri128790,28-3
7Ri1287MW,28-7
7Ri1287aW,28-1
7Ri1287oW,28-8
7Ri12884W,28-5
7Ri1288WW,28-2
7Ri1288xW,28-4
7Ri1289Rk,28-3
7Ri1289t0,28-1
7Ri128AL0,28-5
7Ri128Am0,28-2
7Ri128BF0,28-4
7Ri128Bf0,28-3
7Ri128C70,28-1
7Ri128CX0,28-5
7Ri128D00,28-2
7Ri128DR0,28-4
7Ri128Dr0,28-3
7Ri128EJ0,28-1
7Ri128Ejk,28-5
7Ri128Exk,5-2
7Ri128FDW,28-2
7Ri128FRW,38-4
7Ri128FgW,28-4
7Ri128FvW,28-9
7Ri128GCW,28-3
7Ri128GRW,28-11
7Ri128GfW,28-1
7Ri128GuW,28-10
7Ri128HBW,28-5
7Ri128HQW,5-2
7Ri128HeW,28-2
7Ri128HtW,38-4
7Ri128I9W,28-4
7Ri128IdW,28-3
7Ri128J6W,28-1
7Ri128JWk,28-5
7Ri128Jv0,28-2
7Ri128KKE,145-3
7Ri128KoE,28-3
7Ri128LJE,28-1
7Ri128LnE,28-5
7Ri128MJS,5-12
7Ri128MmS,28-3
7Ri1395hQ,37-1
7Ri13969j,37-2
7Ri1396aj,37-1
7Ri139763,37-2
7Ri1397a3,37-1
7Ri139853,37-2
7Ri1398Z3,37-1
7Ri139953,37-2
7Ri1399Y3,37-1
7Ri139A23,37-2
7Ri139AU3,37-1
7Ri139Aw3,37-2
7Ri139BQ3,37-1
7Ri139Bs3,37-2
7Ri139CM3,37-1
7Ri139Co3,37-2
7Ri139DI3,37-1
7Ri139Dk3,37-2
7Ri139EE3,37-1
7Ri139Eg3,37-2
7Ri139FD3,37-1
7Ri139Fg3,37-2
7Ri139GC3,37-1
7Ri139Gg3,37-2
7Ri139HC3,37-1
7Ri139Hg3,37-2
7Ri139IB3,37-1
7Ri139Idj,37-2
7Ri139J6j,37-1
7Ri139JYj,37-2
7Ri139K2j,37-1
7Ri139KRj,37-2
7Ri139Krj,37-1
7Ri139LkQ,37-1
7Ri139McQ,37-1
7Ri2285vS,28-2
7Ri2286QS,28-1
7Ri2286uS,28-4
7Ri2287NS,28-3
7Ri2287sS,28-2
7Ri2288OS,28-1
7Ri2288tS,28-4
7Ri2289QE,28-3
7Ri2289wE,28-2
7Ri228AUE,28-1
7Ri228B30,28-4
7Ri228Ba0,28-3
7Ri228C90,28-2
7Ri228Cg0,28-1
7Ri228DF0,28-4
7Ri228Dm0,28-3
7Ri228EL0,28-2
7Ri228Es0,28-1
7Ri228FR0,28-4
7Ri228G00,28-3
7Ri228GX0,28-2
7Ri228H60,28-1
7Ri228Hd0,28-4
7Ri228IC0,28-3
7Ri228Ij0,28-2
7Ri228JH0,28-1
7Ri228Jo0,28-4
7Ri228KLE,28-3
7Ri228KpE,28-2
7Ri228LLE,28-1
7Ri228MKS,28-3
7Ri2395uQ,37-1
7Ri2396lQ,37-1
7Ri2397cQ,37-1
7Ri2398VQ,37-1
7Ri2399PQ,37-1
7Ri239AIj,37-1
7Ri239BEj,37-1
7Ri239CAj,37-1
7Ri239D6j,37-1
7Ri239E2j,37-1
7Ri239Ewj,37-1
7Ri239Fsj,37-1
7Ri239Goj,37-1
7Ri239Hkj,37-1
7Ri239Ifj,37-1
7Ri239Jaj,37-1
7Ri239KSj,37-1
7Ri239LLQ,37-1
7Ri239MDQ,37-1
7Ri3286WS,28-2
7Ri32879S,28-1
7Ri3287nS,28-3
7Ri3288TS,28-2
7Ri3289BE,28-1
7Ri3289rE,28-3
7Ri328AZE,28-2
7Ri328BJ0,28-1
7Ri328C30,28-3
7Ri328Cl0,28-2
7Ri328DV0,28-1
7Ri328EF0,28-3
7Ri328Ex0,28-2
7Ri328Fh0,28-1
7Ri328GR0,28-3
7Ri328HB0,28-2
7Ri328Ht0,28-1
7Ri328Id0,28-3
7Ri328JL0,28-2
7Ri328K40,28-1
7Ri328KhE,28-3
7Ri328LNE,28-2
7Ri3397cQ,37-2
7Ri3398VQ,37-2
7Ri3399PQ,37-2
7Ri339AIj,37-2
7Ri339BEj,37-2
7Ri339CAj,37-2
7Ri339D6j,37-2
7Ri339E2j,37-2
7Ri339Ewj,37-2
7Ri339Fsj,37-2
7Ri339Goj,37-2
7Ri339Hkj,37-2
7Ri339Ifj,37-2
7Ri339Jaj,37-2
7Ri339KSj,37-2
7Ri339LLQ,37-2
7Ri339MDQ,37-2
7Sz13325Rk,38-2
7Sz133264k,132-1
7Sz13326fk,132-2
7Sz13327Lk,132-1
7Sz133281k,132-2
7Sz13328gk,132-1
7Sz13329Mk,132-2
7Sz1332A1k,132-3
7Sz1332Aek,132-2
7Sz1332BJk,132-3
7Sz1332Bwk,132-2
7Sz1332Cbk,132-3
7Sz1332DGk,132-2
7Sz1332Duk,132-3
7Sz1332Eak,132-4
7Sz1332FGk,132-3
7Sz1332Fek,2-1
7Sz1332Fvk,132-4
7Sz1332Gck,132-3
7Sz1332HJk,132-4
7Sz1332Hxk,132-3
7Sz1332Idk,74-23
7Sz13365CA,136-3
7Sz13365mA,136-2
7Sz13366Nv,136-1
7Sz133670v,136-3
7Sz13367cv,136-2
7Sz13368Gv,136-1
7Sz13368tv,136-3
7Sz13369Xv,136-2
7Sz1336AAv,136-1
7Sz1336Alv,136-3
7Sz1336BOv,136-2
7Sz1336C1v,136-1
7Sz1336Ccv,136-3
7Sz1336DFv,136-2
7Sz1336Dqv,136-1
7Sz1336ETv,136-3
7Sz1336F6v,136-2
7Sz1336Fbj,16-20
7Sz1336Fij,136-1
7Sz1336GOj,136-3
7Sz1336H2j,136-2
7Sz1336Hej,136-1
7Sz1336IJv,136-3
7Sz18336A8,133-1
7Sz18336w2,133-1
7Sz18337m2,133-2
7Sz18338d2,133-2
7Sz1833F0u,17-12
7Sz1833Fqu,133-3
7Sz1833Giu,133-3
7Sz1833HZu,133-3
7Sz1833IQ2,133-3
7Sz1D175ca,17-3
7Sz1D1763q,17-2
7Sz1D176Rq,17-4
7Sz1D176gq,17-8
7Sz1D176uq,17-1
7Sz1D1776q,15-9
7Sz1D177Eq,13-5
7Sz1D177Nq,17-3
7Sz1D177Wq,9-2
7Sz1D177fq,8-4
7Sz1D177oq,17-2
7Sz1D177xq,17-5
7Sz1D1788q,17-6
7Sz1D178Hq,17-4
7Sz1D178Rq,17-10
7Sz1D178aq,17-8
7Sz1D178jq,17-1
7Sz1D178sq,9-11
7Sz1D1793q,17-9
7Sz1D179Cq,17-3
7Sz1D179Oq,145-5
7Sz1D179dq,17-2
7Sz1D17A5q,17-4
7Sz1D17AWq,17-1
7Sz1D17Axq,17-3
7Sz1D17BQq,17-2
7Sz1D17Bqq,17-4
7Sz1D17CJq,17-1
7Sz1D17Ckq,17-3
7Sz1D17DDq,17-2
7Sz1D17Deq,17-7
7Sz1D17E8q,17-1
7Sz1D17Eaq,17-3
7Sz1D17F58,17-2
7Sz1D17FL8,48-2
7Sz1D17Fa8,17-7
7Sz1D17Fp8,146-2
7Sz1D17G68,17-1
7Sz1D17GL8,17-11
7Sz1D17Ga8,17-3
7Sz1D17Gq8,17-13
7Sz1D17H78,10-4
7Sz1D17HN8,17-14
7Sz1D17He8,17-7
7Sz1D17Hr8,17-12
7Sz1D17I78,17-1
7Sz1D17IZq,17-3
7Sz1D17J3a,10-12
7Sz1D17JUa,17-7
7Sz1D17Jua,17-1
7Sz1D17KLa,9-27
7Sz1D17Kja,10-1
7Sz1D17LAa,17-7
7Sz1D17LZa,17-1
7Sz1D17M0a,9-27
7Sz1D17MOa,10-1
7Sz23366SA,136-1
7Sz23367Kv,136-2
7Sz23368Dv,136-1
7Sz233697v,136-2
7Sz2336A1v,136-1
7Sz2336Auv,136-2
7Sz2336Bpv,136-1
7Sz2336Clv,136-2
7Sz2336Dhv,136-1
7Sz2336Ecv,136-2
7Sz2336FYv,136-1
7Sz2336GTv,136-2
7Sz2336HPv,136-1
7Sz2336IKv,136-2
7Sz2D1764q,17-2
7Sz2D176Uq,17-4
7Sz2D176uq,17-1
7Sz2D177Mq,17-3
7Sz2D177mq,17-2
7Sz2D178Eq,17-4
7Sz2D178fq,17-1
7Sz2D1796q,17-3
7Sz2D179Rq,17-5
7Sz2D179mq,17-2
7Sz2D17AAq,17-4
7Sz2D17AX8,17-1
7Sz2D17At8,17-3
7Sz2D17BH8,17-5
7Sz2D17Bd8,17-2
7Sz2D17C28,17-4
7Sz2D17CP8,17-1
7Sz2D17Cm8,17-3
7Sz2D17DA8,17-5
7Sz2D17DX8,17-2
7Sz2D17Du8,17-4
7Sz2D17EJ8,17-1
7Sz2D17Eg8,17-3
7Sz2D17F48,17-5
7Sz2D17FR8,17-2
7Sz2D17Fo8,17-4
7Sz2D17GD8,17-1
7Sz2D17Ga8,17-3
7Sz2D17Gw8,17-5
7Sz2D17HL8,17-2
7Sz2D17Hi8,17-4
7Sz2D17I68,17-1
7Sz2D17IS8,17-3
7Sz2D17Ir8,17-5
7Sz2D17JJq,17-2
7Sz2D17Jkq,17-4
7Sz2D17KEq,17-3
7Sz2D17Kfq,17-5
7Sz2D17L8q,17-2
7Sz2D17Lfq,17-4
7Sz2D17MEq,17-3
7Sz3D1771q,17-2
7Sz3D177Rq,17-4
7Sz3D177qq,17-1
7Sz3D178Iq,17-3
7Sz3D178jq,17-2
7Sz3D179Cq,17-4
7Sz3D179cq,17-1
7Sz3D17A4q,17-3
7Sz3D17AW8,17-2
7Sz3D17B08,17-4
7Sz3D17BS8,17-1
7Sz3D17Bu8,17-3
7Sz3D17CP8,17-2
7Sz3D17Cr8,17-4
7Sz3D17DM8,17-1
7Sz3D17Dp8,17-3
7Sz3D17EJ8,17-2
7Sz3D17El8,17-4
7Sz3D17FG8,17-1
7Sz3D17Fj8,17-3
7Sz3D17GD8,17-2
7Sz3D17Gf8,17-4
7Sz3D17HA8,17-1
7Sz3D17Hd8,17-3
7Sz3D17I68,17-2
7Sz3D17IX8,17-4
7Sz3D17J08,17-1
7Sz3D17JQq,17-3
7Sz3D17Jrq,17-2
7Sz3D17KJq,17-4
7Sz3D17Koq,17-1
7Sz3D17LNq,17-3
7Sz3D17Lwq,17-4
7Tz1375qo,37-3
7Tz1376J7,37-4
7Tz1376kO,37-3
7Tz1377FO,37-4
7Tz1377iO,37-3
7Tz1378EO,37-4
7Tz1378iO,37-3
7Tz1379E7,37-4
7Tz1379h7,37-3
7Tz137AB7,37-4
7Tz137Ad7,37-3
7Tz137B77,37-4
7Tz137BZ7,37-3
7Tz137C37,37-4
7Tz137CV7,37-3
7Tz137Cx7,37-4
7Tz137DR7,37-3
7Tz137Dt7,37-4
7Tz137EN7,37-3
7Tz137Eq7,37-4
7Tz137FK7,37-3
7Tz137Fo7,37-4
7Tz137GK7,37-3
7Tz137Go7,37-4
7Tz137HK7,37-3
7Tz137Ho7,37-4
7Tz137IK7,37-3
7Tz137Im7,37-4
7Tz137JG7,37-3
7Tz137Ji7,37-4
7Tz137KB7,37-3
7Tz137Kb7,37-4
7Tz137LH7,37-2
7Tz137M9o,37-2
7Tz1385R0,10-1
7Tz1385n0,2-1
7Tz138690,38-1
7Tz1386S0,38-3
7Tz1386m0,5-3
7Tz138779,38-5
7Tz1387Q9,38-7
7Tz1387j9,38-2
7Tz138849,38-1
7Tz1388N9,38-3
7Tz1388h9,5-3
7Tz1389B9,38-4
7Tz1389e9,38-2
7Tz138A79,38-6
7Tz138AZ9,38-8
7Tz138B39,38-4
7Tz138BW9,38-2
7Tz138C09,38-6
7Tz138CS9,38-8
7Tz138Cu9,38-4
7Tz138DO9,38-2
7Tz138Dq9,38-6
7Tz138EK9,38-8
7Tz138Em9,38-4
7Tz138FH9,38-2
7Tz138Fe9,74-11
7Tz138G09,38-9
7Tz138GK9,38-8
7Tz138Gd9,38-10
7Tz138Gx9,5-7
7Tz138HI9,38-2
7Tz138Hc9,3-15
7Tz138Hv9,38-9
7Tz138IH9,38-8
7Tz138Ib9,38-10
7Tz138Iv9,5-7
7Tz138JI0,10-4
7Tz138Ji0,9-4
7Tz138KB0,28-11
7Tz138Kc0,28-10
7Tz138L50,5-4
7Tz138LV0,9-4
7Tz138Lw0,28-11
7Tz138Mm0,5-4
7Tz2376Ho,37-2
7Tz23778o,37-2
7Tz2377xo,37-2
7Tz2378r7,37-2
7Tz2379k7,37-2
7Tz237Af7,37-2
7Tz237Bb7,37-2
7Tz237CX7,37-2
7Tz237DT7,37-2
7Tz237EP7,37-2
7Tz237FL7,37-2
7Tz237GH7,37-2
7Tz237HD7,37-2
7Tz237I97,37-2
7Tz237J47,37-2
7Tz237Jw7,37-2
7Tz237Kp7,37-2
7Tz237Li7,37-2
7Tz237MZo,37-2
7Tz238610,38-2
7Tz2386Y0,38-3
7Tz238790,38-1
7Tz2387h0,38-2
7Tz2388G0,38-3
7Tz2388h0,38-4
7Tz238990,38-1
7Tz2389Y0,38-2
7Tz238A00,38-3
7Tz238AR0,38-4
7Tz238As0,38-1
7Tz238BK0,38-2
7Tz238Bl0,38-3
7Tz238CE0,38-4
7Tz238Cg0,38-1
7Tz238D90,38-2
7Tz238Da0,38-3
7Tz238E30,38-4
7Tz238EV0,38-1
7Tz238Ew0,38-2
7Tz238FP0,38-3
7Tz238Fq0,38-4
7Tz238GK0,38-1
7Tz238Gl0,38-2
7Tz238HE0,38-3
7Tz238Hf0,38-4
7Tz238I90,38-1
7Tz238Ia0,38-2
7Tz238J30,38-3
7Tz238JU0,38-4
7Tz238Jv0,38-1
7Tz238KO0,38-2
7Tz238Kp0,38-3
7Tz238LH0,38-4
7Tz238Lh0,38-1
7Tz238M90,38-2
7Tz33778o,37-1
7Tz3377xo,37-1
7Tz3378r7,37-1
7Tz3379k7,37-1
7Tz337Af7,37-1
7Tz337Bb7,37-1
7Tz337CX7,37-1
7Tz337DT7,37-1
7Tz337EP7,37-1
7Tz337FL7,37-1
7Tz337GH7,37-1
7Tz337HD7,37-1
7Tz337I97,37-1
7Tz337J47,37-1
7Tz337Jw7,37-1
7Tz337Kp7,37-1
7Tz337Li7,37-1
7Tz3386x0,38-1
7Tz3387W0,38-3
7Tz338870,38-2
7Tz3388f0,38-1
7Tz3389F0,38-3
7Tz3389o0,38-2
7Tz338AP0,38-1
7Tz338B00,38-3
7Tz338Ba0,38-2
7Tz338CC0,38-1
7Tz338Cm0,38-3
7Tz338DP0,38-2
7Tz338E10,38-1
7Tz338Eb0,38-3
7Tz338FE0,38-2
7Tz338Fo0,38-1
7Tz338GQ0,38-3
7Tz338H30,38-2
7Tz338Hd0,38-1
7Tz338IF0,38-3
7Tz338Io0,38-2
7Tz338JP0,38-1
7Tz338K00,38-3
7Tz338KZ0,38-2
7Tz338LA0,38-1
7Tz338Lj0,38-3
7Tz338MI0,38-2
7YN13345eK,134-2
7YN133462K,134-1
7YN13346PK,134-2
7YN13346mK,134-1
7YN13347CK,134-2
7YN13347aK,134-1
7YN133480K,134-2
7YN13348OK,134-1
7YN13348mK,134-2
7YN13349CK,134-1
7YN13349aK,134-2
7YN13349xK,134-1
7YN1334ANK,134-2
7YN1334AkK,134-1
7YN1334BAK,134-2
7YN1334BXK,134-1
7YN1334BvK,134-2
7YN1334CKK,134-1
7YN1334CiK,134-2
7YN1334D7K,134-1
7YN1334DVK,134-2
7YN1334DsK,134-1
7YN1334EIK,134-2
7YN1334EgK,134-1
7YN1334F7K,5-4
7YN1334FVK,134-1
7YN1334FuK,5-4
7YN1334GKK,134-1
7YN1334GjK,5-4
7YN1334H9K,134-1
7YN1334HYK,5-4
7YN1334HwK,2-32
7YN1334INK,5-4
7YN1334IkK,2-32
7YN1334JAK,5-4
7YN1745l0,74-3
7YN1746C0,74-11
7YN1746a0,74-2
7YN1746m0,74-13
7YN174700,74-8
7YN1747G0,74-9
7YN1747T0,74-5
7YN1747i0,74-4
7YN1747v0,74-7
7YN1748A0,74-10
7YN1748O0,74-14
7YN1748c0,74-12
7YN1748q0,74-3
7YN1749J0,74-11
7YN1749j0,74-2
7YN174AA0,74-8
7YN174Ab0,74-16
7YN174B30,74-7
7YN174BU0,74-1
7YN174Bu0,74-3
7YN174CM0,74-11
7YN174Cm0,74-2
7YN174DE0,74-8
7YN174De0,74-16
7YN174E70,74-7
7YN174EY0,74-1
7YN174F10,74-3
7YN174FF0,74-18
7YN174FS0,74-17
7YN174Fg0,74-24
7YN174Fu0,74-2
7YN174GC0,74-20
7YN174GQ0,74-8
7YN174Gf0,74-22
7YN174Gu0,74-25
7YN174HA0,74-19
7YN174HO0,74-7
7YN174Hc0,74-21
7YN174Hr0,74-1
7YN174I70,74-23
7YN174IM0,74-26
7YN174Io0,74-17
7YN174JF0,74-2
7YN174Jf0,74-8
7YN174K70,74-25
7YN174KV0,74-7
7YN174Kt0,74-1
7YN174LJ0,74-26
7YN174Lj0,179-5
7YN18846aK,184-1
7YN18847TE,184-1
7YN18848NE,184-1
7YN18849EK,184-1
7YN1884ExK,8-37
7YN1884Fr9,8-37
7YN1884Gm9,8-37
7YN1884Hh9,8-37
7YN1884IbE,8-37
7YN274660,74-3
7YN2746n0,74-4
7YN2747V0,74-1
7YN2748A0,74-2
7YN2748f0,74-5
7YN2749A0,74-3
7YN2749d0,74-4
7YN274A80,74-6
7YN274Ab0,74-1
7YN274B60,74-2
7YN274Ba0,74-5
7YN274C60,74-3
7YN274Cb0,74-4
7YN274D80,74-6
7YN274Dc0,74-1
7YN274E80,74-2
7YN274Ed0,74-5
7YN274F90,74-3
7YN274Fe0,74-4
7YN274GB0,74-6
7YN274Gf0,74-1
7YN274HB0,74-2
7YN274Hg0,74-5
7YN274IC0,74-3
7YN274Ig0,74-4
7YN274JD0,74-6
7YN274Jg0,74-1
7YN274KB0,74-2
7YN274Kf0,74-5
7YN274L80,74-3
7YN274Lb0,74-4
7YN374830,74-2
7YN3748i0,74-4
7YN3749S0,74-1
7YN374AC0,74-3
7YN374Au0,74-2
7YN374Be0,74-4
7YN374CQ0,74-1
7YN374DC0,74-3
7YN374Dv0,74-2
7YN374Eh0,74-4
7YN374FT0,74-1
7YN374GF0,74-3
7YN374H00,74-2
7YN374Hk0,74-4
7YN374IW0,74-1
7YN374JH0,74-3
7YN374K00,74-2
7YN374Ki0,74-4
7YN374LR0,74-1
7Ya1285tm,28-2
7Ya1286Gm,28-4
7Ya1286fm,28-3
7Ya1286uW,28-7
7Ya12879W,28-1
7Ya1287NW,28-8
7Ya1287bW,28-5
7Ya1287pW,28-6
7Ya12885W,28-2
7Ya1288IW,38-6
7Ya1288WW,28-4
7Ya1288kW,38-8
7Ya12891W,28-3
7Ya1289SW,28-1
7Ya1289te,28-5
7Ya128AMe,28-2
7Ya128Ane,28-4
7Ya128BFe,28-3
7Ya128Bfe,28-1
7Ya128C7e,28-5
7Ya128CYe,28-2
7Ya128D1e,28-4
7Ya128DRe,28-3
7Ya128Dre,28-1
7Ya128EJe,28-5
7Ya128Eke,28-2
7Ya128FEe,28-4
7Ya128FTe,28-9
7Ya128FiW,28-3
7Ya128FxW,28-11
7Ya128GDW,28-1
7Ya128GSW,28-10
7Ya128GhW,28-5
7Ya128GwW,5-2
7Ya128HCW,28-2
7Ya128HRW,38-4
7Ya128HfW,28-4
7Ya128HuW,28-9
7Ya128IBW,28-3
7Ya128IQW,28-11
7Ya128IcW,28-1
7Ya128Iqe,28-10
7Ya128J6e,28-5
7Ya128JUe,28-2
7Ya128Jve,145-3
7Ya128KQe,28-3
7Ya128Kue,28-1
7Ya128LQe,28-5
7Ya128Lve,145-3
7Ya128MQm,28-3
7Ya128Msm,28-1
7Ya128NNm,28-5
7Ya13305nD,130-2
7Ya13306CD,130-4
7Ya13306cD,130-1
7Ya133073D,130-3
7Ya13307TD,130-2
7Ya13307tD,130-4
7Ya13308LD,130-1
7Ya13308lD,130-3
7Ya13309DD,130-2
7Ya13309dD,130-4
7Ya1330A5D,130-1
7Ya1330AVD,130-3
7Ya1330AuD,130-2
7Ya1330BMD,130-4
7Ya1330BmD,130-1
7Ya1330CED,130-3
7Ya1330CdD,130-2
7Ya1330D5D,130-4
7Ya1330DVD,130-1
7Ya1330DvD,130-3
7Ya1330EMb,130-2
7Ya1330Enb,130-4
7Ya1330FJ2,130-1
7Ya1330Fl2,130-3
7Ya1330GG2,130-2
7Ya1330Gj2,130-4
7Ya1330HE2,130-1
7Ya1330Hg2,130-3
7Ya1330IAb,130-2
7Ya1330Ibb,130-4
7Ya1330J3b,130-1
7Ya13365Ju,136-1
7Ya13365tu,136-3
7Ya13366Vu,136-2
7Ya133678i,136-1
7Ya13367li,136-3
7Ya13368Pi,136-2
7Ya133693i,136-1
7Ya13369fi,136-3
7Ya1336AIi,136-2
7Ya1336Ati,136-1
7Ya1336BWi,136-3
7Ya1336C9i,136-2
7Ya1336Cki,136-1
7Ya1336DNi,136-3
7Ya1336E0i,136-2
7Ya1336Ebi,136-1
7Ya1336FFi,136-3
7Ya1336Fri,136-2
7Ya1336GVi,136-1
7Ya1336HBi,136-3
7Ya1336Hni,136-2
7Ya1336IQi,136-1
7Ya1336J5i,136-3
7Ya22863m,28-1
7Ya2286Xm,28-4
7Ya22871m,28-3
7Ya2287Vm,28-2
7Ya22881m,28-1
7Ya2288Wm,28-4
7Ya22892m,28-3
7Ya2289Ym,28-2
7Ya228A6m,28-1
7Ya228Acm,28-4
7Ya228BAm,28-3
7Ya228Bhm,28-2
7Ya228CGm,28-1
7Ya228Cnm,28-4
7Ya228DMm,28-3
7Ya228Dtm,28-2
7Ya228ESm,28-1
7Ya228F1m,28-4
7Ya228FYm,28-3
7Ya228G7m,28-2
7Ya228Gem,28-1
7Ya228HDm,28-4
7Ya228Hkm,28-3
7Ya228IJm,28-2
7Ya228Iqm,28-1
7Ya228JOm,28-4
7Ya228Jtm,28-3
7Ya228KQm,28-2
7Ya228Kwm,28-1
7Ya228LRm,28-4
7Ya228Lvm,28-3
7Ya228Mum,28-1
7Ya23306aD,130-2
7Ya23307KD,130-1
7Ya23308BD,130-2
7Ya23308vD,130-1
7Ya23309mD,130-2
7Ya2330AZD,130-1
7Ya2330BQb,130-2
7Ya2330CHb,130-1
7Ya2330D8b,130-2
7Ya2330Dxb,130-1
7Ya2330Eob,130-2
7Ya2330Ffb,130-1
7Ya2330GWb,130-2
7Ya2330HNb,130-1
7Ya2330IEb,130-2
7Ya2330J3b,130-1
7Ya23367Au,136-1
7Ya233683u,136-2
7Ya23368vu,136-1
7Ya23369pu,136-2
7Ya2336Aku,136-1
7Ya2336Bfu,136-2
7Ya2336Cau,136-1
7Ya2336DWu,136-2
7Ya2336ESu,136-1
7Ya2336FNu,136-2
7Ya2336GJu,136-1
7Ya2336HEu,136-2
7Ya2336IAu,136-1
7Ya2336J5u,136-2
7Ya3286km,28-1
7Ya3287Qm,28-3
7Ya32886m,28-2
7Ya3288lm,28-1
7Ya3289Tm,28-3
7Ya328ABm,28-2
7Ya328Arm,28-1
7Ya328Bbm,28-3
7Ya328CLm,28-2
7Ya328D5m,28-1
7Ya328Dnm,28-3
7Ya328EXm,28-2
7Ya328FHm,28-1
7Ya328G1m,28-3
7Ya328Gjm,28-2
7Ya328HTm,28-1
7Ya328IDm,28-3
7Ya328Ium,28-2
7Ya328Jcm,28-1
7Ya328KJm,28-3
7Ya328L0m,28-2
7Ya328Lxm,28-1
7Ya333086D,130-1
7Ya333097D,130-2
7Ya3330A7D,130-1
7Ya3330B8D,130-2
7Ya3330C9D,130-1
7Ya3330DAD,130-2
7Ya3330ECD,130-1
7Ya3330FDD,130-2
7Ya3330GFD,130-1
7Ya3330HGD,130-2
7Ya3330IID,130-1
7Ya3330JJD,130-2
7Ya33367wu,130-2
7Ya33368wu,130-1
7Ya33369xu,130-2
7Ya3336B0u,130-1
7Ya3336C1u,130-2
7Ya3336D3u,130-1
7Ya3336E4u,130-2
7Ya3336F6u,130-1
7Ya3336G7u,130-2
7Ya3336H9u,130-1
7Ya3336IAu,130-2
7Ya3336JCu,130-1
7aM13325aZ,132-1
7aM13326DZ,132-2
7aM13326qZ,132-1
7aM13327WZ,132-2
7aM13328DZ,132-1
7aM13328rZ,132-2
7aM13329XZ,132-3
7aM1332ACZ,132-2
7aM1332ApZ,132-3
7aM1332BUZ,132-2
7aM1332C9Z,132-3
7aM1332CmZ,132-2
7aM1332DSZ,132-3
7aM1332E7Z,132-2
7aM1332ElZ,132-3
7aM1332FSZ,132-4
7aM1332G9Z,132-3
7aM1332GoZ,132-4
7aM1332HVZ,132-3
7aM1332IBZ,132-4
7aM1332InZ,5-19
7aM13964T,37-4
7aM1396VT,37-3
7aM139707,37-4
7aM1397Sj,37-3
7aM1397wj,37-4
7aM1398Sj,37-3
7aM1398wj,37-4
7aM1399S7,37-3
7aM1399u7,37-4
7aM139AO7,37-3
7aM139Aq7,37-4
7aM139BK7,37-3
7aM139Bm7,37-4
7aM139CG7,37-3
7aM139Ci7,37-4
7aM139DC7,37-3
7aM139De7,37-4
7aM139E87,37-3
7aM139Eaj,37-4
7aM139F4j,37-3
7aM139FYj,37-4
7aM139G4j,37-3
7aM139GYj,37-4
7aM139H4j,37-3
7aM139HYj,37-4
7aM139I4j,37-3
7aM139IX7,37-4
7aM139J17,37-3
7aM139JT7,37-4
7aM139Ju7,37-3
7aM139KMT,37-4
7aM139KnT,37-3
7aM139LFT,37-4
7aM139LtT,37-2
7aM139MkT,37-2
7aM1D105ui,10-2
7aM1D106Ci,10-4
7aM1D106Ri,10-6
7aM1D106ei,10-7
7aM1D106qi,5-7
7aM1D1073i,10-3
7aM1D107Fi,10-5
7aM1D107Ri,10-1
7aM1D107di,10-8
7aM1D107pi,10-2
7aM1D1083i,10-9
7aM1D108Fi,10-4
7aM1D108Qi,10-6
7aM1D108ci,10-7
7aM1D108oi,5-7
7aM1D1092i,10-3
7aM1D109Oi,10-1
7aM1D109ki,10-2
7aM1D10A7i,10-4
7aM1D10AUi,10-7
7aM1D10Aqi,10-3
7aM1D10BFi,10-1
7aM1D10Bbi,10-2
7aM1D10Bxi,10-10
7aM1D10CLi,10-7
7aM1D10Cii,10-3
7aM1D10D6i,10-1
7aM1D10DTi,10-2
7aM1D10Dpi,10-10
7aM1D10EEi,10-7
7aM1D10Ebi,10-3
7aM1D10F0i,10-1
7aM1D10FDQ,146-3
7aM1D10FPQ,10-2
7aM1D10FbQ,10-14
7aM1D10FnQ,10-10
7aM1D10G2Q,5-13
7aM1D10GEQ,10-7
7aM1D10GRQ,10-11
7aM1D10GdQ,10-3
7aM1D10GqQ,10-13
7aM1D10H5Q,10-1
7aM1D10HIQ,10-12
7aM1D10HVQ,10-2
7aM1D10HhQ,10-14
7aM1D10HtQ,10-10
7aM1D10I7Q,5-13
7aM1D10IJQ,146-2
7aM1D10IVQ,10-11
7aM1D10Igi,10-3
7aM1D10J3i,10-1
7aM1D10JPi,10-2
7aM1D10Jki,10-10
7aM1D10K8i,146-2
7aM1D10KUi,8-37
7aM1D10L3i,10-12
7aM1D10Lai,10-10
7aM1D10M9i,17-3
7aM1D10Mgi,10-12
7aM1D10NFi,10-10
7aM1D10Nmi,17-3
7aM1D10OLi,10-12
7aM23963T,37-2
7aM2396sT,37-2
7aM2397jT,37-2
7aM2398cT,37-2
7aM2399VT,37-2
7aM239AQ7,37-2
7aM239BM7,37-2
7aM239CI7,37-2
7aM239DE7,37-2
7aM239EA7,37-2
7aM239F67,37-2
7aM239G27,37-2
7aM239Gw7,37-2
7aM239Hs7,37-2
7aM239In7,37-2
7aM239Jh7,37-2
7aM239KaT,37-2
7aM239LTT,37-2
7aM239MLT,37-2
7aM2D106k7,10-2
7aM2D107C7,10-4
7aM2D107c7,10-1
7aM2D10867,10-3
7aM2D108X7,10-2
7aM2D10917,10-4
7aM2D109R7,10-1
7aM2D109o7,10-5
7aM2D10AD7,10-3
7aM2D10Aa7,10-2
7aM2D10Ax7,10-4
7aM2D10BM7,10-1
7aM2D10Bj7,10-5
7aM2D10C97,10-3
7aM2D10CX7,10-2
7aM2D10Cu7,10-4
7aM2D10DJ7,10-1
7aM2D10Dg7,10-5
7aM2D10E67,10-3
7aM2D10EU7,10-2
7aM2D10Er7,10-4
7aM2D10FG7,10-1
7aM2D10Fd7,10-5
7aM2D10G37,10-3
7aM2D10GR7,10-2
7aM2D10Go7,10-4
7aM2D10HD7,10-1
7aM2D10Ha7,10-5
7aM2D10I07,10-3
7aM2D10IN7,10-2
7aM2D10Ij7,10-4
7aM2D10J77,10-1
7aM2D10JT7,10-5
7aM2D10Jp7,10-3
7aM2D10KE7,10-2
7aM2D10Ka7,10-4
7aM2D10Kw7,10-1
7aM2D10LH7,10-5
7aM2D10Ld7,10-3
7aM2D10M17,10-2
7aM2D10MM7,10-4
7aM2D10Mt7,10-1
7aM3397jT,37-1
7aM3398cT,37-1
7aM3399VT,37-1
7aM339AQ7,37-1
7aM339BM7,37-1
7aM339CI7,37-1
7aM339DE7,37-1
7aM339EA7,37-1
7aM339F67,37-1
7aM339G27,37-1
7aM339Gw7,37-1
7aM339Hs7,37-1
7aM339In7,37-1
7aM339Jh7,37-1
7aM339KaT,37-1
7aM339LTT,37-1
7aM339MLT,37-1
7aM3D10747,10-2
7aM3D107f7,10-3
7aM3D108H7,10-1
7aM3D108r7,10-2
7aM3D109V7,10-3
7aM3D10A87,10-1
7aM3D10Ak7,10-2
7aM3D10BP7,10-3
7aM3D10C47,10-1
7aM3D10Ch7,10-2
7aM3D10DM7,10-3
7aM3D10E17,10-1
7aM3D10Ee7,10-2
7aM3D10FJ7,10-3
7aM3D10Fw7,10-1
7aM3D10Gb7,10-2
7aM3D10HG7,10-3
7aM3D10Ht7,10-1
7aM3D10IX7,10-2
7aM3D10JA7,10-3
7aM3D10Jm7,10-1
7aM3D10KO7,10-2
7aM3D10L17,10-3
7aM3D10La7,10-1
7aM3D10MB7,10-2
7aM3D10Mk7,10-3
7bc13365cg,136-2
7bc13366Dg,136-1
7bc13366o7,136-3
7bc13367S7,136-2
7bc1336867,136-1
7bc13368Z7,136-4
7bc13368j7,136-3
7bc13369N7,136-2
7bc1336A07,136-1
7bc1336Ab7,136-3
7bc1336BE7,136-2
7bc1336Bp7,136-1
7bc1336CS7,136-3
7bc1336D57,136-2
7bc1336Dg7,136-1
7bc1336EJ7,136-3
7bc1336Eu7,136-2
7bc1336FX7,136-1
7bc1336GD7,136-3
7bc1336Gp7,136-2
7bc1336HT7,136-1
7bc1336I97,136-3
7bc1336Il7,136-2
7bc1336JN7,136-1
7bc1F55YE,5-4
7bc1F55jE,132-2
7bc1F55wE,132-3
7bc1F569E,5-6
7bc1F56K3,5-1
7bc1F56U3,5-11
7bc1F56e3,5-8
7bc1F56o3,5-2
7bc1F5703,5-4
7bc1F57A3,5-9
7bc1F57K3,5-10
7bc1F57U3,132-3
7bc1F57e3,5-6
7bc1F57o3,5-1
7bc1F5803,5-11
7bc1F58A3,5-8
7bc1F58K3,5-2
7bc1F58U3,5-4
7bc1F58e3,5-9
7bc1F58o3,5-10
7bc1F5913,132-3
7bc1F59D3,5-6
7bc1F59Q3,5-1
7bc1F59d3,5-8
7bc1F59p3,5-2
7bc1F5A43,5-4
7bc1F5AH3,5-3
7bc1F5AU3,5-7
7bc1F5Ah3,5-6
7bc1F5Au3,5-1
7bc1F5B93,5-8
7bc1F5BL3,5-2
7bc1F5BX3,5-4
7bc1F5Bk3,5-3
7bc1F5Bx3,5-7
7bc1F5CC3,5-6
7bc1F5CP3,5-1
7bc1F5Cc3,5-8
7bc1F5Co3,5-2
7bc1F5D23,5-4
7bc1F5DF3,5-3
7bc1F5DS3,5-7
7bc1F5Df3,5-6
7bc1F5Ds3,5-1
7bc1F5E73,5-8
7bc1F5EK3,5-2
7bc1F5EX3,5-4
7bc1F5El3,2-22
7bc1F5F03,5-7
7bc1F5FD3,5-16
7bc1F5FP3,5-17
7bc1F5FZ3,5-1
7bc1F5Fjr,5-8
7bc1F5Ftr,5-14
7bc1F5G5r,5-15
7bc1F5GEr,134-2
7bc1F5GOr,2-22
7bc1F5GYr,5-18
7bc1F5Gir,5-19
7bc1F5Grr,5-16
7bc1F5H3r,5-17
7bc1F5HDr,5-1
7bc1F5HNr,5-8
7bc1F5HXr,5-14
7bc1F5Hhr,5-15
7bc1F5Hqr,134-2
7bc1F5I1r,2-22
7bc1F5IBr,5-18
7bc1F5IKr,5-19
7bc1F5IUr,5-16
7bc1F5Ie3,5-17
7bc1F5Io3,5-12
7bc1F5J03,5-8
7bc1F5JA3,5-14
7bc1F5JL3,5-15
7bc1F5JZE,2-5
7bc1F5JpE,5-13
7bc1F5K7E,5-17
7bc1F5KME,5-12
7bc1F5KaE,5-14
7bc1F5KoE,10-4
7bc1F5L4E,2-5
7bc1F5LIE,5-13
7bc1F5LWE,5-17
7bc1F5LlE,5-12
7bc1F5M3E,5-14
7bc1F5MUE,2-5
7bc1F5MwE,5-17
7bc1F5NQE,28-11
7bc1F5NrE,2-5
7bc1F5OLE,5-17
7bc1F5OnE,28-11
7bc1F5PHE,2-5
7bc1F5PiE,5-17
7bc23367Ag,136-2
7bc233683g,136-1
7bc23368ug,136-2
7bc23369p7,136-1
7bc2336Ak7,136-2
7bc2336Bf7,136-1
7bc2336Cb7,136-2
7bc2336DW7,136-1
7bc2336ES7,136-2
7bc2336FO7,136-1
7bc2336GJ7,136-2
7bc2336HF7,136-1
7bc2336IA7,136-2
7bc2336J67,136-1
7bc2F55iE,5-1
7bc2F56BE,5-3
7bc2F56dE,5-2
7bc2F577E,5-1
7bc2F57YE,5-3
7bc2F581E,5-2
7bc2F58TE,5-1
7bc2F58oE,5-5
7bc2F59A3,5-3
7bc2F59S3,5-2
7bc2F59k3,5-4
7bc2F5A33,5-1
7bc2F5AL3,5-5
7bc2F5Ad3,5-3
7bc2F5Au3,5-2
7bc2F5BD3,5-4
7bc2F5BV3,5-1
7bc2F5Bn3,5-5
7bc2F5C73,5-3
7bc2F5CP3,5-2
7bc2F5Ch3,5-4
7bc2F5D13,5-1
7bc2F5DJ3,5-5
7bc2F5Db3,5-3
7bc2F5Dt3,5-2
7bc2F5ED3,5-4
7bc2F5EV3,5-1
7bc2F5En3,5-5
7bc2F5F73,5-3
7bc2F5FP3,5-2
7bc2F5Fh3,5-4
7bc2F5G13,5-1
7bc2F5GJ3,5-5
7bc2F5Gb3,5-3
7bc2F5Gt3,5-2
7bc2F5HD3,5-4
7bc2F5HV3,5-1
7bc2F5Hn3,5-5
7bc2F5I73,5-3
7bc2F5IP3,5-2
7bc2F5Ih3,5-4
7bc2F5J13,5-1
7bc2F5JI3,5-5
7bc2F5JZE,5-3
7bc2F5JqE,5-2
7bc2F5KAE,5-4
7bc2F5KbE,5-1
7bc2F5L5E,5-3
7bc2F5LYE,5-4
7bc2F5M3E,5-1
7bc2F5MVE,5-3
7bc2F5MxE,5-4
7bc2F5NQE,5-1
7bc2F5NsE,5-3
7bc2F5OME,5-4
7bc2F5OnE,5-1
7bc2F5PHE,5-3
7bc2F5PjE,5-4
7bc3F56DE,5-2
7bc3F56eE,5-3
7bc3F578E,5-1
7bc3F57ZE,5-2
7bc3F583E,5-3
7bc3F58VE,5-1
7bc3F58wE,5-2
7bc3F59L3,5-4
7bc3F59h3,5-3
7bc3F5A43,5-1
7bc3F5AQ3,5-2
7bc3F5Am3,5-4
7bc3F5BA3,5-3
7bc3F5BW3,5-1
7bc3F5Bs3,5-2
7bc3F5CH3,5-4
7bc3F5Ce3,5-3
7bc3F5D23,5-1
7bc3F5DO3,5-2
7bc3F5Dl3,5-4
7bc3F5EA3,5-3
7bc3F5EW3,5-1
7bc3F5Es3,5-2
7bc3F5FH3,5-4
7bc3F5Fe3,5-3
7bc3F5G23,5-1
7bc3F5GO3,5-2
7bc3F5Gl3,5-4
7bc3F5HA3,5-3
7bc3F5HW3,5-1
7bc3F5Hs3,5-2
7bc3F5IH3,5-4
7bc3F5Ie3,5-3
7bc3F5J23,5-1
7bc3F5JN3,5-2
7bc3F5JiE,5-4
7bc3F5K8E,5-3
7bc3F5KoE,5-2
7bc3F5LWE,5-3
7bc3F5MEE,5-2
7bc3F5MuE,5-3
7bc3F5NbE,5-2
7bc3F5OJE,5-3
7bf13365iD,136-1
7bf13366KD,136-3
7bf13366vw,136-2
7bf13367Zw,136-1
7bf13368Ew,136-3
7bf13368qw,136-2
7bf13369UD,136-1
7bf1336A7D,136-3
7bf1336AiD,136-2
7bf1336BLD,136-1
7bf1336BwD,136-3
7bf1336CZD,136-2
7bf1336DCD,136-1
7bf1336DnD,136-3
7bf1336EQD,136-2
7bf1336F3D,136-1
7bf1336Fgw,136-3
7bf1336GKw,136-2
7bf1336Gww,136-1
7bf1336Hcw,136-3
7bf1336IGw,136-2
7bf1336IrD,136-1
7bf1375oe,37-2
7bf1376Ge,37-1
7bf1376je,37-2
7bf1377Ee,37-1
7bf1377he,37-2
7bf1378De,37-1
7bf1378he,37-2
7bf1379De,37-1
7bf1379fe,37-2
7bf137A9e,37-1
7bf137Abe,37-2
7bf137B5e,37-1
7bf137BXe,37-2
7bf137C1e,37-1
7bf137CTe,37-2
7bf137Cve,37-1
7bf137DPe,37-2
7bf137Dre,37-1
7bf137ELe,37-2
7bf137Eoe,37-1
7bf137FJe,37-2
7bf137Fne,37-1
7bf137GJe,37-2
7bf137Gne,37-1
7bf137HJe,37-2
7bf137Hne,37-1
7bf137IIe,37-2
7bf137Ike,37-1
7bf137JEe,37-2
7bf137Jfe,37-1
7bf137K8e,37-2
7bf137KYe,37-1
7bf137L1e,37-2
7bf137LRe,37-1
7bf137MKe,37-1
7bf23366fT,136-2
7bf23367YT,136-1
7bf23368RT,136-2
7bf23369LT,136-1
7bf2336AGD,136-2
7bf2336BBD,136-1
7bf2336C7D,136-2
7bf2336D2D,136-1
7bf2336DwD,136-2
7bf2336EsD,136-1
7bf2336FnD,136-2
7bf2336GjD,136-1
7bf2336HeD,136-2
7bf2336IaD,136-1
7bf2376Se,37-1
7bf2377Je,37-1
7bf2378Be,37-1
7bf23794e,37-1
7bf2379ve,37-1
7bf237Are,37-1
7bf237Bne,37-1
7bf237Cje,37-1
7bf237Dfe,37-1
7bf237Ebe,37-1
7bf237FXe,37-1
7bf237GTe,37-1
7bf237HPe,37-1
7bf237IKe,37-1
7bf237JFe,37-1
7bf237K8e,37-1
7bf237L1e,37-1
7bf237Lre,37-1
7bf237Mje,37-1
7bf33367Ut,130-2
7bf33368Ut,130-1
7bf33369Vt,130-2
7bf3336AWc,130-1
7bf3336BYc,130-2
7bf3336CZc,130-1
7bf3336Dac,130-2
7bf3336Ecc,130-1
7bf3336Fdc,130-2
7bf3336Gfc,130-1
7bf3336Hgc,130-2
7bf3336Iic,130-1
7bf3377Je,37-2
7bf3378Be,37-2
7bf33794e,37-2
7bf3379ve,37-2
7bf337Are,37-2
7bf337Bne,37-2
7bf337Cje,37-2
7bf337Dfe,37-2
7bf337Ebe,37-2
7bf337FXe,37-2
7bf337GTe,37-2
7bf337HPe,37-2
7bf337IKe,37-2
7bf337JFe,37-2
7bf337K8e,37-2
7bf337L1e,37-2
7bf337Lre,37-2
7bi13345UT,134-1
7bi13345rT,134-2
7bi13346FT,134-1
7bi13346cT,134-2
7bi133471e,134-1
7bi13347Pe,134-2
7bi13347ne,134-1
7bi13348De,134-2
7bi13348be,134-1
7bi133491T,134-2
7bi13349PT,134-1
7bi13349nT,134-2
7bi1334ACT,134-1
7bi1334AaT,134-2
7bi1334AxT,134-1
7bi1334BNT,134-2
7bi1334BkT,134-1
7bi1334CAT,134-2
7bi1334CXT,134-1
7bi1334CvT,134-2
7bi1334DKT,134-1
7bi1334DiT,134-2
7bi1334E7e,134-1
7bi1334EVe,134-2
7bi1334Ete,134-1
7bi1334FKe,5-4
7bi1334Fie,134-1
7bi1334G9e,5-4
7bi1334GXe,134-1
7bi1334Gwe,5-4
7bi1334HMe,134-1
7bi1334Hle,5-4
7bi1334IBe,2-32
7bi1334IaT,5-4
7bi1334IxT,2-32
7bi1745XN,9-3
7bi1745xN,74-3
7bi1746NN,74-11
7bi1746ZN,74-6
7bi1746mN,74-2
7bi17471N,74-13
7bi1747FN,74-8
7bi1747SN,74-9
7bi1747gN,74-5
7bi1747uN,74-4
7bi17489N,74-7
7bi1748MN,74-10
7bi1748aN,74-14
7bi1748oN,74-12
7bi17494N,74-3
7bi1749VN,74-11
7bi1749vN,74-2
7bi174ANN,74-8
7bi174AnN,74-16
7bi174BFN,74-7
7bi174BgN,74-1
7bi174C8N,74-3
7bi174CYN,74-11
7bi174D0N,74-2
7bi174DRN,74-8
7bi174DqN,74-16
7bi174EKN,74-7
7bi174EkN,74-1
7bi174FDN,74-3
7bi174FRN,74-18
7bi174FfN,74-17
7bi174FtN,74-24
7bi174G9N,74-2
7bi174GON,74-20
7bi174GcN,74-8
7bi174GrN,74-22
7bi174H8N,74-25
7bi174HMN,74-19
7bi174HaN,74-7
7bi174HpN,74-21
7bi174I6N,74-1
7bi174IYN,74-26
7bi174J1N,74-17
7bi174JRN,74-2
7bi174JrN,74-8
7bi174KIN,74-25
7bi174KhN,74-7
7bi174L7N,74-1
7bi174LVN,74-26
7bi174LuN,179-5
7bi18845tP,184-1
7bi18846jP,184-1
7bi18847cP,184-1
7bi18848WP,184-1
7bi1884F8P,8-37
7bi1884G2P,8-37
7bi1884GvP,8-37
7bi1884HqP,8-37
7bi2745YN,74-2
7bi2746HN,74-3
7bi27470N,74-4
7bi2747gN,74-1
7bi2748MN,74-2
7bi2748qN,74-5
7bi2749MN,74-3
7bi2749pN,74-4
7bi274AKN,74-6
7bi274AoN,74-1
7bi274BIN,74-2
7bi274BmN,74-5
7bi274CIN,74-3
7bi274CnN,74-4
7bi274DKN,74-6
7bi274DoN,74-1
7bi274EKN,74-2
7bi274EpN,74-5
7bi274FLN,74-3
7bi274FqN,74-4
7bi274GNN,74-6
7bi274GrN,74-1
7bi274HNN,74-2
7bi274HsN,74-5
7bi274ION,74-3
7bi274IsN,74-4
7bi274JON,74-6
7bi274JsN,74-1
7bi274KNN,74-2
7bi274KrN,74-5
7bi274LKN,74-3
7bi274LnN,74-4
7bi3746oN,74-1
7bi3747XN,74-3
7bi3748FN,74-2
7bi3748uN,74-4
7bi3749eN,74-1
7bi374AON,74-3
7bi374B8N,74-2
7bi374BqN,74-4
7bi374CcN,74-1
7bi374DON,74-3
7bi374E9N,74-2
7bi374EtN,74-4
7bi374FfN,74-1
7bi374GRN,74-3
7bi374HCN,74-2
7bi374HwN,74-4
7bi374IiN,74-1
7bi374JTN,74-3
7bi374KCN,74-2
92L1D115RT,5-2
92L1D115jT,11-2
92L1D1164T,6-6
92L1D116NT,4-7
92L1D116hT,11-1
92L1D116rT,11-5
92L1D1172T,11-3
92L1D117CT,145-5
92L1D117MT,11-9
92L1D117WT,11-11
92L1D117gT,11-4
92L1D117qT,11-10
92L1D1183T,11-7
92L1D118ET,11-8
92L1D118OT,11-1
92L1D118ZT,11-5
92L1D118jT,11-3
92L1D118tT,11-12
92L1D1195T,11-9
92L1D119PT,11-4
92L1D119iT,11-7
92L1D11A4T,11-6
92L1D11AOT,11-3
92L1D11AhT,11-9
92L1D11B2T,11-4
92L1D11BLT,11-7
92L1D11BeT,11-6
92L1D11C0T,11-3
92L1D11CJT,11-9
92L1D11CcT,11-4
92L1D11CvT,11-7
92L1D11DGT,11-6
92L1D11DaT,11-3
92L1D11DuT,11-9
92L1D11EGT,11-4
92L1D11EZT,11-7
92L1D11EvT,11-6
92L1D11FIT,11-3
92L1D11FUT,5-13
92L1D11FfT,11-9
92L1D11FqT,11-15
92L1D11G4T,11-4
92L1D11GFT,6-20
92L1D11GQT,11-7
92L1D11GcT,11-14
92L1D11GnT,11-6
92L1D11H0T,6-3
92L1D11HCT,11-3
92L1D11HNT,6-8
92L1D11HYT,11-9
92L1D11HkT,11-15
92L1D11HuT,11-4
92L1D11I7T,6-20
92L1D11IIT,11-7
92L1D11IcT,11-6
92L1D11IvT,11-3
92L1D11JHT,16-16
92L1D11JaT,11-4
92L1D11JtT,10-13
92L1D11KET,11-6
92L1D11KhT,11-13
92L1D11LCT,11-4
92L1D11LhT,11-6
92L1D11MDT,11-13
92L1D11MgT,11-4
92L1D11NCT,11-6
92L1D11NfT,11-13
92L1D11OAT,11-4
92L1D11OdT,11-6
92L1F65qL,6-5
92L1F664L,6-1
92L1F66IL,6-3
92L1F66XL,6-8
92L1F66mL,6-4
92L1F672L,6-2
92L1F67EL,38-4
92L1F67OL,6-7
92L1F67ZL,6-9
92L1F67kL,6-10
92L1F67vL,6-5
92L1F688L,6-1
92L1F68KL,6-6
92L1F68VL,6-3
92L1F68gL,6-8
92L1F68sL,6-11
92L1F696L,6-4
92L1F69IL,6-2
92L1F69TL,6-12
92L1F69hL,6-7
92L1F69wL,6-9
92L1F6ADL,6-5
92L1F6ASL,6-1
92L1F6AhL,6-3
92L1F6AvL,6-8
92L1F6BAL,6-11
92L1F6BOL,6-4
92L1F6BdL,6-12
92L1F6BsL,6-7
92L1F6C8L,6-9
92L1F6CNL,6-5
92L1F6CcL,6-1
92L1F6CrL,6-3
92L1F6D7L,6-8
92L1F6DLL,6-11
92L1F6DZL,6-4
92L1F6DnL,6-12
92L1F6E4L,6-7
92L1F6EJL,6-9
92L1F6EYL,6-5
92L1F6EnL,6-1
92L1F6F5L,6-3
92L1F6FML,6-8
92L1F6FbL,6-11
92L1F6FpL,6-14
92L1F6G4L,6-4
92L1F6GFL,6-12
92L1F6GQL,6-7
92L1F6GbL,6-18
92L1F6GmL,6-9
92L1F6GxL,6-5
92L1F6HAL,6-15
92L1F6HLL,6-1
92L1F6HWL,6-17
92L1F6HhL,6-19
92L1F6HsL,6-21
92L1F6I4L,6-11
92L1F6IFL,6-14
92L1F6IPL,6-4
92L1F6IaL,6-12
92L1F6IjL,6-7
92L1F6IuL,6-18
92L1F6J6L,6-9
92L1F6JPL,6-15
92L1F6JhL,6-17
92L1F6K2L,6-13
92L1F6KKL,6-20
92L1F6KbL,6-4
92L1F6KsL,6-16
92L1F6LBL,6-9
92L1F6LTL,6-15
92L1F6LlL,6-17
92L1F6M6L,6-13
92L1F6MZL,6-4
92L1F6N2L,6-16
92L1F6NVL,6-15
92L1F6O0L,6-13
92L1F6OTL,6-4
92L1F6OvL,6-16
92L1F6PQL,6-15
92L1F6PsL,6-13
92L2D116MO,11-2
92L2D116pO,11-3
92L2D117LO,11-1
92L2D117nO,11-2
92L2D118IO,11-3
92L2D118lO,11-1
92L2D119HO,11-2
92L2D119lO,11-3
92L2D11AHO,11-1
92L2D11AnO,11-2
92L2D11BKO,11-3
92L2D11BqO,11-1
92L2D11COO,11-2
92L2D11CvO,11-3
92L2D11DUO,11-1
92L2D11E3O,11-2
92L2D11EaO,11-3
92L2D11F9O,11-1
92L2D11FgO,11-2
92L2D11GFO,11-3
92L2D11GmO,11-1
92L2D11HLO,11-2
92L2D11HsO,11-3
92L2D11IRO,11-1
92L2D11IxO,11-2
92L2D11JVO,11-3
92L2D11K3O,11-1
92L2D11KYO,11-2
92L2D11L4O,11-3
92L2D11LaO,11-1
92L2D11MLO,11-2
92L2D11N4O,11-1
92L2D11NoO,11-2
92L2D11OZO,11-1
92L2F66CL,6-4
92L2F66YL,6-3
92L2F66vL,6-2
92L2F67KL,6-1
92L2F67gL,6-5
92L2F684L,6-4
92L2F68RL,6-3
92L2F68oL,6-2
92L2F69EL,6-1
92L2F69bL,6-5
92L2F69wL,6-4
92L2F6AIL,6-6
92L2F6AcL,6-3
92L2F6AvL,6-2
92L2F6BHL,6-1
92L2F6BcL,6-5
92L2F6BxL,6-4
92L2F6CKL,6-6
92L2F6CfL,6-3
92L2F6D1L,6-2
92L2F6DLL,6-1
92L2F6DgL,6-5
92L2F6E4L,6-4
92L2F6EPL,6-6
92L2F6EkL,6-3
92L2F6F8L,6-2
92L2F6FTL,6-1
92L2F6FoL,6-5
92L2F6GBL,6-4
92L2F6GWL,6-6
92L2F6GrL,6-3
92L2F6HFL,6-2
92L2F6HaL,6-1
92L2F6HvL,6-5
92L2F6IIL,6-4
92L2F6IcL,6-6
92L2F6IwL,6-3
92L2F6JJL,6-2
92L2F6JdL,6-1
92L2F6JxL,6-5
92L2F6KJL,6-4
92L2F6KdL,6-6
92L2F6KxL,6-3
92L2F6LJL,6-2
92L2F6LdL,6-1
92L2F6M7L,6-5
92L2F6MaL,6-6
92L2F6N4L,6-3
92L2F6NXL,6-1
92L2F6O1L,6-5
92L2F6OTL,6-6
92L2F6OvL,6-3
92L2F6PQL,6-1
92L2F6PsL,6-5
92L3D116qO,11-2
92L3D117LO,11-3
92L3D117nO,11-1
92L3D118IO,11-2
92L3D118lO,11-3
92L3D119HO,11-1
92L3D119lO,11-2
92L3D11AHO,11-3
92L3D11AnO,11-1
92L3D11BKO,11-2
92L3D11BqO,11-3
92L3D11COO,11-1
92L3D11CvO,11-2
92L3D11DUO,11-3
92L3D11E3O,11-1
92L3D11EaO,11-2
92L3D11F9O,11-3
92L3D11FgO,11-1
92L3D11GFO,11-2
92L3D11GmO,11-3
92L3D11HLO,11-1
92L3D11HsO,11-2
92L3D11IRO,11-3
92L3D11IxO,11-1
92L3D11JVO,11-2
92L3D11K3O,11-3
92L3D11KYO,11-1
92L3D11L4O,11-2
92L3D11LaO,11-3
92L3D11MLO,11-1
92L3D11N4O,11-3
92L3F66PL,6-2
92L3F672L,6-3
92L3F67dL,6-1
92L3F68HL,6-2
92L3F68tL,6-3
92L3F69XL,6-1
92L3F69vL,6-5
92L3F6ALL,6-2
92L3F6AjL,6-4
92L3F6B9L,6-3
92L3F6BYL,6-1
92L3F6BwL,6-5
92L3F6CNL,6-2
92L3F6CmL,6-4
92L3F6DDL,6-3
92L3F6DcL,6-1
92L3F6E3L,6-5
92L3F6ETL,6-2
92L3F6EtL,6-4
92L3F6FKL,6-3
92L3F6FjL,6-1
92L3F6GAL,6-5
92L3F6GaL,6-2
92L3F6H2L,6-4
92L3F6HRL,6-3
92L3F6HqL,6-1
92L3F6IHL,6-5
92L3F6IgL,6-2
92L3F6J7L,6-4
92L3F6JWL,6-3
92L3F6KAL,6-1
92L3F6KnL,6-2
92L3F6LTL,6-3
92L3F6M8L,6-1
92L3F6MkL,6-2
92L3F6NOL,6-3
92L3F6O2L,6-1
92L3F6OdL,6-2
9q41385T5,38-1
9q4138605,5-3
9q41386Rx,10-1
9q41386pq,38-2
9q41387Cq,38-1
9q41387Wq,38-3
9q41387qq,5-3
9q41388Cq,38-5
9q41388Vq,38-7
9q41388pq,38-2
9q41389Ix,38-6
9q41389lx,38-8
9q4138AFx,38-4
9q4138Aix,38-2
9q4138BBx,38-6
9q4138Bdx,38-8
9q4138C7x,38-4
9q4138Cax,38-2
9q4138D4x,38-6
9q4138DWx,38-8
9q4138E0x,38-4
9q4138ETx,38-2
9q4138Ewx,38-6
9q4138FSk,38-8
9q4138Fok,38-10
9q4138GAk,5-7
9q4138GTk,38-2
9q4138Gnk,74-11
9q4138H8k,38-9
9q4138HSk,38-8
9q4138Hlk,38-10
9q4138I7k,5-7
9q4138IRk,38-2
9q4138Ikq,3-15
9q4138J6q,2-25
9q4138JPx,28-11
9q4138Jqx,28-10
9q4138KJx,5-4
9q4138Kk5,9-4
9q4138LD5,28-11
9q4138Le5,28-10
9q4138M65,5-4
9q4138Mw5,2-31
9q41440668,140-1
9q414406n8,140-1
9q414407B8,140-2
9q414407X8,140-1
9q414407t8,140-2
9q414408I8,140-1
9q41440938,140-1
9q414409l8,140-1
9q41440AW8,140-1
9q41440BH8,140-1
9q41440C2h,140-1
9q41440Cmh,140-1
9q41440DYh,140-1
9q41440EKh,140-1
9q41440F7h,140-1
9q41440FVh,31-6
9q41440Fth,140-1
9q41440GJh,31-6
9q41440Ghh,140-1
9q41440H7h,31-6
9q41440HVh,140-1
9q41440Hsh,31-6
9q41440IHh,140-1
9q41440Id8,31-6
9q41D1067s,10-3
9q41D106Os,15-9
9q41D106bs,10-8
9q41D106pj,10-2
9q41D1073j,10-9
9q41D107Fj,10-4
9q41D107Qj,10-6
9q41D107cj,10-7
9q41D107oj,5-7
9q41D1081j,10-3
9q41D108Dj,10-5
9q41D108Pj,10-1
9q41D108bj,10-8
9q41D108nj,10-2
9q41D109Aj,10-4
9q41D109Xj,10-7
9q41D109uj,10-3
9q41D10AJj,10-1
9q41D10Afj,10-2
9q41D10B3j,10-4
9q41D10BPj,10-7
9q41D10Blj,10-3
9q41D10CAj,10-1
9q41D10CWj,10-2
9q41D10Csj,10-10
9q41D10DHj,10-7
9q41D10DfZ,10-3
9q41D10E3Z,10-1
9q41D10EQZ,10-2
9q41D10EnZ,10-10
9q41D10FCQ,10-7
9q41D10FOQ,10-11
9q41D10FZQ,10-3
9q41D10FmQ,10-13
9q41D10G1Q,10-1
9q41D10GEQ,146-3
9q41D10GRQ,10-2
9q41D10GdQ,10-14
9q41D10GqQ,10-10
9q41D10H5Q,5-13
9q41D10HHQ,10-7
9q41D10HUQ,10-11
9q41D10HgQ,10-3
9q41D10HtQ,10-13
9q41D10I8Q,10-1
9q41D10IKQ,10-12
9q41D10IVQ,10-2
9q41D10IgZ,10-14
9q41D10IsZ,10-10
9q41D10JFj,146-2
9q41D10Jbj,8-37
9q41D10Jvj,10-1
9q41D10KGs,10-2
9q41D10Kbs,10-10
9q41D10Kws,146-2
9q41D10LJs,8-37
9q41D10Lqs,10-12
9q41D10MPs,10-10
9q41D10Mws,17-3
9q41D10NVs,10-12
9q41D175or,5-7
9q41D176Cr,17-1
9q41D176Rr,13-5
9q41D176er,17-3
9q41D176rr,11-6
9q41D1776r,17-2
9q41D177Jr,17-6
9q41D177Xr,17-4
9q41D177lr,17-8
9q41D1780r,17-1
9q41D178Er,17-9
9q41D178Tr,17-3
9q41D178ur,17-2
9q41D179Nr,17-4
9q41D179or,17-1
9q41D17AIr,17-3
9q41D17Ajr,17-2
9q41D17BBr,17-4
9q41D17Bcr,17-1
9q41D17C5r,17-3
9q41D17CWr,17-2
9q41D17Cxm,17-4
9q41D17DQm,17-1
9q41D17Dsm,17-3
9q41D17ENg,17-2
9q41D17Ecg,48-2
9q41D17Eqg,17-7
9q41D17F7g,38-9
9q41D17FLg,17-1
9q41D17FWg,17-11
9q41D17Fgg,3-39
9q41D17Fpg,17-3
9q41D17G1g,17-13
9q41D17GBg,10-12
9q41D17GLg,17-2
9q41D17GWg,17-14
9q41D17Ghg,48-2
9q41D17Gsg,17-7
9q41D17H4g,17-12
9q41D17HEg,146-2
9q41D17HOg,17-1
9q41D17HZg,13-12
9q41D17Hjg,17-11
9q41D17Htg,17-3
9q41D17I5g,12-6
9q41D17IFg,17-13
9q41D17IPg,10-4
9q41D17IYg,15-3
9q41D17Ihg,17-14
9q41D17Irg,17-7
9q41D17JJg,17-1
9q41D17Jgm,17-3
9q41D17K7m,10-12
9q41D17KWr,17-7
9q41D17Kwr,17-1
9q41D17LNr,9-27
9q41D17Llr,10-1
9q41D17MCr,17-7
9q41D17Mbr,17-1
9q41F95qx,9-1
9q41F965x,1-14
9q41F96Js,10-5
9q41F96Ws,9-5
9q41F96jm,9-2
9q41F96vm,8-4
9q41F978m,9-6
9q41F97Jm,9-4
9q41F97Um,9-7
9q41F97em,9-3
9q41F97om,17-7
9q41F980m,9-8
9q41F989m,9-11
9q41F98Jm,9-12
9q41F98Tm,8-5
9q41F98dm,9-15
9q41F98nm,1-18
9q41F98xm,74-1
9q41F999m,9-4
9q41F99Ms,10-10
9q41F99bs,17-7
9q41F99px,9-13
9q41F9A6x,9-12
9q41F9ALx,9-15
9q41F9AZx,9-17
9q41F9Anx,9-4
9q41F9B3x,10-10
9q41F9BHx,17-7
9q41F9BVx,9-13
9q41F9Bks,9-12
9q41F9C1s,9-15
9q41F9CGm,9-17
9q41F9CUm,9-4
9q41F9Cim,10-4
9q41F9Cwm,17-7
9q41F9DCm,9-13
9q41F9DRm,9-12
9q41F9Dgm,9-15
9q41F9Dvm,9-17
9q41F9ECh,9-4
9q41F9EQh,10-4
9q41F9Efh,17-4
9q41F9Etb,9-13
9q41F9F7b,9-20
9q41F9FLW,9-22
9q41F9FXW,9-23
9q41F9FjW,9-25
9q41F9FvW,8-39
9q41F9G8W,9-19
9q41F9GJW,10-4
9q41F9GTW,9-31
9q41F9GdW,9-33
9q41F9GnW,9-24
9q41F9GxW,9-26
9q41F9HAW,9-4
9q41F9HKW,48-3
9q41F9HUW,9-23
9q41F9HeW,9-25
9q41F9Hnb,9-32
9q41F9Hxb,9-13
9q41F9I9b,9-27
9q41F9IIh,9-35
9q41F9IRh,9-34
9q41F9Ibh,9-24
9q41F9Ikm,9-15
9q41F9Iwm,9-4
9q41F9JAs,48-1
9q41F9JRs,9-28
9q41F9Jix,9-27
9q41F9K3x,9-34
9q41F9KM5,15-9
9q41F9Kf5,48-1
9q41F9L15,9-28
9q41F9LK5,17-3
9q41F9Le5,9-34
9q41F9M75,48-1
9q41F9MZ5,9-15
9q41F9N45,9-34
9q41F9NW5,48-1
9q41F9O05,9-15
9q41F9OS5,9-34
9q41F9Ov5,48-1
9q41FX35hK,3-1
9q41FX35vK,3-15
9q41FX36BK,3-2
9q41FX36PK,3-4
9q41FX36aK,3-8
9q41FX36mK,3-11
9q41FX370K,3-14
9q41FX379G,3-6
9q41FX37HG,3-9
9q41FX37NG,3-5
9q41FX37TG,3-17
9q41FX37YG,3-3
9q41FX37eG,3-21
9q41FX37jG,3-20
9q41FX37oG,3-7
9q41FX37tG,3-26
9q41FX380G,3-16
9q41FX385G,3-10
9q41FX38BG,3-22
9q41FX38GG,3-30
9q41FX38LG,3-13
9q41FX38QG,3-25
9q41FX38WG,3-1
9q41FX38cG,3-29
9q41FX38iG,3-15
9q41FX38uG,3-19
9q41FX398G,3-23
9q41FX39IG,3-27
9q41FX39TG,3-28
9q41FX39eG,3-31
9q41FX39pG,3-32
9q41FX3A3G,3-33
9q41FX3ADG,3-9
9q41FX3AOG,3-17
9q41FX3AZG,3-21
9q41FX3AkG,3-7
9q41FX3AuG,3-16
9q41FX3B6G,3-22
9q41FX3BHG,3-13
9q41FX3BSG,3-1
9q41FX3BdG,3-15
9q41FX3BoG,3-19
9q41FX3C0G,3-23
9q41FX3CBG,3-27
9q41FX3CMG,3-28
9q41FX3CXG,3-31
9q41FX3CiG,3-32
9q41FX3CtG,3-33
9q41FX3D6G,3-9
9q41FX3DHG,3-17
9q41FX3DSG,3-21
9q41FX3DdG,3-7
9q41FX3DnG,3-16
9q41FX3E1B,3-22
9q41FX3ECB,3-13
9q41FX3ENB,3-1
9q41FX3EYB,3-15
9q41FX3Ek6,3-19
9q41FX3Eu6,3-23
9q41FX3F76,3-34
9q41FX3FJ1,3-27
9q41FX3FS1,3-28
9q41FX3Fb1,3-31
9q41FX3Fi1,3-32
9q41FX3Fo1,3-36
9q41FX3Fu1,3-33
9q41FX3G21,3-37
9q41FX3G81,3-9
9q41FX3GE1,3-40
9q41FX3GK1,3-17
9q41FX3GQ1,3-42
9q41FX3GW1,3-21
9q41FX3Gc1,3-43
9q41FX3Gi1,3-7
9q41FX3Go1,3-38
9q41FX3Gu1,3-16
9q41FX3H21,3-48
9q41FX3H81,3-22
9q41FX3HE1,3-35
9q41FX3HK1,3-13
9q41FX3HQ1,3-45
9q41FX3HW1,3-1
9q41FX3Hc1,3-47
9q41FX3Hi1,3-41
9q41FX3Ho1,3-50
9q41FX3Hu1,3-12
9q41FX3I21,3-19
9q41FX3I81,3-23
9q41FX3IE1,3-44
9q41FX3IL1,3-34
9q41FX3IT1,3-46
9q41FX3Id1,3-49
9q41FX3In6,3-31
9q41FX3J26,3-36
9q41FX3JE6,3-9
9q41FX3JR6,3-17
9q41FX3JgB,3-43
9q41FX3K6B,3-38
9q41FX3KUG,3-35
9q41FX3KsG,3-12
9q41FX3LIG,3-46
9q41FX3LfG,3-31
9q41FX3M4G,3-9
9q41FX3MQG,3-43
9q41FX3MmK,3-38
9q41FX3NBK,3-35
9q41FX3NXK,3-12
9q41FX3NuK,3-46
9q41FX3OHK,3-31
9q41FX3OdK,3-9
9q41FX3P1K,3-43
9q41FX3PNK,3-38
9q41FX3PkK,3-35
9q42386S5,38-1
9q4238715,38-2
9q42387Y5,38-3
9q4238895,38-1
9q42388h5,38-2
9q42389H5,38-3
9q42389i5,38-4
9q4238AA5,38-1
9q4238Aa5,38-2
9q4238B25,38-3
9q4238BT5,38-4
9q4238Bu5,38-1
9q4238CMx,38-2
9q4238Cnx,38-3
9q4238DGx,38-4
9q4238Dix,38-1
9q4238EBx,38-2
9q4238Ecx,38-3
9q4238F5x,38-4
9q4238FXx,38-1
9q4238G0x,38-2
9q4238GRx,38-3
9q4238Gsx,38-4
9q4238HMx,38-1
9q4238Hnx,38-2
9q4238IGx,38-3
9q4238Ihx,38-4
9q4238JAx,38-1
9q4238Jbx,38-2
9q4238K4x,38-3
9q4238KWx,38-4
9q4238Kx5,38-1
9q4238LQ5,38-2
9q4238Lq5,38-3
9q4238MI5,38-4
9q42D106ij,10-1
9q42D107CZ,10-3
9q42D107dZ,10-2
9q42D1086Z,10-4
9q42D108WZ,10-1
9q42D108sZ,10-5
9q42D109GZ,10-3
9q42D109dZ,10-2
9q42D10A2Z,10-4
9q42D10AOZ,10-1
9q42D10AlZ,10-5
9q42D10BBQ,10-3
9q42D10BYQ,10-2
9q42D10BvQ,10-4
9q42D10CKQ,10-1
9q42D10ChQ,10-5
9q42D10D7Q,10-3
9q42D10DVQ,10-2
9q42D10DsQ,10-4
9q42D10EHQ,10-1
9q42D10EeQ,10-5
9q42D10F4Q,10-3
9q42D10FSQ,10-2
9q42D10FpQ,10-4
9q42D10GEQ,10-1
9q42D10GbQ,10-5
9q42D10H1Q,10-3
9q42D10HPQ,10-2
9q42D10HlZ,10-4
9q42D10IAZ,10-1
9q42D10IXZ,10-5
9q42D10IuZ,10-3
9q42D10JJZ,10-2
9q42D10JfZ,10-4
9q42D10K3Z,10-1
9q42D10KNj,10-5
9q42D10Kjj,10-3
9q42D10L7j,10-2
9q42D10LSj,10-4
9q42D10M2j,10-1
9q42D176Jm,17-1
9q42D176jm,17-3
9q42D177Am,17-2
9q42D177am,17-4
9q42D1783g,17-1
9q42D178Tg,17-3
9q42D178ug,17-2
9q42D179Mg,17-4
9q42D179ng,17-1
9q42D17AFg,17-3
9q42D17Abg,17-5
9q42D17Axb,17-2
9q42D17BLb,17-4
9q42D17Bib,17-1
9q42D17C6b,17-3
9q42D17CSb,17-5
9q42D17Cpb,17-2
9q42D17DEb,17-4
9q42D17Dbb,17-1
9q42D17E0b,17-3
9q42D17EMb,17-5
9q42D17Ejb,17-2
9q42D17F8b,17-4
9q42D17FVb,17-1
9q42D17Fsb,17-3
9q42D17GGb,17-5
9q42D17Gdb,17-2
9q42D17H2b,17-4
9q42D17HPb,17-1
9q42D17Hlg,17-3
9q42D17IEg,17-5
9q42D17Ifg,17-2
9q42D17J8g,17-4
9q42D17Jag,17-3
9q42D17K2g,17-5
9q42D17KRm,17-2
9q42D17Krm,17-4
9q42D17LKm,17-3
9q42D17Lkm,17-5
9q42D17MCm,17-2
9q42F95px,9-3
9q42F96Lx,9-2
9q42F96qx,9-1
9q42F97Nx,9-3
9q42F97rx,9-2
9q42F98Ox,9-1
9q42F98tx,9-3
9q42F99Qx,9-2
9q42F99ox,9-4
9q42F9ADs,9-1
9q42F9Aas,9-3
9q42F9B1s,9-2
9q42F9BPs,9-4
9q42F9Bos,9-1
9q42F9CFm,9-3
9q42F9Cem,9-2
9q42F9D5m,9-4
9q42F9DUm,9-1
9q42F9Dtm,9-3
9q42F9EKm,9-2
9q42F9Ejm,9-4
9q42F9FAm,9-1
9q42F9FZm,9-3
9q42F9G0m,9-2
9q42F9GPm,9-4
9q42F9Gom,9-1
9q42F9HFm,9-3
9q42F9Hem,9-2
9q42F9I4s,9-4
9q42F9ITs,9-1
9q42F9Irs,9-3
9q42F9JHs,9-2
9q42F9Jdx,9-4
9q42F9K3x,9-1
9q42F9KRx,9-3
9q42F9Kox,9-2
9q42F9LDx,9-4
9q42F9Lcx,9-1
9q42F9M8x,9-3
9q42F9Mdx,9-2
9q42F9NAx,9-1
9q42F9Nex,9-3
9q42F9OBx,9-2
9q42FX35jK,3-5
9q42FX367K,3-7
9q42FX36TK,3-2
9q42FX36oK,3-6
9q42FX37BK,3-4
9q42FX37WK,3-1
9q42FX37rK,3-3
9q42FX38FK,3-5
9q42FX38cK,3-7
9q42FX391K,3-2
9q42FX39NK,3-6
9q42FX39kK,3-4
9q42FX3A8K,3-1
9q42FX3AUK,3-3
9q42FX3AnK,3-9
9q42FX3B6K,3-5
9q42FX3BNK,3-7
9q42FX3BdG,3-8
9q42FX3BuG,3-2
9q42FX3CDB,3-6
9q42FX3CUB,3-4
9q42FX3ClB,3-10
9q42FX3D3B,3-1
9q42FX3DJB,3-3
9q42FX3DaB,3-9
9q42FX3DrB,3-5
9q42FX3EAB,3-7
9q42FX3ERB,3-8
9q42FX3EiB,3-2
9q42FX3F1B,3-6
9q42FX3FIB,3-4
9q42FX3FZB,3-10
9q42FX3FpB,3-1
9q42FX3G7B,3-3
9q42FX3GOB,3-9
9q42FX3GfB,3-5
9q42FX3GwB,3-7
9q42FX3HFB,3-8
9q42FX3HWB,3-2
9q42FX3HnB,3-6
9q42FX3I6B,3-4
9q42FX3INB,3-10
9q42FX3IdB,3-1
9q42FX3ItB,3-3
9q42FX3JCB,3-9
9q42FX3JTB,3-5
9q42FX3JjG,3-7
9q42FX3K2G,3-8
9q42FX3KJG,3-2
9q42FX3KaG,3-6
9q42FX3KvG,3-4
9q42FX3LJG,3-10
9q42FX3LgG,3-3
9q42FX3M5G,3-9
9q42FX3MRG,3-7
9q42FX3MnK,3-8
9q42FX3NDK,3-6
9q42FX3NZK,3-4
9q42FX3NuK,3-10
9q42FX3OHK,3-3
9q42FX3OdK,3-9
9q42FX3P1K,3-7
9q42FX3PNK,3-8
9q42FX3PkK,3-6
9q43387P5,38-2
9q43387x5,38-1
9q43388W5,38-3
9q4338975,38-2
9q43389g5,38-1
9q4338AG5,38-3
9q4338Aq5,38-2
9q4338BR5,38-1
9q4338C25,38-3
9q4338Ccx,38-2
9q4338DEx,38-1
9q4338Dox,38-3
9q4338ERx,38-2
9q4338F3x,38-1
9q4338Fdx,38-3
9q4338GGx,38-2
9q4338Gqx,38-1
9q4338HSx,38-3
9q4338I4x,38-2
9q4338Iex,38-1
9q4338JFx,38-3
9q4338Jpx,38-2
9q4338KQx,38-1
9q4338L15,38-3
9q4338La5,38-2
9q4338MA5,38-1
9q43D107MZ,10-1
9q43D107vZ,10-2
9q43D108ZZ,10-3
9q43D109CZ,10-1
9q43D109nZ,10-2
9q43D10ARZ,10-3
9q43D10B5Z,10-1
9q43D10BiQ,10-2
9q43D10CNQ,10-3
9q43D10D2Q,10-1
9q43D10DfQ,10-2
9q43D10EKQ,10-3
9q43D10ExQ,10-1
9q43D10FcQ,10-2
9q43D10GHQ,10-3
9q43D10GuQ,10-1
9q43D10HZQ,10-2
9q43D10IDZ,10-3
9q43D10IqZ,10-1
9q43D10JTZ,10-2
9q43D10K6Z,10-3
9q43D10Kfj,10-1
9q43D10LHj,10-2
9q43D10Lrj,10-3
9q43D10MSj,10-1
9q43D177Em,17-1
9q43D177em,17-3
9q43D1787g,17-2
9q43D178Yg,17-4
9q43D1790g,17-1
9q43D179Qg,17-3
9q43D179rg,17-2
9q43D17ALg,17-4
9q43D17Amb,17-1
9q43D17BFb,17-3
9q43D17Bhb,17-2
9q43D17CBb,17-4
9q43D17Cdb,17-1
9q43D17D8b,17-3
9q43D17Dbb,17-2
9q43D17E5b,17-4
9q43D17EYb,17-1
9q43D17F3b,17-3
9q43D17FVb,17-2
9q43D17Fxb,17-4
9q43D17GSb,17-1
9q43D17Gvb,17-3
9q43D17HPb,17-2
9q43D17Hqg,17-4
9q43D17ILg,17-1
9q43D17Ing,17-3
9q43D17JFg,17-2
9q43D17Jfg,17-4
9q43D17K7g,17-1
9q43D17KWm,17-3
9q43D17Kwm,17-2
9q43D17LNm,17-4
9q43D17Ltm,17-1
9q43D17MSm,17-3
9q43F96Ax,9-2
9q43F96gx,9-1
9q43F97Ax,9-3
9q43F97fx,9-2
9q43F98Dx,9-1
9q43F98gx,9-3
9q43F99Ex,9-2
9q43F99jx,9-1
9q43F9AGs,9-3
9q43F9Ams,9-2
9q43F9BKs,9-1
9q43F9Brs,9-3
9q43F9CRm,9-2
9q43F9D0m,9-1
9q43F9DXm,9-3
9q43F9E7m,9-2
9q43F9Eem,9-1
9q43F9FDm,9-3
9q43F9Flm,9-2
9q43F9GKm,9-1
9q43F9Grm,9-3
9q43F9HRm,9-2
9q43F9Hxs,9-1
9q43F9IWs,9-3
9q43F9J4s,9-2
9q43F9JZs,9-1
9q43F9K6x,9-3
9q43F9Kcx,9-2
9q43F9LAx,9-1
9q43F9Ltx,9-3
9q43F9Mfx,9-1
9q43FX36tK,3-2
9q43FX37PK,3-4
9q43FX37uK,3-1
9q43FX38QK,3-3
9q43FX38wK,3-5
9q43FX39UK,3-2
9q43FX3A0K,3-4
9q43FX3APK,3-7
9q43FX3AiK,3-1
9q43FX3B5K,3-3
9q43FX3BQK,3-6
9q43FX3BlG,3-5
9q43FX3C7G,3-8
9q43FX3CTB,3-2
9q43FX3CoB,3-4
9q43FX3DBB,3-7
9q43FX3DWB,3-1
9q43FX3DrB,3-3
9q43FX3EEB,3-6
9q43FX3EZB,3-5
9q43FX3EuB,3-8
9q43FX3FHB,3-2
9q43FX3FcB,3-4
9q43FX3FxB,3-7
9q43FX3GKB,3-1
9q43FX3GfB,3-3
9q43FX3H2B,3-6
9q43FX3HNB,3-5
9q43FX3HiB,3-8
9q43FX3I5B,3-2
9q43FX3IQB,3-4
9q43FX3IlB,3-7
9q43FX3J8B,3-1
9q43FX3JTB,3-3
9q43FX3JnG,3-6
9q43FX3KGG,3-5
9q43FX3KiG,3-8
9q43FX3LBG,3-4
9q43FX3LcG,3-7
9q43FX3M4G,3-1
9q43FX3MUG,3-6
9q43FX3MuK,3-5
9q43FX3NNK,3-8
9q43FX3NnK,3-4
9q43FX3OEK,3-7
9rd13305YF,130-1
9rd13305wF,130-3
9rd13306NF,130-2
9rd13306lF,130-4
9rd13307DF,130-1
9rd13307dF,130-3
9rd133085F,130-2
9rd13308VF,130-4
9rd13308vF,130-1
9rd13309NF,130-3
9rd13309nF,130-2
9rd1330AFF,130-4
9rd1330AfF,130-1
9rd1330B7F,130-3
9rd1330BWF,130-2
9rd1330BwF,130-4
9rd1330COF,130-1
9rd1330CoF,130-3
9rd1330DFF,130-2
9rd1330DfF,130-4
9rd1330E7F,130-1
9rd1330EXO,130-3
9rd1330F2O,130-2
9rd1330FVO,130-4
9rd1330G0O,130-1
9rd1330GSO,130-3
9rd1330GvO,130-2
9rd1330HQO,130-4
9rd1330HtO,130-1
9rd1330INF,130-3
9rd1330In7,130-2
9rd1435gN,43-3
9rd14367N,43-2
9rd1436WN,43-4
9rd1436xN,43-1
9rd1437QN,43-3
9rd1437rN,43-2
9rd1438KN,43-4
9rd1438lN,43-1
9rd1439EN,43-3
9rd1439eN,43-2
9rd143A5N,43-4
9rd143AUN,43-1
9rd143AtN,43-3
9rd143BKN,43-2
9rd143BjN,43-4
9rd143CAN,43-1
9rd143CZN,43-3
9rd143D0N,43-2
9rd143DPN,43-4
9rd143DoN,43-1
9rd143EFN,43-3
9rd143EfN,43-2
9rd143F7N,43-4
9rd143FZN,43-1
9rd143G3N,43-3
9rd143GVN,43-2
9rd143H0N,43-4
9rd143HSN,43-1
9rd143HuN,43-3
9rd143INN,43-2
9rd143IqN,43-4
9rd143JSN,43-5
9rd143K3N,43-2
9rd143KZN,43-4
9rd143L8N,43-5
9rd143LeN,43-2
9rd143MBN,43-4
9rd14465lS,146-2
9rd14466IS,146-1
9rd14466pS,146-2
9rd14467OS,146-1
9rd14467xS,146-2
9rd14468YS,146-1
9rd144699S,146-2
9rd14469hS,146-1
9rd1446AHS,146-2
9rd1446AoS,146-1
9rd1446BOS,146-2
9rd1446BvS,146-1
9rd1446CVS,146-2
9rd1446D5S,146-1
9rd1446DdS,146-2
9rd1446EES,146-1
9rd1446EnS,146-2
9rd1446FOd,146-1
9rd1446G1d,145-3
9rd1446Gcd,146-1
9rd1446HFd,146-3
9rd1446Hpd,74-11
9rd1446IPd,146-3
9rd1446Ivd,74-11
9rd1D105uF,10-3
9rd1D106CP,15-9
9rd1D106PP,10-8
9rd1D106ba,10-2
9rd1D106na,10-9
9rd1D1071a,10-4
9rd1D107Ca,10-6
9rd1D107Oa,10-7
9rd1D107aa,5-7
9rd1D107la,10-3
9rd1D107xa,10-5
9rd1D108Ba,10-1
9rd1D108Na,10-8
9rd1D108aP,10-2
9rd1D108vP,10-4
9rd1D109KP,10-7
9rd1D109hP,10-3
9rd1D10A6P,10-1
9rd1D10ASP,10-2
9rd1D10AoP,10-4
9rd1D10BCP,10-7
9rd1D10BYP,10-3
9rd1D10BvP,10-1
9rd1D10CJP,10-2
9rd1D10CfP,10-10
9rd1D10D4P,10-7
9rd1D10DRP,10-3
9rd1D10DnP,10-1
9rd1D10ECP,10-2
9rd1D10EZP,10-10
9rd1D10EvP,10-7
9rd1D10F9P,10-11
9rd1D10FKP,10-3
9rd1D10FWa,10-13
9rd1D10Fja,10-1
9rd1D10Fwa,146-3
9rd1D10GBa,10-2
9rd1D10GNa,10-14
9rd1D10Gaa,10-10
9rd1D10Gna,5-13
9rd1D10H1a,10-7
9rd1D10HEa,10-11
9rd1D10HQa,10-3
9rd1D10Hda,10-13
9rd1D10Hqa,10-1
9rd1D10I4a,10-12
9rd1D10IFa,10-2
9rd1D10IRa,10-14
9rd1D10Ida,10-10
9rd1D10J2P,146-2
9rd1D10JOP,8-37
9rd1D10JiP,10-1
9rd1D10K5F,10-2
9rd1D10KQF,10-10
9rd1D10KlF,146-2
9rd1D10L8F,8-37
9rd1D10LfF,10-12
9rd1D10MEF,10-10
9rd1D10MlF,17-3
9rd1D10NKF,10-12
9rd23306J7,130-1
9rd23307A7,130-2
9rd23307t7,130-1
9rd23308k7,130-2
9rd23309W7,130-1
9rd2330AN7,130-2
9rd2330BCF,130-1
9rd2330C3F,130-2
9rd2330CsF,130-1
9rd2330DjF,130-2
9rd2330EaF,130-1
9rd2330FRF,130-2
9rd2330GIF,130-1
9rd2330H9F,130-2
9rd2330I0F,130-1
9rd2330Ip7,130-2
9rd2436QN,43-1
9rd2436wN,43-3
9rd2437UN,43-2
9rd24382N,43-1
9rd2438YN,43-3
9rd24396N,43-2
9rd2439dN,43-1
9rd243ACN,43-3
9rd243AiN,43-2
9rd243BHN,43-1
9rd243BoN,43-3
9rd243CON,43-2
9rd243CvN,43-1
9rd243DVN,43-3
9rd243E5N,43-2
9rd243EcN,43-1
9rd243FCN,43-3
9rd243FkN,43-2
9rd243GJN,43-1
9rd243GrN,43-3
9rd243HRN,43-2
9rd243I0N,43-1
9rd243IYN,43-3
9rd243J7N,43-2
9rd243JfN,43-1
9rd243KEN,43-3
9rd243KkN,43-2
9rd243LIN,43-1
9rd243LpN,43-3
9rd2D106VP,10-1
9rd2D106wP,10-3
9rd2D107PP,10-2
9rd2D107qP,10-4
9rd2D108Ha,10-1
9rd2D108da,10-5
9rd2D1091a,10-3
9rd2D109Oa,10-2
9rd2D109la,10-4
9rd2D10A9a,10-1
9rd2D10AWa,10-5
9rd2D10Ata,10-3
9rd2D10BIa,10-2
9rd2D10Bfa,10-4
9rd2D10C4a,10-1
9rd2D10CRa,10-5
9rd2D10Cpa,10-3
9rd2D10DFa,10-2
9rd2D10Dca,10-4
9rd2D10E1a,10-1
9rd2D10EOa,10-5
9rd2D10Ema,10-3
9rd2D10FCa,10-2
9rd2D10FZa,10-4
9rd2D10Fwa,10-1
9rd2D10GLa,10-5
9rd2D10Gja,10-3
9rd2D10H9a,10-2
9rd2D10HWa,10-4
9rd2D10Hta,10-1
9rd2D10IIa,10-5
9rd2D10Ifa,10-3
9rd2D10J4a,10-2
9rd2D10JQa,10-4
9rd2D10Jma,10-1
9rd2D10KAP,10-5
9rd2D10KWP,10-3
9rd2D10KsP,10-2
9rd2D10LFP,10-4
9rd2D10LnP,10-1
9rd33307Xj,130-1
9rd33308Wj,130-2
9rd33309Xj,130-1
9rd3330AYj,130-2
9rd3330BZj,130-1
9rd3330Caj,130-2
9rd3330Dcj,130-1
9rd3330Edj,130-2
9rd3330Ffj,130-1
9rd3330Ggj,130-2
9rd3330Hij,130-1
9rd3330Ijj,130-2
9rd3437AN,43-2
9rd3437wN,43-1
9rd3438kN,43-2
9rd3439ZN,43-1
9rd343AON,43-2
9rd343BDN,43-1
9rd343C3N,43-2
9rd343CsN,43-1
9rd343DiN,43-2
9rd343EZN,43-1
9rd343FPN,43-2
9rd343GGN,43-1
9rd343H6N,43-2
9rd343HvN,43-1
9rd343IlN,43-2
9rd343JaN,43-1
9rd343KON,43-2
9rd343LCN,43-1
9rd3D1078P,10-1
9rd3D107hP,10-2
9rd3D108Ka,10-3
9rd3D108va,10-1
9rd3D109Ya,10-2
9rd3D10ACa,10-3
9rd3D10Aoa,10-1
9rd3D10BSa,10-2
9rd3D10C7a,10-3
9rd3D10Cka,10-1
9rd3D10DPa,10-2
9rd3D10E4a,10-3
9rd3D10Eha,10-1
9rd3D10FMa,10-2
9rd3D10G1a,10-3
9rd3D10Gea,10-1
9rd3D10HJa,10-2
9rd3D10Hwa,10-3
9rd3D10Iba,10-1
9rd3D10JEa,10-2
9rd3D10Jpa,10-3
9rd3D10KSP,10-1
9rd3D10L4P,10-2
9rd3D10LeP,10-3
9rd3D10MFP,10-1
9t813305vL,130-4
9t813306NL,130-1
9t813306mG,130-3
9t813307DG,130-2
9t813307dG,130-4
9t8133085G,130-1
9t813308VG,130-3
9t813308vG,130-2
9t813309NG,130-4
9t813309nG,130-1
9t81330AFG,130-3
9t81330AeG,130-2
9t81330B6G,130-4
9t81330BWG,130-1
9t81330BwG,130-3
9t81330CNG,130-2
9t81330CnG,130-4
9t81330DFG,130-1
9t81330DfG,130-3
9t81330E6G,130-2
9t81330EXA,130-4
9t81330F1A,130-1
9t81330FTA,130-3
9t81330FwA,130-2
9t81330GRA,130-4
9t81330GuA,130-1
9t81330HOA,130-3
9t81330HrA,130-2
9t81330IKG,130-4
9t81330IlL,130-1
9t81D105WQ,10-2
9t81D105mK,10-4
9t81D1062K,10-6
9t81D106FE,10-7
9t81D106RE,5-7
9t81D106bE,10-3
9t81D106mE,10-5
9t81D106wE,10-1
9t81D107A9,10-8
9t81D107M9,10-2
9t81D107Y9,10-9
9t81D107k9,10-4
9t81D107v9,10-6
9t81D10899,10-7
9t81D108L9,5-7
9t81D108X9,10-3
9t81D108t9,10-1
9t81D109I9,10-2
9t81D109eE,10-4
9t81D10A3E,10-7
9t81D10APE,10-3
9t81D10AmE,10-1
9t81D10BAE,10-2
9t81D10BWE,10-10
9t81D10BsE,10-7
9t81D10CHE,10-3
9t81D10CdE,10-1
9t81D10D2E,10-2
9t81D10DOE,10-10
9t81D10DlE,10-7
9t81D10EAE,10-3
9t81D10EXE,10-1
9t81D10EvE,10-2
9t81D10FLE,10-10
9t81D10Fj9,10-7
9t81D10Fv9,10-11
9t81D10G89,10-3
9t81D10GL9,10-13
9t81D10GY9,10-1
9t81D10Gl9,10-12
9t81D10H09,10-2
9t81D10HC9,10-14
9t81D10HO9,10-10
9t81D10Hb9,5-13
9t81D10HnE,146-2
9t81D10I1E,10-11
9t81D10IDE,10-3
9t81D10IaK,10-1
9t81D10J0K,10-2
9t81D10JMK,10-10
9t81D10JiK,146-2
9t81D10K6K,8-37
9t81D10KdK,10-12
9t81D10LCK,10-10
9t81D10LjK,17-3
9t81D10MIK,10-12
9t81D10MpK,10-10
9t81D10NOK,17-3
9t81D10NvK,10-12
9t81F85b1,8-10
9t81F85t1,8-2
9t81F86C1,8-5
9t81F86T1,8-11
9t81F86j1,8-15
9t81F8711,8-16
9t81F87H1,8-17
9t81F87X1,8-3
9t81F87n1,8-9
9t81F8851,8-10
9t81F88L1,8-2
9t81F88b1,8-24
9t81F88q1,8-28
9t81F8981,8-30
9t81F89N1,8-15
9t81F89c1,8-16
9t81F89r1,8-29
9t81F8A81,8-14
9t81F8AN1,8-9
9t81F8Ab1,8-10
9t81F8Aq1,8-2
9t81F8B71,8-24
9t81F8BM1,8-28
9t81F8Bb1,8-30
9t81F8Bq1,8-15
9t81F8C71,8-16
9t81F8CM1,8-29
9t81F8Cb1,8-14
9t81F8Cq1,8-9
9t81F8D71,8-10
9t81F8DM1,8-2
9t81F8Db1,8-24
9t81F8Dr1,8-28
9t81F8E81,8-30
9t81F8EN1,8-15
9t81F8Ed1,8-16
9t81F8Es1,8-29
9t81F8FA1,8-14
9t81F8FQ1,8-9
9t81F8FZ1,162-3
9t81F8Fh1,8-10
9t81F8Fp1,8-36
9t81F8Fx1,8-2
9t81F8G81,9-17
9t81F8GH1,8-24
9t81F8GQ1,13-14
9t81F8GY1,8-28
9t81F8Gg1,74-16
9t81F8Go1,8-30
9t81F8Gw1,5-12
9t81F8H61,8-15
9t81F8HE1,8-34
9t81F8HM1,8-16
9t81F8HU1,6-13
9t81F8Hb1,8-29
9t81F8Hj1,8-35
9t81F8Hr1,8-14
9t81F8I11,8-38
9t81F8IA1,1-23
9t81F8IJ1,8-44
9t81F8IT1,6-16
9t81F8Id1,8-2
9t81F8Ir1,8-24
9t81F8J71,172-2
9t81F8JK1,8-30
9t81F8JX1,8-15
9t81F8Jl1,8-16
9t81F8K11,8-29
9t81F8KH1,8-14
9t81F8KZ1,8-43
9t81F8Kr1,8-2
9t81F8LC1,8-24
9t81F8Lb1,8-30
9t81F8M21,8-15
9t81F8MR1,1-74
9t81F8Mq1,8-43
9t81F8NH1,8-39
9t81F8Ng1,8-37
9t81F8O71,1-75
9t81F8OW1,74-8
9t81F8Ov1,8-43
9t81F8PM1,8-39
9t81F8Pm1,8-37
9t823306LL,130-2
9t8233075L,130-1
9t823307uL,130-2
9t823308gG,130-1
9t823309XG,130-2
9t82330AKG,130-1
9t82330BBG,130-2
9t82330C1G,130-1
9t82330CqG,130-2
9t82330DhG,130-1
9t82330EYG,130-2
9t82330FPG,130-1
9t82330GGG,130-2
9t82330H7G,130-1
9t82330HwG,130-2
9t82330IlL,130-1
9t82D106KK,10-2
9t82D106kK,10-4
9t82D107CK,10-1
9t82D107dK,10-3
9t82D1086K,10-2
9t82D108XK,10-4
9t82D108xK,10-1
9t82D109MK,10-5
9t82D109jK,10-3
9t82D10A8E,10-2
9t82D10AVE,10-4
9t82D10AsE,10-1
9t82D10BHE,10-5
9t82D10BfE,10-3
9t82D10C4E,10-2
9t82D10CRE,10-4
9t82D10CoE,10-1
9t82D10DDE,10-5
9t82D10DbE,10-3
9t82D10E1E,10-2
9t82D10EOE,10-4
9t82D10ElE,10-1
9t82D10FAE,10-5
9t82D10FYE,10-3
9t82D10FwE,10-2
9t82D10GLE,10-4
9t82D10GiE,10-1
9t82D10H7E,10-5
9t82D10HVE,10-3
9t82D10HsE,10-2
9t82D10IHE,10-4
9t82D10IdE,10-1
9t82D10J2E,10-5
9t82D10JPE,10-3
9t82D10JmE,10-2
9t82D10KAE,10-4
9t82D10KWE,10-1
9t82D10KpE,10-5
9t82D10LDE,10-3
9t82D10LZE,10-2
9t82D10LuE,10-4
9t82D10MTE,10-1
9t82F85u1,8-3
9t82F86N1,8-2
9t82F86n1,8-5
9t82F87E1,8-4
9t82F87e1,8-1
9t82F8881,8-3
9t82F88Z1,8-2
9t82F8921,8-5
9t82F89T1,8-4
9t82F89v1,8-1
9t82F8AQ1,8-3
9t82F8As1,8-2
9t82F8BN1,8-5
9t82F8Bq1,8-4
9t82F8CL1,8-1
9t82F8Cp1,8-3
9t82F8DK1,8-2
9t82F8Do1,8-5
9t82F8EK1,8-4
9t82F8En1,8-1
9t82F8FJ1,8-3
9t82F8Fm1,8-2
9t82F8GI1,8-5
9t82F8Gm1,8-4
9t82F8HH1,8-1
9t82F8Hl1,8-3
9t82F8IG1,8-2
9t82F8Ii1,8-5
9t82F8JE1,8-4
9t82F8Jg1,8-1
9t82F8KA1,8-3
9t82F8Ka1,8-2
9t82F8L31,8-5
9t82F8LV1,8-4
9t82F8Lw1,8-1
9t82F8MP1,8-3
9t82F8Mo1,8-2
9t82F8NG1,8-5
9t82F8Ng1,8-4
9t82F8O71,8-1
9t82F8OW1,8-3
9t82F8Ov1,8-2
9t82F8PN1,8-5
9t82F8Pn1,8-4
9t833307pL,130-1
9t833308qL,130-2
9t833309qL,130-1
9t83330ArL,130-2
9t83330BsL,130-1
9t83330CtL,130-2
9t83330DvL,130-1
9t83330EwL,130-2
9t83330G0L,130-1
9t83330H1L,130-2
9t83330I3L,130-1
9t83330J4L,130-2
9t83D107EK,10-3
9t83D107oK,10-1
9t83D108PK,10-2
9t83D1093K,10-3
9t83D109eK,10-1
9t83D10AIE,10-2
9t83D10AvE,10-3
9t83D10BaE,10-1
9t83D10CEE,10-2
9t83D10CrE,10-3
9t83D10DWE,10-1
9t83D10EBE,10-2
9t83D10EoE,10-3
9t83D10FTE,10-1
9t83D10G8E,10-2
9t83D10GlE,10-3
9t83D10HQE,10-1
9t83D10I5E,10-2
9t83D10IhE,10-3
9t83D10JLE,10-1
9t83D10JwE,10-2
9t83D10KZE,10-3
9t83D10LAE,10-1
9t83D10LjE,10-2
9t83D10MKE,10-3
9t83F86J1,8-4
9t83F86k1,8-1
9t83F87D1,8-3
9t83F87d1,8-5
9t83F8871,8-2
9t83F88Y1,8-4
9t83F8911,8-1
9t83F89S1,8-3
9t83F89u1,8-5
9t83F8AO1,8-2
9t83F8Aq1,8-4
9t83F8BM1,8-1
9t83F8Bp1,8-3
9t83F8CK1,8-5
9t83F8Cn1,8-2
9t83F8DJ1,8-4
9t83F8Dn1,8-1
9t83F8EJ1,8-3
9t83F8Em1,8-5
9t83F8FH1,8-2
9t83F8Fl1,8-4
9t83F8GH1,8-1
9t83F8Gl1,8-3
9t83F8HG1,8-5
9t83F8Hj1,8-2
9t83F8IF1,8-4
9t83F8Ih1,8-1
9t83F8JD1,8-3
9t83F8Jf1,8-5
9t83F8K91,8-2
9t83F8KZ1,8-4
9t83F8L21,8-1
9t83F8LU1,8-3
9t83F8Lw1,8-5
9t83F8MP1,8-2
9t83F8Mo1,8-4
9t83F8NF1,8-1
9t83F8Nf1,8-3
9t83F8O71,8-5
9t83F8OY1,8-2
9ye14425Xo,145-4
9ye144266o,145-1
9ye14426bo,145-2
9ye14427Ao,145-3
9ye14427ko,145-4
9ye14428Lo,145-1
9ye14428to,145-2
9ye14429Ro,145-3
9ye1442A0o,145-4
9ye1442AYo,145-1
9ye1442B7o,145-2
9ye1442Bdo,145-3
9ye1442CCo,145-4
9ye1442Cjo,145-1
9ye1442DIo,145-2
9ye1442Doo,145-3
9ye1442ENo,145-4
9ye1442Evo,145-1
9ye1442FVo,145-2
9ye1442G6o,38-6
9ye1442Gfo,145-4
9ye1442HGo,145-6
9ye1442Hpo,145-2
9ye1442IPo,38-6
9ye1442Iwo,145-4
9ye1FX45BM,4-2
9ye1FX45PM,4-6
9ye1FX45aM,4-3
9ye1FX45lM,4-4
9ye1FX45vM,4-1
9ye1FX466M,4-10
9ye1FX46EM,4-11
9ye1FX46LM,4-5
9ye1FX46RM,4-12
9ye1FX46Wj,4-8
9ye1FX46bj,4-14
9ye1FX46hj,4-2
9ye1FX46nj,4-7
9ye1FX46sj,4-9
9ye1FX470j,4-17
9ye1FX475j,4-6
9ye1FX47Aj,4-18
9ye1FX47Fj,4-3
9ye1FX47Kj,4-20
9ye1FX47Pj,4-4
9ye1FX47Uj,4-13
9ye1FX47aj,4-1
9ye1FX47fj,4-15
9ye1FX47kj,4-10
9ye1FX47pj,4-16
9ye1FX47vj,4-11
9ye1FX482j,4-5
9ye1FX488j,4-12
9ye1FX48Dj,4-19
9ye1FX48Ij,4-8
9ye1FX48Nj,4-14
9ye1FX48Sj,4-2
9ye1FX48Yj,4-7
9ye1FX48dj,4-9
9ye1FX48oj,4-6
9ye1FX491j,4-3
9ye1FX49Bj,4-4
9ye1FX49Lj,4-1
9ye1FX49Uj,4-10
9ye1FX49fM,4-11
9ye1FX49qM,4-12
9ye1FX4A2M,4-8
9ye1FX4ADM,4-2
9ye1FX4AOM,4-9
9ye1FX4AYM,4-6
9ye1FX4AiM,4-3
9ye1FX4ArM,4-4
9ye1FX4B3M,4-1
9ye1FX4BCM,4-10
9ye1FX4BMM,4-11
9ye1FX4BXM,4-12
9ye1FX4BhM,4-8
9ye1FX4BsM,4-2
9ye1FX4C5M,4-9
9ye1FX4CGM,4-6
9ye1FX4CQM,4-3
9ye1FX4CaM,4-4
9ye1FX4ClM,4-1
9ye1FX4CvM,4-10
9ye1FX4D7j,4-11
9ye1FX4DIj,4-12
9ye1FX4DSj,4-8
9ye1FX4Ddj,4-2
9ye1FX4Doj,4-9
9ye1FX4E29,4-6
9ye1FX4ED9,4-3
9ye1FX4EO9,4-4
9ye1FX4EZ9,4-1
9ye1FX4Ek9,4-10
9ye1FX4Ev9,4-11
9ye1FX4F89,4-12
9ye1FX4FJ9,4-8
9ye1FX4FP9,145-1
9ye1FX4FV9,4-26
9ye1FX4Fb9,4-2
9ye1FX4Fh9,4-9
9ye1FX4Fn9,4-24
9ye1FX4Ft9,4-6
9ye1FX4G19,4-21
9ye1FX4G79,4-3
9ye1FX4GC9,4-23
9ye1FX4GI9,4-4
9ye1FX4GO9,8-43
9ye1FX4GU9,4-1
9ye1FX4Ga9,4-22
9ye1FX4Gg9,4-10
9ye1FX4Gm9,4-25
9ye1FX4Gs9,4-11
9ye1FX4H09,4-27
9ye1FX4H59,4-12
9ye1FX4HB9,4-28
9ye1FX4HH9,4-8
9ye1FX4HN9,145-1
9ye1FX4HT9,4-26
9ye1FX4HZ9,4-2
9ye1FX4He9,4-9
9ye1FX4Hk9,4-24
9ye1FX4Hp9,4-6
9ye1FX4Hv9,4-21
9ye1FX4I39,4-3
9ye1FX4I99,4-23
9ye1FX4IE9,4-4
9ye1FX4IQ9,4-1
9ye1FX4Ib9,4-10
9ye1FX4In9,4-25
9ye1FX4J29,4-12
9ye1FX4JFj,4-8
9ye1FX4JUj,4-9
9ye1FX4Jpj,4-3
9ye1FX4KDM,4-1
9ye1FX4KYM,4-10
9ye1FX4KtM,4-12
9ye1FX4LFM,4-9
9ye1FX4LaM,4-3
9ye1FX4LwM,4-1
9ye1FX4MMM,4-10
9ye1FX4MlM,4-12
9ye1FX4NAM,4-3
9ye1FX4NYM,4-1
9ye1FX4NuM,4-10
9ye1FX4OJM,4-12
9ye1FX4OgM,4-3
9ye1FX4P4M,4-1
9ye2FX45aM,4-1
9ye2FX45xM,4-2
9ye2FX46MM,4-3
9ye2FX46jM,4-4
9ye2FX477j,4-1
9ye2FX47Vj,4-2
9ye2FX47sj,4-3
9ye2FX48Gj,4-4
9ye2FX48fj,4-1
9ye2FX494j,4-2
9ye2FX49Nj,4-5
9ye2FX49dj,4-3
9ye2FX49tj,4-4
9ye2FX4ACj,4-6
9ye2FX4ATj,4-1
9ye2FX4Akj,4-2
9ye2FX4B3j,4-5
9ye2FX4BKj,4-3
9ye2FX4Baj,4-4
9ye2FX4Brj,4-6
9ye2FX4CAj,4-1
9ye2FX4CRj,4-2
9ye2FX4Cij,4-5
9ye2FX4D1j,4-3
9ye2FX4DIj,4-4
9ye2FX4DZj,4-6
9ye2FX4Dqj,4-1
9ye2FX4E9j,4-2
9ye2FX4EQj,4-5
9ye2FX4Ehj,4-3
9ye2FX4F0j,4-4
9ye2FX4FHj,4-6
9ye2FX4FYj,4-1
9ye2FX4Fpj,4-2
9ye2FX4G8j,4-5
9ye2FX4GPj,4-3
9ye2FX4Ggj,4-4
9ye2FX4Gxj,4-6
9ye2FX4HGj,4-1
9ye2FX4HXj,4-2
9ye2FX4Hoj,4-5
9ye2FX4I7j,4-3
9ye2FX4IOj,4-4
9ye2FX4Iej,4-6
9ye2FX4Ivj,4-1
9ye2FX4JEj,4-2
9ye2FX4JVj,4-5
9ye2FX4Jtj,4-3
9ye2FX4KKM,4-6
9ye2FX4KjM,4-1
9ye2FX4L9M,4-5
9ye2FX4LXM,4-3
9ye2FX4LvM,4-6
9ye2FX4MLM,4-1
9ye2FX4MkM,4-5
9ye2FX4N9M,4-3
9ye2FX4NXM,4-6
9ye2FX4NuM,4-1
9ye2FX4OJM,4-5
9ye2FX4OgM,4-3
9ye2FX4P5M,4-6
9ye3FX45fM,4-1
9ye3FX46CM,4-2
9ye3FX46hM,4-3
9ye3FX47Dj,4-1
9ye3FX47jj,4-2
9ye3FX48Fj,4-3
9ye3FX48ej,4-4
9ye3FX494j,4-1
9ye3FX49Tj,4-2
9ye3FX49rj,4-3
9ye3FX4AIj,4-4
9ye3FX4Aij,4-1
9ye3FX4B9j,4-2
9ye3FX4BYj,4-3
9ye3FX4Bxj,4-4
9ye3FX4CPj,4-1
9ye3FX4Coj,4-2
9ye3FX4DGj,4-3
9ye3FX4Dfj,4-4
9ye3FX4E7j,4-1
9ye3FX4EWj,4-2
9ye3FX4Ewj,4-3
9ye3FX4FNj,4-4
9ye3FX4Fnj,4-1
9ye3FX4GEj,4-2
9ye3FX4Gej,4-3
9ye3FX4H5j,4-4
9ye3FX4HVj,4-1
9ye3FX4Hwj,4-2
9ye3FX4IMj,4-3
9ye3FX4Ilj,4-4
9ye3FX4JCj,4-1
9ye3FX4Jaj,4-2
9ye3FX4K2M,4-3
9ye3FX4KZM,4-4
9ye3FX4L8M,4-1
9ye3FX4LeM,4-3
9ye3FX4MDM,4-4
9ye3FX4MiM,4-1
9ye3FX4NFM,4-3
9ye3FX4NoM,4-4
9~714425aJ,145-2
9~7144268J,145-3
9~714426gJ,145-4
9~714427GJ,145-1
9~714427nJ,145-2
9~714428NJ,145-3
9~714428aJ,145-5
9~714428xJ,145-4
9~714429XJ,145-1
9~71442A6J,145-2
9~71442AcJ,145-3
9~71442BBJ,145-4
9~71442BiJ,145-1
9~71442CHJ,145-2
9~71442CnJ,145-3
9~71442DMJ,145-4
9~71442DtJ,145-1
9~71442ESJ,145-2
9~71442F1J,145-3
9~71442FZJ,145-4
9~71442GBJ,145-6
9~71442GkJ,145-2
9~71442HLJ,38-6
9~71442HuJ,145-4
9~71442IUJ,145-6
9~71442J4J,145-2
9~714445wq,144-1
9~714446Vc,144-2
9~7144476c,144-1
9~714447gP,144-2
9~714448IP,144-1
9~714448sP,144-2
9~714449Tc,144-1
9~71444A4c,144-2
9~71444Adc,144-1
9~71444BEc,144-2
9~71444Bnc,144-1
9~71444COc,144-2
9~71444Cxc,144-1
9~71444DYc,144-2
9~71444E9c,144-1
9~71444Eic,144-2
9~71444FJc,144-1
9~71444FuP,144-2
9~71444GWP,144-1
9~71444H8P,144-2
9~71444HiP,144-1
9~71444ILP,144-2
9~71444Itc,144-1
9~714465xA,146-2
9~714466UA,146-1
9~7144673A,146-2
9~714467an,146-1
9~714468Bn,146-2
9~714468kn,146-1
9~714469Ln,146-2
9~714469tn,146-1
9~71446ATn,146-2
9~71446B2n,146-1
9~71446Ban,146-2
9~71446C9n,146-1
9~71446Chn,146-2
9~71446DHn,146-1
9~71446Dpn,146-2
9~71446EQn,146-1
9~71446F1n,146-2
9~71446FcS,146-1
9~71446GFS,145-3
9~71446GqS,146-1
9~71446HTS,146-3
9~71446I4n,74-11
9~71446IcA,146-3
9~71446JAA,74-11
9~71486DO,3-12
9~71486mO,48-1
9~7148760,17-5
9~71487O0,3-12
9~71487g0,17-10
9~71487x0,48-1
9~71488H0,38-4
9~71488Z0,3-12
9~71488rO,9-16
9~71489Am,48-1
9~71489hm,3-12
9~7148AHm,48-1
9~7148Aom,3-12
9~7148BNm,48-1
9~7148Bvm,3-12
9~7148CUm,48-1
9~7148D4m,3-12
9~7148DcO,48-1
9~7148EE0,3-12
9~7148Ena,48-1
9~7148FRC,3-15
9~7148G4m,48-1
9~7148Ggm,3-15
9~7148HKC,48-1
9~7148Hva,48-2
9~7148IWO,48-3
9~7148J6m,48-2
9~7148Jem,48-3
9~7148KDm,48-2
9~7148Klm,48-3
9~7148LKm,48-2
9~7148Lsm,48-3
9~7148MRm,48-2
9~72485pm,48-1
9~72486Pm,48-2
9~72486wm,48-1
9~72487Wm,48-2
9~724885m,48-1
9~72488dm,48-2
9~72489Cm,48-1
9~72489km,48-2
9~7248AJm,48-1
9~7248Arm,48-2
9~7248BRm,48-1
9~7248C2m,48-2
9~7248Cam,48-1
9~7248DBm,48-2
9~7248Djm,48-1
9~7248EKm,48-2
9~7248Esm,48-1
9~7248FTm,48-2
9~7248G3m,48-1
9~7248Gcm,48-2
9~7248HCm,48-1
9~7248Hlm,48-2
9~7248ILm,48-1
9~7248Itm,48-2
9~7248JTm,48-1
9~7248K2m,48-2
9~7248Kam,48-1
9~7248L9m,48-2
9~7248Lhm,48-1
9~73487Um,48-1
9~73488bm,48-1
9~73489im,48-1
9~7348Apm,48-1
9~7348Bxm,48-1
9~7348D8m,48-1
9~7348EHm,48-1
9~7348FQm,48-1
9~7348GZm,48-1
9~7348Him,48-1
9~7348Iqm,48-1
9~7348Jxm,48-1
9~7348L6m,48-1
9~8144468m,144-1
9~814446g4,144-2
9~814447I4,144-1
9~814447s4,144-2
9~814448U4,144-1
9~8144495m,144-2
9~814449em,144-1
9~81444AFm,144-2
9~81444Aom,144-1
9~81444BPm,144-2
9~81444C0m,144-1
9~81444CZm,144-2
9~81444DAm,144-1
9~81444Djm,144-2
9~81444EKm,144-1
9~81444Eu4,144-2
9~81444FVJ,144-1
9~81444G7J,144-2
9~81444GhJ,144-1
9~81444HKJ,144-2
9~81444HuJ,144-1
9~81444IX4,144-2
9~8144669V,146-2
9~814466et,146-1
9~814467Dt,146-2
9~814467mI,146-1
9~814468NI,146-2
9~814468wI,146-1
9~814469Wt,146-2
9~81446A6t,146-1
9~81446Aet,146-2
9~81446BDt,146-1
9~81446Blt,146-2
9~81446CKt,146-1
9~81446Cst,146-2
9~81446DSt,146-1
9~81446E2t,146-2
9~81446Ebt,146-1
9~81446FDt,145-3
9~81446FoI,146-1
9~81446GRI,146-3
9~81446H4I,74-11
9~81446Het,146-3
9~81446IEt,74-11
9~81446ImV,146-3
9~81485oR,48-1
9~81486OR,3-12
9~81486wr,48-1
9~81487Yr,3-12
9~81488Ar,48-1
9~81488jr,3-12
9~81489KR,48-1
9~81489sR,3-12
9~8148ARR,48-1
9~8148B1R,3-12
9~8148BYR,48-1
9~8148C8R,3-12
9~8148CfR,48-1
9~8148DFR,3-12
9~8148DoR,48-1
9~8148EPR,3-12
9~8148F1R,48-1
9~8148FdJ,3-15
9~8148FvJ,3-39
9~8148GHJ,48-1
9~8148GaJ,17-2
9~8148GtJ,48-2
9~8148HEJ,9-26
9~8148HXJ,48-3
9~8148HpJ,9-23
9~8148I8r,48-2
9~8148IQr,17-13
9~8148IhR,48-3
9~8148JHR,48-2
9~8148JpR,48-3
9~8148KOR,48-2
9~8148KwR,48-3
9~8148LVR,48-2
9~8148M5R,48-3
9~8148McR,48-2
9~824862R,48-1
9~82486aR,48-2
9~824879R,48-1
9~82487hR,48-2
9~82488GR,48-1
9~82488oR,48-2
9~82489NR,48-1
9~82489vR,48-2
9~8248AUR,48-1
9~8248B4r,48-2
9~8248Bcr,48-1
9~8248CDr,48-2
9~8248Clr,48-1
9~8248DMr,48-2
9~8248Dur,48-1
9~8248EVr,48-2
9~8248F5r,48-1
9~8248Fer,48-2
9~8248GEr,48-1
9~8248Gnr,48-2
9~8248HNr,48-1
9~8248Hwr,48-2
9~8248IWr,48-1
9~8248J6R,48-2
9~8248JeR,48-1
9~8248KDR,48-2
9~8248KlR,48-1
9~8248LKR,48-2
9~8248LsR,48-1
9~83486YR,48-1
9~83487fR,48-1
9~83488mR,48-1
9~83489tR,48-1
9~8348B2R,48-1
9~8348CAr,48-1
9~8348DJr,48-1
9~8348ESr,48-1
9~8348Fbr,48-1
9~8348Gkr,48-1
9~8348Htr,48-1
9~8348J3R,48-1
9~8348KAR,48-1
9~8348LHR,48-1
A1l14405nF,140-1
A1l14406WF,140-1
A1l14406sF,140-2
A1l14407GF,140-1
A1l14407cF,140-2
A1l144081F,140-1
A1l14408NF,140-2
A1l14408kF,140-1
A1l14409UF,140-1
A1l1440AEF,140-1
A1l1440AxF,140-1
A1l1440BiF,140-1
A1l1440CUF,140-1
A1l1440DGF,140-1
A1l1440E2F,140-1
A1l1440EmF,140-1
A1l1440FaF,140-1
A1l1440G0F,31-6
A1l1440GOF,140-1
A1l1440GmF,31-6
A1l1440HCF,140-1
A1l1440HaF,31-6
A1l1440HwF,140-1
A1l1440ILF,31-6
A1l1440IiF,140-1
A1l14446K0,144-1
A1l14446s0,144-2
A1l14447U0,144-1
A1l1444860,144-2
A1l14448g0,144-1
A1l14449H0,144-2
A1l14449q0,144-1
A1l1444AR0,144-2
A1l1444B20,144-1
A1l1444Bb0,144-2
A1l1444CC0,144-1
A1l1444Cl0,144-2
A1l1444DM0,144-1
A1l1444Dv0,144-2
A1l1444EW0,144-1
A1l1444F80,144-2
A1l1444Fi0,144-1
A1l1444GK0,144-2
A1l1444Gu0,144-1
A1l1444HX0,144-2
A1l1444I90,144-1
A1l1444Ij0,144-2
A1l1D145CU,14-1
A1l1D145aU,14-2
A1l1D145xU,14-4
A1l1D146KU,14-3
A1l1D146YF,14-7
A1l1D146lF,14-5
A1l1D1470F,14-8
A1l1D147DF,14-1
A1l1D147QF,14-6
A1l1D147dF,14-2
A1l1D147qF,14-9
A1l1D1485F,14-4
A1l1D148IF,14-10
A1l1D148VF,14-3
A1l1D148uF,14-5
A1l1D149LU,14-1
A1l1D149kU,14-2
A1l1D14ABU,14-4
A1l1D14AaU,14-3
A1l1D14B1U,14-5
A1l1D14BQU,14-1
A1l1D14BpU,14-2
A1l1D14CGU,14-4
A1l1D14CfU,14-3
A1l1D14D7F,14-5
A1l1D14DWF,14-1
A1l1D14DvF,14-2
A1l1D14EMF,14-4
A1l1D14EmF,14-3
A1l1D14FFF,14-5
A1l1D14FgF,14-1
A1l1D14GAF,14-2
A1l1D14GcF,14-4
A1l1D14GrF,14-11
A1l1D14H7F,14-3
A1l1D14HLF,14-12
A1l1D14HZF,14-5
A1l1D14HnF,14-13
A1l1D14I4F,14-1
A1l1D14IUF,14-2
A1l1D14ItU,14-4
A1l1D14JKU,14-3
A1l1D14JjU,14-5
A1l1D14KAU,14-1
A1l1D14KYU,14-2
A1l1D14KtU,14-4
A1l1D14LHU,14-3
A1l1D14M2U,14-1
A1l2D145kj,14-1
A1l2D146Ej,14-3
A1l2D146ij,14-2
A1l2D147Dj,14-4
A1l2D147hj,14-1
A1l2D148DU,14-3
A1l2D148bU,14-5
A1l2D1491U,14-2
A1l2D149QU,14-4
A1l2D149oU,14-1
A1l2D14ADU,14-3
A1l2D14AcU,14-5
A1l2D14B3U,14-2
A1l2D14BTU,14-4
A1l2D14BsU,14-1
A1l2D14CJU,14-3
A1l2D14CiU,14-5
A1l2D14D9U,14-2
A1l2D14DZU,14-4
A1l2D14E0U,14-1
A1l2D14EPU,14-3
A1l2D14EoU,14-5
A1l2D14FFU,14-2
A1l2D14FfU,14-4
A1l2D14G6U,14-1
A1l2D14GVU,14-3
A1l2D14GuU,14-5
A1l2D14HLU,14-2
A1l2D14HlU,14-4
A1l2D14ICU,14-1
A1l2D14IbU,14-3
A1l2D14J2U,14-5
A1l2D14JQU,14-2
A1l2D14JpU,14-4
A1l2D14KGU,14-1
A1l2D14Kej,14-3
A1l2D14L3j,14-5
A1l2D14Lpj,14-4
A1l3D146xj,14-2
A1l3D147cj,14-1
A1l3D148IU,14-3
A1l3D148wU,14-2
A1l3D149cU,14-1
A1l3D14AIU,14-3
A1l3D14B0U,14-2
A1l3D14BgU,14-1
A1l3D14COU,14-3
A1l3D14D6U,14-2
A1l3D14DmU,14-1
A1l3D14EUU,14-3
A1l3D14FCU,14-2
A1l3D14FsU,14-1
A1l3D14GaU,14-3
A1l3D14HIU,14-2
A1l3D14I0U,14-1
A1l3D14IgU,14-3
A1l3D14JNU,14-2
A1l3D14K4U,14-1
A1l3D14Kij,14-3
A1l3D14LOj,14-2
CFm15515Ya,151-2
CFm155163a,151-1
CFm15516Xa,151-3
CFm155173r,151-2
CFm15517Yr,151-1
CFm155185r,151-3
CFm15518ar,151-2
CFm155197r,151-1
CFm15519br,151-3
CFm1551A6r,151-2
CFm1551Aar,151-1
CFm1551B6r,151-3
CFm1551BZr,151-2
CFm1551C5r,151-1
CFm1551CZr,151-3
CFm1551D4r,151-2
CFm1551DYr,151-1
CFm1551E4r,151-3
CFm1551EXr,151-2
CFm1551F4r,151-1
CFm1551FZr,151-3
CFm1551G6r,151-2
CFm1551Gbr,151-1
CFm1551H8r,151-3
CFm1551Hdr,151-2
CFm1551I9r,151-1
CFm1551Icr,151-3
CFm1886Dtg,187-3
CFm1886Eag,104-1
CFm1886FIg,187-3
CFm1886G0g,104-1
CFm1886Ggg,187-3
CFm1886HOg,104-1
CFm1886I6g,187-3
CFm18875Vg,187-2
CFm18876Bg,187-1
CFm18876pg,187-2
CFm18877Xw,187-1
CFm18878Fw,187-2
CFm18878vw,187-1
CFm1FX45Rf,4-2
CFm1FX45ff,4-6
CFm1FX45rf,4-3
CFm1FX464f,4-4
CFm1FX46Ef,4-1
CFm1FX46Nf,4-10
CFm1FX46Vf,4-11
CFm1FX46cf,4-5
CFm1FX46if,4-12
CFm1FX46of,4-8
CFm1FX46tf,4-14
CFm1FX471f,4-2
CFm1FX477f,4-7
CFm1FX47Cf,4-9
CFm1FX47If,4-17
CFm1FX47Ns,4-6
CFm1FX47Ss,4-18
CFm1FX47Xs,4-3
CFm1FX47cs,4-20
CFm1FX47hs,4-4
CFm1FX47ms,4-13
CFm1FX47ss,4-1
CFm1FX47xs,4-15
CFm1FX484s,4-10
CFm1FX489s,4-16
CFm1FX48Fs,4-11
CFm1FX48Ks,4-5
CFm1FX48Qs,4-12
CFm1FX48Vs,4-19
CFm1FX48as,4-8
CFm1FX48fs,4-14
CFm1FX48ks,4-2
CFm1FX48qs,4-7
CFm1FX48vs,4-9
CFm1FX498s,4-6
CFm1FX49Js,4-3
CFm1FX49Ts,4-4
CFm1FX49ds,4-1
CFm1FX49ms,4-10
CFm1FX49ws,4-11
CFm1FX4A9s,4-12
CFm1FX4AJs,4-8
CFm1FX4AUs,4-2
CFm1FX4Afs,4-9
CFm1FX4Aps,4-6
CFm1FX4B1s,4-3
CFm1FX4BAs,4-4
CFm1FX4BKs,4-1
CFm1FX4BTs,4-10
CFm1FX4Bds,4-11
CFm1FX4Bos,4-12
CFm1FX4C0s,4-8
CFm1FX4CBs,4-2
CFm1FX4CMs,4-9
CFm1FX4CXs,4-6
CFm1FX4Chs,4-3
CFm1FX4Cs7,4-4
CFm1FX4D57,4-1
CFm1FX4DF7,4-10
CFm1FX4DQ7,4-11
CFm1FX4Db7,4-12
CFm1FX4Dm7,4-8
CFm1FX4Dx7,4-2
CFm1FX4EA7,4-9
CFm1FX4EM7,4-6
CFm1FX4EX7,4-3
CFm1FX4Ei7,4-4
CFm1FX4Et7,4-1
CFm1FX4F67,4-10
CFm1FX4FI7,4-11
CFm1FX4FT7,4-12
CFm1FX4Fe7,4-8
CFm1FX4Fk7,145-1
CFm1FX4Fq7,4-26
CFm1FX4Fw7,4-2
CFm1FX4G47,4-9
CFm1FX4GA7,4-24
CFm1FX4GG7,4-6
CFm1FX4GM7,4-21
CFm1FX4GS7,4-3
CFm1FX4GY7,4-23
CFm1FX4Ge7,4-4
CFm1FX4Gk7,8-43
CFm1FX4Gq7,4-1
CFm1FX4Gw7,4-22
CFm1FX4H47,4-10
CFm1FX4HA7,4-25
CFm1FX4HG7,4-11
CFm1FX4HM7,4-27
CFm1FX4HR7,4-12
CFm1FX4HX7,4-28
CFm1FX4Hd7,4-8
CFm1FX4Hj7,145-1
CFm1FX4Hp7,4-26
CFm1FX4Hv7,4-2
CFm1FX4I27,4-9
CFm1FX4I87,4-24
CFm1FX4ID7,4-6
CFm1FX4IJ7,4-21
CFm1FX4IOs,4-3
CFm1FX4IUs,4-23
CFm1FX4IZs,4-4
CFm1FX4Iks,4-1
CFm1FX4Ivs,4-10
CFm1FX4J9s,4-25
CFm1FX4JMs,4-12
CFm1FX4JZs,4-8
CFm1FX4Jos,4-9
CFm1FX4KBs,4-3
CFm1FX4KWs,4-1
CFm1FX4Kqs,4-10
CFm1FX4LDf,4-12
CFm1FX4LXf,4-9
CFm1FX4Lrf,4-3
CFm1FX4MFf,4-1
CFm1FX4Mdf,4-10
CFm1FX4N4f,4-12
CFm1FX4NRf,4-3
CFm1FX4Nof,4-1
CFm1FX4OCf,4-10
CFm1FX4OZf,4-12
CFm1FX4Owf,4-3
CFm1FX4PKf,4-1
CFm2FX45qf,4-1
CFm2FX46Ff,4-2
CFm2FX46cf,4-3
CFm2FX471f,4-4
CFm2FX47Of,4-1
CFm2FX47mf,4-2
CFm2FX48Bf,4-3
CFm2FX48Yf,4-4
CFm2FX48xf,4-1
CFm2FX49Ms,4-2
CFm2FX49fs,4-5
CFm2FX49vs,4-3
CFm2FX4ADs,4-4
CFm2FX4AUs,4-6
CFm2FX4Als,4-1
CFm2FX4B4s,4-2
CFm2FX4BLs,4-5
CFm2FX4Bcs,4-3
CFm2FX4Bss,4-4
CFm2FX4CBs,4-6
CFm2FX4CSs,4-1
CFm2FX4Cjs,4-2
CFm2FX4D2s,4-5
CFm2FX4DJs,4-3
CFm2FX4Das,4-4
CFm2FX4Drs,4-6
CFm2FX4EAs,4-1
CFm2FX4ERs,4-2
CFm2FX4Eis,4-5
CFm2FX4F1s,4-3
CFm2FX4FIs,4-4
CFm2FX4FZs,4-6
CFm2FX4Fqs,4-1
CFm2FX4G9s,4-2
CFm2FX4GQs,4-5
CFm2FX4Ghs,4-3
CFm2FX4H0s,4-4
CFm2FX4HHs,4-6
CFm2FX4HYs,4-1
CFm2FX4Hps,4-2
CFm2FX4I8s,4-5
CFm2FX4IPs,4-3
CFm2FX4Igs,4-4
CFm2FX4Iws,4-6
CFm2FX4JFs,4-1
CFm2FX4JWs,4-2
CFm2FX4Jns,4-5
CFm2FX4KDs,4-3
CFm2FX4Kbs,4-6
CFm2FX4L2f,4-1
CFm2FX4LQf,4-5
CFm2FX4Lof,4-3
CFm2FX4MEf,4-6
CFm2FX4Mcf,4-1
CFm2FX4N3f,4-5
CFm2FX4NQf,4-3
CFm2FX4Nnf,4-6
CFm2FX4OCf,4-1
CFm2FX4OZf,4-5
CFm2FX4Owf,4-3
CFm2FX4PLf,4-6
CFm3FX45vf,4-1
CFm3FX46Sf,4-2
CFm3FX46xf,4-3
CFm3FX47Uf,4-1
CFm3FX482f,4-2
CFm3FX48Xf,4-3
CFm3FX48wf,4-4
CFm3FX49Ms,4-1
CFm3FX49ls,4-2
CFm3FX4ABs,4-3
CFm3FX4Aas,4-4
CFm3FX4B2s,4-1
CFm3FX4BRs,4-2
CFm3FX4Bqs,4-3
CFm3FX4CHs,4-4
CFm3FX4Chs,4-1
CFm3FX4D8s,4-2
CFm3FX4DYs,4-3
CFm3FX4Dxs,4-4
CFm3FX4EPs,4-1
CFm3FX4Eos,4-2
CFm3FX4FGs,4-3
CFm3FX4Ffs,4-4
CFm3FX4G7s,4-1
CFm3FX4GWs,4-2
CFm3FX4Gws,4-3
CFm3FX4HNs,4-4
CFm3FX4Hns,4-1
CFm3FX4IGs,4-2
CFm3FX4Ies,4-3
CFm3FX4J5s,4-4
CFm3FX4JUs,4-1
CFm3FX4Jss,4-2
CFm3FX4KJs,4-3
CFm3FX4Kqs,4-4
CFm3FX4LPf,4-1
CFm3FX4Lvf,4-3
CFm3FX4MUf,4-4
CFm3FX4N1f,4-1
CFm3FX4NWf,4-3
CFm3FX4O6f,4-4
CFn15515dm,151-1
CFn155167m,151-3
CFn15516Zm,151-2
CFn155175m,151-1
CFn15517am,151-3
CFn155187m,151-2
CFn15518cm,151-1
CFn155199m,151-3
CFn15519em,151-2
CFn1551AAm,151-1
CFn1551Aem,151-3
CFn1551B9m,151-2
CFn1551Bdm,151-1
CFn1551C9m,151-3
CFn1551Ccm,151-2
CFn1551D8m,151-1
CFn1551Dcm,151-3
CFn1551E7m,151-2
CFn1551Ebm,151-1
CFn1551F7m,151-3
CFn1551Fbm,151-2
CFn1551G8m,151-1
CFn1551Gdm,151-3
CFn1551HAm,151-2
CFn1551Hfm,151-1
CFn1551IBm,151-3
CFn1551Ifm,151-2
CFn1551JCm,151-1
CFn18865xN,187-1
CFn18866dN,187-2
CFn18867LD,187-1
CFn188682D,187-2
CFn18868jD,187-1
CFn18869QN,187-2
CFn1887EON,104-1
CFn1887F6N,187-3
CFn1887FmD,104-1
CFn1887GUD,187-3
CFn1887HCD,104-1
CFn1887HsD,187-3
CFn1887IYD,104-1
CFn1FX45BJ,4-4
CFn1FX45QJ,4-1
CFn1FX45eJ,8-6
CFn1FX45s8,4-5
CFn1FX4668,4-8
CFn1FX46H8,4-2
CFn1FX46R8,4-9
CFn1FX46b8,4-6
CFn1FX46l8,4-3
CFn1FX46u8,4-4
CFn1FX4728,4-13
CFn1FX4788,4-1
CFn1FX47D8,4-15
CFn1FX47I8,4-10
CFn1FX47N8,4-16
CFn1FX47S8,4-11
CFn1FX47X8,4-5
CFn1FX47cv,4-12
CFn1FX47hv,4-19
CFn1FX47mv,4-8
CFn1FX47rv,4-14
CFn1FX47wv,4-2
CFn1FX484v,4-7
CFn1FX489v,4-9
CFn1FX48Ev,4-17
CFn1FX48Kv,4-6
CFn1FX48Qv,4-18
CFn1FX48Wv,4-3
CFn1FX48gv,4-4
CFn1FX48qv,4-1
CFn1FX491v,4-10
CFn1FX49Cv,4-11
CFn1FX49Nv,4-12
CFn1FX49Yv,4-8
CFn1FX49jv,4-2
CFn1FX49uv,4-9
CFn1FX4A6v,4-6
CFn1FX4AGv,4-3
CFn1FX4APv,4-4
CFn1FX4AZv,4-1
CFn1FX4Aiv,4-10
CFn1FX4Asv,4-11
CFn1FX4B5v,4-12
CFn1FX4BFv,4-8
CFn1FX4BQv,4-2
CFn1FX4Bbv,4-9
CFn1FX4Blv,4-6
CFn1FX4Bvv,4-3
CFn1FX4C7v,4-4
CFn1FX4CIv,4-1
CFn1FX4CSv,4-10
CFn1FX4Ccv,4-11
CFn1FX4Cnv,4-12
CFn1FX4Cxv,4-8
CFn1FX4DAv,4-2
CFn1FX4DLv,4-9
CFn1FX4DWv,4-6
CFn1FX4Dhv,4-3
CFn1FX4Dsv,4-4
CFn1FX4E5v,4-1
CFn1FX4EFv,4-10
CFn1FX4EQv,4-11
CFn1FX4Ebv,4-12
CFn1FX4Emv,4-8
CFn1FX4F0k,4-2
CFn1FX4FCk,4-9
CFn1FX4FIk,4-24
CFn1FX4FOk,4-6
CFn1FX4FUk,4-21
CFn1FX4FZk,4-3
CFn1FX4Ffk,4-23
CFn1FX4Flk,4-4
CFn1FX4Frk,8-43
CFn1FX4Fxk,4-1
CFn1FX4G5k,4-22
CFn1FX4GBk,4-10
CFn1FX4GHk,4-25
CFn1FX4GNk,4-11
CFn1FX4GTk,4-27
CFn1FX4GYk,4-12
CFn1FX4Gek,4-28
CFn1FX4Gkk,4-8
CFn1FX4Gqk,145-1
CFn1FX4Gwk,4-26
CFn1FX4H4k,4-2
CFn1FX4H9k,4-9
CFn1FX4HFk,4-24
CFn1FX4HKk,4-6
CFn1FX4HQk,4-21
CFn1FX4HWk,4-3
CFn1FX4Hck,4-23
CFn1FX4Hhv,4-4
CFn1FX4Hnv,8-43
CFn1FX4Htv,4-1
CFn1FX4I1v,4-22
CFn1FX4I7v,4-10
CFn1FX4IDv,4-25
CFn1FX4IJv,4-11
CFn1FX4IUv,4-12
CFn1FX4Ig8,4-8
CFn1FX4Iq8,4-26
CFn1FX4J38,4-9
CFn1FX4JE8,4-6
CFn1FX4JPJ,4-3
CFn1FX4JkJ,4-1
CFn1FX4K7J,4-10
CFn1FX4KSJ,4-12
CFn1FX4KnJ,4-9
CFn1FX4LAJ,4-3
CFn1FX4LXJ,4-1
CFn1FX4LvJ,4-10
CFn1FX4MLJ,4-12
CFn1FX4MjJ,4-3
CFn1FX4N8J,4-1
CFn1FX4NVJ,4-10
CFn1FX4NsJ,4-12
CFn1FX4OHJ,4-3
CFn1FX4OdJ,4-1
CFn1FX4P1J,4-10
CFn1FX4PNJ,4-12
CFn2FX45YJ,4-2
CFn2FX45vJ,4-3
CFn2FX46KJ,4-4
CFn2FX46hJ,4-1
CFn2FX476J,4-2
CFn2FX47TJ,4-3
CFn2FX47qJ,4-4
CFn2FX48GJ,4-1
CFn2FX48eJ,4-2
CFn2FX494J,4-3
CFn2FX49T8,4-4
CFn2FX49l8,4-6
CFn2FX4A38,4-1
CFn2FX4AK8,4-2
CFn2FX4Ab8,4-5
CFn2FX4As8,4-3
CFn2FX4BA8,4-4
CFn2FX4BR8,4-6
CFn2FX4Bi8,4-1
CFn2FX4C18,4-2
CFn2FX4CI8,4-5
CFn2FX4CZ8,4-3
CFn2FX4Cq8,4-4
CFn2FX4D98,4-6
CFn2FX4DQ8,4-1
CFn2FX4Dh8,4-2
CFn2FX4E08,4-5
CFn2FX4EH8,4-3
CFn2FX4EY8,4-4
CFn2FX4Ep8,4-6
CFn2FX4F88,4-1
CFn2FX4FP8,4-2
CFn2FX4Fg8,4-5
CFn2FX4Fx8,4-3
CFn2FX4GG8,4-4
CFn2FX4GX8,4-6
CFn2FX4Go8,4-1
CFn2FX4H78,4-2
CFn2FX4HO8,4-5
CFn2FX4Hf8,4-3
CFn2FX4Hw8,4-4
CFn2FX4IEJ,4-6
CFn2FX4IVJ,4-1
CFn2FX4ImJ,4-2
CFn2FX4J5J,4-5
CFn2FX4JMJ,4-3
CFn2FX4JdJ,4-4
CFn2FX4JuJ,4-6
CFn2FX4KKJ,4-1
CFn2FX4KiJ,4-5
CFn2FX4L8J,4-3
CFn2FX4LWJ,4-6
CFn2FX4LuJ,4-1
CFn2FX4MKJ,4-5
CFn2FX4MhJ,4-3
CFn2FX4N7J,4-6
CFn2FX4NUJ,4-1
CFn2FX4NrJ,4-5
CFn2FX4OGJ,4-3
CFn2FX4OdJ,4-6
CFn2FX4P1J,4-1
CFn2FX4POJ,4-5
CFn3FX46IJ,4-3
CFn3FX46mJ,4-1
CFn3FX47JJ,4-2
CFn3FX47oJ,4-3
CFn3FX48MJ,4-1
CFn3FX48sJ,4-2
CFn3FX49R8,4-3
CFn3FX49r8,4-4
CFn3FX4AI8,4-1
CFn3FX4Ah8,4-2
CFn3FX4B88,4-3
CFn3FX4BX8,4-4
CFn3FX4Bx8,4-1
CFn3FX4CO8,4-2
CFn3FX4Co8,4-3
CFn3FX4DF8,4-4
CFn3FX4Df8,4-1
CFn3FX4E68,4-2
CFn3FX4EW8,4-3
CFn3FX4Ev8,4-4
CFn3FX4FN8,4-1
CFn3FX4Fm8,4-2
CFn3FX4GE8,4-3
CFn3FX4Gd8,4-4
CFn3FX4H58,4-1
CFn3FX4HU8,4-2
CFn3FX4Hu8,4-3
CFn3FX4IKJ,4-4
CFn3FX4IkJ,4-1
CFn3FX4JCJ,4-2
CFn3FX4JbJ,4-3
CFn3FX4KAJ,4-4
CFn3FX4KhJ,4-1
CFn3FX4LFJ,4-3
CFn3FX4LmJ,4-4
CFn3FX4MKJ,4-1
CFn3FX4MoJ,4-3
CFn3FX4NLJ,4-4
CFn3FX4NpJ,4-1
CFn3FX4OMJ,4-3
CF~18885rc,188-1
CF~18886Jc,188-1
CF~18886kA,188-1
CF~18887FA,188-1
CF~18887kA,188-1
CF~18888HA,188-1
CF~18888lA,188-1
CF~1888Ekg,110-1
CF~1888FGg,110-1
CF~1888Flg,110-1
CF~1888GKg,110-1
CF~1888Grg,110-1
CF~1888HPg,110-1
CF~1888HuA,110-1
CF~1888IOA,110-1
CF~1F75g0,3-5
CF~1F75v0,7-2
CF~1F76D0,7-4
CF~1F76S0,7-1
CF~1F76h0,7-3
CF~1F76u0,7-7
CF~1F7780,7-5
CF~1F77J0,7-6
CF~1F77T0,7-9
CF~1F77d0,7-2
CF~1F77n0,7-8
CF~1F77x0,7-4
CF~1F7890,7-1
CF~1F78J0,7-10
CF~1F78U0,7-3
CF~1F78e0,7-7
CF~1F78o0,7-5
CF~1F7910,7-6
CF~1F79B0,7-9
CF~1F79O0,7-2
CF~1F79c0,7-8
CF~1F79r0,7-1
CF~1F7A70,7-10
CF~1F7AL0,7-7
CF~1F7AZ0,7-5
CF~1F7Ao0,7-9
CF~1F7B40,7-2
CF~1F7BI0,7-8
CF~1F7BW0,7-1
CF~1F7Bk0,7-10
CF~1F7C00,7-7
CF~1F7CE0,7-5
CF~1F7CT0,7-9
CF~1F7Ch0,7-2
CF~1F7Cv0,7-8
CF~1F7DB0,7-1
CF~1F7DP0,7-10
CF~1F7Dd0,7-7
CF~1F7Ds0,7-5
CF~1F7E90,7-9
CF~1F7EO0,7-2
CF~1F7Ec0,7-8
CF~1F7Eq0,7-1
CF~1F7F60,7-11
CF~1F7FI0,7-10
CF~1F7FT0,7-7
CF~1F7Fd0,7-5
CF~1F7Fn0,7-12
CF~1F7Fx0,7-9
CF~1F7G90,7-2
CF~1F7GI0,7-14
CF~1F7GR0,7-8
CF~1F7Ga0,7-13
CF~1F7Gk0,7-1
CF~1F7Gu0,7-11
CF~1F7H60,7-10
CF~1F7HG0,7-7
CF~1F7HQ0,7-5
CF~1F7Ha0,7-12
CF~1F7Hk0,7-9
CF~1F7Hu0,7-2
CF~1F7I50,7-14
CF~1F7IE0,7-8
CF~1F7IN0,7-13
CF~1F7IV0,7-1
CF~1F7Id0,7-11
CF~1F7Im0,7-10
CF~1F7Iw0,7-7
CF~1F7J70,7-5
CF~1F7JH0,7-12
CF~1F7Ja0,7-2
CF~1F7Js0,7-8
CF~1F7KD0,7-11
CF~1F7KV0,7-7
CF~1F7Km0,7-12
CF~1F7L60,7-2
CF~1F7LO0,7-8
CF~1F7Lh0,7-11
CF~1F7M10,7-7
CF~1F7MK0,7-12
CF~1F7Mc0,7-2
CF~1F7N70,7-8
CF~1F7Nb0,7-7
CF~1F7O70,7-2
CF~1F7Oa0,7-8
CF~1F7P60,7-7
CF~1F7PZ0,7-2
CF~2F7610,7-2
CF~2F76V0,7-1
CF~2F7710,7-3
CF~2F77V0,7-2
CF~2F7810,7-1
CF~2F78V0,7-3
CF~2F7910,7-2
CF~2F79P0,7-4
CF~2F79m0,7-1
CF~2F7AB0,7-3
CF~2F7AZ0,7-2
CF~2F7Ax0,7-4
CF~2F7BM0,7-1
CF~2F7Bk0,7-3
CF~2F7CA0,7-2
CF~2F7CY0,7-4
CF~2F7Cw0,7-1
CF~2F7DM0,7-3
CF~2F7Dk0,7-2
CF~2F7EA0,7-4
CF~2F7EY0,7-1
CF~2F7Ex0,7-3
CF~2F7FN0,7-2
CF~2F7Fl0,7-4
CF~2F7GB0,7-1
CF~2F7Ga0,7-3
CF~2F7H00,7-2
CF~2F7HO0,7-4
CF~2F7Hm0,7-1
CF~2F7ID0,7-3
CF~2F7Ia0,7-2
CF~2F7J00,7-4
CF~2F7JN0,7-1
CF~2F7Jk0,7-3
CF~2F7K90,7-2
CF~2F7Kd0,7-4
CF~2F7L90,7-1
CF~2F7Lc0,7-2
CF~2F7M80,7-4
CF~2F7Mb0,7-1
CF~2F7N70,7-2
CF~2F7Nb0,7-4
CF~2F7O60,7-1
CF~2F7Oa0,7-2
CF~2F7P60,7-4
CF~3F76Q0,7-3
CF~3F76u0,7-2
CF~3F77Q0,7-1
CF~3F77u0,7-3
CF~3F78Q0,7-2
CF~3F78u0,7-1
CF~3F79L0,7-4
CF~3F79j0,7-3
CF~3F7A80,7-2
CF~3F7AV0,7-1
CF~3F7At0,7-4
CF~3F7BJ0,7-3
CF~3F7Bg0,7-2
CF~3F7C60,7-1
CF~3F7CU0,7-4
CF~3F7Cs0,7-3
CF~3F7DI0,7-2
CF~3F7Dg0,7-1
CF~3F7E60,7-4
CF~3F7EU0,7-3
CF~3F7Et0,7-2
CF~3F7FJ0,7-1
CF~3F7Fh0,7-4
CF~3F7G70,7-3
CF~3F7GW0,7-2
CF~3F7Gu0,7-1
CF~3F7HK0,7-4
CF~3F7Hi0,7-3
CF~3F7I80,7-2
CF~3F7IW0,7-1
CF~3F7Iu0,7-4
CF~3F7JJ0,7-3
CF~3F7Jg0,7-2
CF~3F7K50,7-1
CF~3F7KS0,7-4
CF~3F7Kq0,7-3
CF~3F7LG0,7-2
CF~3F7M00,7-4
CF~3F7Mi0,7-2
CF~3F7NS0,7-4
CF~3F7OC0,7-2
CMJ1552616,152-1
CMJ15526U6,152-2
CMJ1552706,152-1
CMJ15527U6,152-2
CMJ155280n,152-1
CMJ15528Vn,152-2
CMJ155292n,152-1
CMJ15529Xn,152-2
CMJ1552A3n,152-1
CMJ1552AYn,152-2
CMJ1552B4n,152-1
CMJ1552BZn,152-2
CMJ1552C5n,152-1
CMJ1552Can,152-2
CMJ1552D6n,152-1
CMJ1552Dbn,152-2
CMJ1552E7n,152-1
CMJ1552Ecn,152-2
CMJ1552FAn,152-1
CMJ1552Fhn,152-2
CMJ1552GFn,152-1
CMJ1552Gmn,152-2
CMJ1552HKn,152-1
CMJ1552Hpn,152-2
CMJ1552IMn,152-1
CMJ1552Ipn,152-2
CMJ15585uJ,158-1
CMJ15586QJ,158-3
CMJ15586xE,158-2
CMJ15587WE,158-1
CMJ155885E,158-3
CMJ15588dE,158-2
CMJ15589CE,158-1
CMJ15589iE,158-3
CMJ1558AGE,158-2
CMJ1558AlE,158-1
CMJ1558BJE,158-3
CMJ1558BpE,158-2
CMJ1558CME,158-1
CMJ1558CsE,158-3
CMJ1558DQE,158-2
CMJ1558DvE,158-1
CMJ1558ETE,158-3
CMJ1558F1E,158-2
CMJ1558FXE,158-1
CMJ1558G6E,158-3
CMJ1558GcE,158-2
CMJ1558HAE,158-1
CMJ1558HhE,158-3
CMJ1558IFE,158-2
CMJ1558IkE,158-1
CMJ1FX25Bw,2-3
CMJ1FX25Lw,8-8
CMJ1FX25Uw,74-6
CMJ1FX25fw,8-13
CMJ1FX25qw,2-2
CMJ1FX262w,2-4
CMJ1FX26Cw,2-5
CMJ1FX26Ow,2-6
CMJ1FX26Tw,2-10
CMJ1FX26YM,2-7
CMJ1FX26dM,2-12
CMJ1FX26iM,2-8
CMJ1FX26nM,2-16
CMJ1FX26rM,2-3
CMJ1FX26wM,2-18
CMJ1FX273M,2-1
CMJ1FX278M,2-20
CMJ1FX27EM,2-9
CMJ1FX27KM,2-15
CMJ1FX27QM,2-11
CMJ1FX27WM,2-13
CMJ1FX27bM,2-2
CMJ1FX27hM,2-17
CMJ1FX27nM,2-4
CMJ1FX27tM,2-19
CMJ1FX280M,2-5
CMJ1FX286M,2-14
CMJ1FX28CM,2-6
CMJ1FX28IM,2-10
CMJ1FX28NM,2-7
CMJ1FX28SM,2-12
CMJ1FX28YM,2-8
CMJ1FX28jM,2-3
CMJ1FX28uw,2-1
CMJ1FX297w,2-9
CMJ1FX29Jw,2-11
CMJ1FX29Uw,2-2
CMJ1FX29fw,2-4
CMJ1FX29qw,2-5
CMJ1FX2A3w,2-6
CMJ1FX2AEw,2-7
CMJ1FX2APw,2-8
CMJ1FX2Aaw,2-3
CMJ1FX2Akw,2-1
CMJ1FX2Avw,2-9
CMJ1FX2B8w,2-11
CMJ1FX2BJw,2-2
CMJ1FX2BTw,2-4
CMJ1FX2Bew,2-5
CMJ1FX2Bow,2-6
CMJ1FX2C1w,2-7
CMJ1FX2CCw,2-8
CMJ1FX2CNw,2-3
CMJ1FX2CYw,2-1
CMJ1FX2Cjw,2-9
CMJ1FX2Cuw,2-11
CMJ1FX2D7w,2-2
CMJ1FX2DHw,2-4
CMJ1FX2DSw,2-5
CMJ1FX2Ddw,2-6
CMJ1FX2Dow,2-7
CMJ1FX2E1w,2-8
CMJ1FX2ECw,2-3
CMJ1FX2EOw,2-21
CMJ1FX2EZw,2-9
CMJ1FX2Ekw,2-11
CMJ1FX2Eww,2-2
CMJ1FX2F4w,2-23
CMJ1FX2FAw,2-4
CMJ1FX2FFw,2-25
CMJ1FX2FLw,2-5
CMJ1FX2FRw,2-28
CMJ1FX2FXw,2-6
CMJ1FX2Fdw,2-31
CMJ1FX2Fjw,2-7
CMJ1FX2Fpw,2-27
CMJ1FX2Fvw,2-8
CMJ1FX2G3w,2-24
CMJ1FX2G9w,2-26
CMJ1FX2GFw,2-3
CMJ1FX2GLw,2-30
CMJ1FX2GRw,2-21
CMJ1FX2GXw,2-9
CMJ1FX2Gdw,2-32
CMJ1FX2Gjw,2-11
CMJ1FX2Gpw,2-29
CMJ1FX2Gvw,2-2
CMJ1FX2H3w,2-23
CMJ1FX2H9w,2-4
CMJ1FX2HFw,2-25
CMJ1FX2HLw,2-5
CMJ1FX2HRw,2-28
CMJ1FX2HXw,2-6
CMJ1FX2Hdw,2-31
CMJ1FX2Hjw,2-7
CMJ1FX2Hpw,2-27
CMJ1FX2Hvw,2-8
CMJ1FX2I3w,2-24
CMJ1FX2IAw,2-26
CMJ1FX2ILw,2-30
CMJ1FX2IWw,2-9
CMJ1FX2Ihw,2-11
CMJ1FX2Isw,2-2
CMJ1FX2J5w,2-4
CMJ1FX2JIw,2-22
CMJ1FX2Jbw,2-31
CMJ1FX2Jvw,2-26
CMJ1FX2KIw,2-9
CMJ1FX2Kcw,2-2
CMJ1FX2Kww,2-22
CMJ1FX2LIw,2-31
CMJ1FX2Lcw,2-26
CMJ1FX2M0w,2-9
CMJ1FX2MOw,2-2
CMJ1FX2Mmw,2-22
CMJ1FX2NDw,2-26
CMJ1FX2Nbw,2-9
CMJ1FX2O0w,5-4
CMJ1FX2ONw,2-22
CMJ1FX2Okw,2-26
CMJ1FX2P9w,2-9
CMJ2FX25Xw,2-2
CMJ2FX25uw,2-4
CMJ2FX26Jw,2-1
CMJ2FX26gw,2-3
CMJ2FX275w,2-2
CMJ2FX27Sw,2-4
CMJ2FX27pw,2-1
CMJ2FX28Ew,2-3
CMJ2FX28bw,2-2
CMJ2FX291w,2-4
CMJ2FX29Pw,2-1
CMJ2FX29lw,2-3
CMJ2FX2A5w,2-5
CMJ2FX2ANw,2-2
CMJ2FX2Aew,2-4
CMJ2FX2Avw,2-6
CMJ2FX2BEw,2-1
CMJ2FX2BVw,2-3
CMJ2FX2Bmw,2-5
CMJ2FX2C6w,2-2
CMJ2FX2CNw,2-4
CMJ2FX2Cfw,2-6
CMJ2FX2Cww,2-1
CMJ2FX2DFw,2-3
CMJ2FX2DXw,2-5
CMJ2FX2Dpw,2-2
CMJ2FX2E8w,2-4
CMJ2FX2EQw,2-6
CMJ2FX2Ehw,2-1
CMJ2FX2F0w,2-3
CMJ2FX2FIw,2-5
CMJ2FX2Faw,2-2
CMJ2FX2Frw,2-4
CMJ2FX2GBw,2-6
CMJ2FX2GSw,2-1
CMJ2FX2Gjw,2-3
CMJ2FX2H3w,2-5
CMJ2FX2HLw,2-2
CMJ2FX2Hcw,2-4
CMJ2FX2Huw,2-6
CMJ2FX2IDw,2-1
CMJ2FX2IUw,2-3
CMJ2FX2Imw,2-5
CMJ2FX2JCw,2-2
CMJ2FX2Jaw,2-4
CMJ2FX2K1w,2-1
CMJ2FX2KPw,2-5
CMJ2FX2Knw,2-2
CMJ2FX2LDw,2-4
CMJ2FX2Lbw,2-1
CMJ2FX2M2w,2-5
CMJ2FX2MQw,2-2
CMJ2FX2Mnw,2-4
CMJ2FX2NDw,2-1
CMJ2FX2Naw,2-5
CMJ2FX2O0w,2-2
CMJ2FX2ONw,2-4
CMJ2FX2Okw,2-1
CMJ2FX2P9w,2-5
CMJ3FX26Cw,2-3
CMJ3FX26gw,2-1
CMJ3FX27Cw,2-2
CMJ3FX27gw,2-3
CMJ3FX28Dw,2-1
CMJ3FX28iw,2-2
CMJ3FX29Gw,2-3
CMJ3FX29mw,2-1
CMJ3FX2AKw,2-2
CMJ3FX2Aqw,2-3
CMJ3FX2BCw,2-5
CMJ3FX2BXw,2-1
CMJ3FX2Bsw,2-4
CMJ3FX2CFw,2-2
CMJ3FX2Caw,2-3
CMJ3FX2Cvw,2-5
CMJ3FX2DIw,2-1
CMJ3FX2Ddw,2-4
CMJ3FX2E0w,2-2
CMJ3FX2ELw,2-3
CMJ3FX2Egw,2-5
CMJ3FX2F3w,2-1
CMJ3FX2FOw,2-4
CMJ3FX2Fjw,2-2
CMJ3FX2G6w,2-3
CMJ3FX2GRw,2-5
CMJ3FX2Gmw,2-1
CMJ3FX2H9w,2-4
CMJ3FX2HUw,2-2
CMJ3FX2Hpw,2-3
CMJ3FX2ICw,2-5
CMJ3FX2IXw,2-1
CMJ3FX2Iuw,2-4
CMJ3FX2JLw,2-2
CMJ3FX2Jrw,2-5
CMJ3FX2KPw,2-1
CMJ3FX2Kvw,2-2
CMJ3FX2LTw,2-5
CMJ3FX2M1w,2-1
CMJ3FX2MYw,2-2
CMJ3FX2N6w,2-5
CMJ3FX2Nbw,2-1
CMT15585aD,158-2
CMT155864k,158-1
CMT15586Zk,158-3
CMT155878I,158-2
CMT15587fI,158-1
CMT15588EI,158-3
CMT15588mI,158-2
CMT15589LI,158-1
CMT15589rI,158-3
CMT1558API,158-2
CMT1558AuI,158-1
CMT1558BSI,158-3
CMT1558C0I,158-2
CMT1558CVI,158-1
CMT1558D3I,158-3
CMT1558DZI,158-2
CMT1558E6I,158-1
CMT1558EcI,158-3
CMT1558FAI,158-2
CMT1558FgI,158-1
CMT1558GFI,158-3
CMT1558GlI,158-2
CMT1558HJI,158-1
CMT1558HqI,158-3
CMT1558IOI,158-2
CMT16765Xt,176-4
CMT167660t,176-1
CMT16766Tt,176-3
CMT167670t,176-2
CMT16767Vt,176-4
CMT167682t,176-1
CMT16768Xt,176-3
CMT167694t,176-2
CMT16769Zt,176-4
CMT1676A5t,176-1
CMT1676AYt,176-3
CMT1676B3t,176-2
CMT1676BXt,176-4
CMT1676C3t,176-1
CMT1676CWt,176-3
CMT1676D1t,176-2
CMT1676DVt,176-4
CMT1676E1t,176-1
CMT1676EWt,176-3
CMT1676F4K,176-2
CMT1676FaK,176-4
CMT1676G8K,176-1
CMT1676GfK,176-3
CMT1676HEK,176-2
CMT1676HlK,176-4
CMT1676IKK,176-1
CMT1676Ipt,176-3
CMT267679t,176-2
CMT267686t,176-1
CMT267694t,176-2
CMT2676A2t,176-1
CMT2676B0t,176-2
CMT2676Bwt,176-1
CMT2676Cvt,176-2
CMT2676Dut,176-1
CMT2676Ett,176-2
CMT2676Fst,176-1
CMT2676Grt,176-2
CMT2676Hqt,176-1
CMT2676Ipt,176-2
CMT367686t,176-2
CMT367694t,176-1
CMT3676A2t,176-2
CMT3676B0t,176-1
CMT3676Bwt,176-2
CMT3676Cvt,176-1
CMT3676Dut,176-2
CMT3676Ett,176-1
CMT3676Fst,176-2
CMT3676Grt,176-1
CMT3676Hqt,176-2
CMT3676Ipt,176-1
CMd15565dw,156-1
CMd155666w,156-3
CMd15566Xw,156-2
CMd155670h,156-4
CMd15567Sh,156-1
CMd15567vh,156-3
CMd15568Qh,156-2
CMd15568th,156-4
CMd15569Nh,156-1
CMd15569ow,156-3
CMd1556AIw,156-2
CMd1556Akw,156-4
CMd1556BEw,156-1
CMd1556Bfw,156-3
CMd1556C9w,156-2
CMd1556Cbw,156-4
CMd1556D5w,156-1
CMd1556DWw,156-3
CMd1556E1h,156-2
CMd1556EUh,156-4
CMd1556ExS,156-1
CMd1556FSD,156-3
CMd1556FxD,156-2
CMd1556GUD,156-4
CMd1556H1D,156-1
CMd1556HVD,156-3
CMd1556I0S,156-2
CMd1556ITS,156-4
CMd16765u8,176-1
CMd16766P8,176-3
CMd16766u8,176-2
CMd16767Qe,176-4
CMd16767ve,176-1
CMd16768Se,176-3
CMd16768xe,176-2
CMd16769Ue,176-4
CMd1676A18,176-1
CMd1676AU8,176-3
CMd1676Ax8,176-2
CMd1676BT8,176-4
CMd1676Bx8,176-1
CMd1676CS8,176-3
CMd1676Cv8,176-2
CMd1676DR8,176-4
CMd1676Dv8,176-1
CMd1676ES8,176-3
CMd1676Ewe,176-2
CMd1676FUe,176-4
CMd1676G2e,176-1
CMd1676GZe,176-3
CMd1676H8e,176-2
CMd1676Hfe,176-4
CMd1676IEe,176-1
CMd1676Ike,176-3
CMd1F65f0,6-4
CMd1F65s0,6-2
CMd1F6690,6-7
CMd1F66P0,6-9
CMd1F66e0,6-5
CMd1F66r0,6-1
CMd1F6740,6-6
CMd1F67F0,6-3
CMd1F67P0,6-8
CMd1F67a0,6-11
CMd1F67l0,6-4
CMd1F67w0,6-2
CMd1F68A0,6-12
CMd1F68L0,6-7
CMd1F68W0,6-9
CMd1F68i0,6-10
CMd1F68t0,6-5
CMd1F6960,6-1
CMd1F69I0,6-6
CMd1F69T0,6-3
CMd1F69g0,6-8
CMd1F69u0,6-11
CMd1F6AB0,6-4
CMd1F6AQ0,6-12
CMd1F6Ae0,6-7
CMd1F6At0,6-9
CMd1F6BA0,6-5
CMd1F6BP0,6-1
CMd1F6Be0,6-3
CMd1F6Bs0,6-8
CMd1F6C80,6-11
CMd1F6CM0,6-4
CMd1F6Ca0,6-12
CMd1F6Cp0,6-7
CMd1F6D50,6-9
CMd1F6DK0,6-5
CMd1F6DZ0,6-1
CMd1F6Do0,6-3
CMd1F6E40,6-8
CMd1F6EK0,6-11
CMd1F6EZ0,6-4
CMd1F6Ep0,6-12
CMd1F6F60,6-7
CMd1F6FM0,6-9
CMd1F6Fa0,6-5
CMd1F6Fo0,6-15
CMd1F6G10,6-1
CMd1F6GD0,6-17
CMd1F6GO0,6-19
CMd1F6GZ0,6-21
CMd1F6Gk0,6-11
CMd1F6Gv0,6-14
CMd1F6H80,6-4
CMd1F6HJ0,6-12
CMd1F6HU0,6-7
CMd1F6Hf0,6-18
CMd1F6Hq0,6-9
CMd1F6I30,6-5
CMd1F6ID0,6-15
CMd1F6IO0,6-1
CMd1F6IY0,6-17
CMd1F6Ih0,11-9
CMd1F6Is0,6-13
CMd1F6J90,6-20
CMd1F6JO0,6-4
CMd1F6Jf0,6-16
CMd1F6Jw0,6-9
CMd1F6KG0,6-15
CMd1F6KY0,6-17
CMd1F6Kq0,6-13
CMd1F6LA0,6-20
CMd1F6LQ0,6-4
CMd1F6Ls0,6-16
CMd1F6MN0,6-15
CMd1F6Mq0,6-13
CMd1F6NM0,6-4
CMd1F6Np0,6-16
CMd1F6OK0,6-15
CMd1F6On0,6-13
CMd1F6PJ0,6-4
CMd1F6Pn0,6-16
CMd2676758,176-2
CMd2676828,176-1
CMd2676908,176-2
CMd26769w8,176-1
CMd2676Au8,176-2
CMd2676Bs8,176-1
CMd2676Cr8,176-2
CMd2676Dq8,176-1
CMd2676Ep8,176-2
CMd2676Fo8,176-1
CMd2676Gn8,176-2
CMd2676Hm8,176-1
CMd2676Il8,176-2
CMd2F65r0,6-2
CMd2F66F0,6-1
CMd2F66b0,6-5
CMd2F6700,6-4
CMd2F67M0,6-3
CMd2F67j0,6-2
CMd2F6890,6-1
CMd2F68V0,6-5
CMd2F68r0,6-4
CMd2F69G0,6-3
CMd2F69e0,6-2
CMd2F6A40,6-1
CMd2F6AS0,6-5
CMd2F6Ao0,6-4
CMd2F6BB0,6-6
CMd2F6BW0,6-3
CMd2F6Bq0,6-2
CMd2F6CC0,6-1
CMd2F6CX0,6-5
CMd2F6Ct0,6-4
CMd2F6DG0,6-6
CMd2F6Db0,6-3
CMd2F6Dv0,6-2
CMd2F6EH0,6-1
CMd2F6Ec0,6-5
CMd2F6F00,6-4
CMd2F6FL0,6-6
CMd2F6Fg0,6-3
CMd2F6G40,6-2
CMd2F6GP0,6-1
CMd2F6Gk0,6-5
CMd2F6H70,6-4
CMd2F6HS0,6-6
CMd2F6Hm0,6-3
CMd2F6IA0,6-2
CMd2F6IU0,6-1
CMd2F6Io0,6-5
CMd2F6JA0,6-4
CMd2F6JT0,6-6
CMd2F6Jn0,6-3
CMd2F6K90,6-2
CMd2F6KT0,6-1
CMd2F6Km0,6-5
CMd2F6L80,6-4
CMd2F6LS0,6-6
CMd2F6Lv0,6-3
CMd2F6MQ0,6-1
CMd2F6Ms0,6-5
CMd2F6NN0,6-6
CMd2F6Np0,6-3
CMd2F6OK0,6-1
CMd2F6On0,6-5
CMd2F6PJ0,6-6
CMd2F6Pn0,6-3
CMd3676828,176-2
CMd3676908,176-1
CMd36769w8,176-2
CMd3676Au8,176-1
CMd3676Bs8,176-2
CMd3676Cr8,176-1
CMd3676Dq8,176-2
CMd3676Ep8,176-1
CMd3676Fo8,176-2
CMd3676Gn8,176-1
CMd3676Hm8,176-2
CMd3676Il8,176-1
CMd3F66Z0,6-1
CMd3F67D0,6-2
CMd3F67o0,6-3
CMd3F68S0,6-1
CMd3F6950,6-2
CMd3F69X0,6-4
CMd3F6A00,6-3
CMd3F6AP0,6-1
CMd3F6An0,6-5
CMd3F6BE0,6-2
CMd3F6Bd0,6-4
CMd3F6C40,6-3
CMd3F6CT0,6-1
CMd3F6Cs0,6-5
CMd3F6DJ0,6-2
CMd3F6Di0,6-4
CMd3F6E90,6-3
CMd3F6EY0,6-1
CMd3F6Ex0,6-5
CMd3F6FP0,6-2
CMd3F6Fp0,6-4
CMd3F6GG0,6-3
CMd3F6Gf0,6-1
CMd3F6H60,6-5
CMd3F6HW0,6-2
CMd3F6Hv0,6-4
CMd3F6IL0,6-3
CMd3F6Ij0,6-1
CMd3F6JA0,6-5
CMd3F6JY0,6-2
CMd3F6Jw0,6-4
CMd3F6KL0,6-3
CMd3F6Kx0,6-1
CMd3F6Lb0,6-2
CMd3F6MH0,6-3
CMd3F6Mt0,6-1
CMd3F6NX0,6-2
CMd3F6OB0,6-3
CMv15526A6,152-1
CMv15526d6,152-2
CMv1552786,152-1
CMv15527d6,152-2
CMv15528A6,152-1
CMv15528f6,152-2
CMv15529C6,152-1
CMv15529h6,152-2
CMv1552AD6,152-1
CMv1552Ai6,152-2
CMv1552BE6,152-1
CMv1552Bj6,152-2
CMv1552CF6,152-1
CMv1552Ck6,152-2
CMv1552DG6,152-1
CMv1552Dl6,152-2
CMv1552EH6,152-1
CMv1552Em6,152-2
CMv1552FK6,152-1
CMv1552Fr6,152-2
CMv1552GP6,152-1
CMv1552Gv6,152-2
CMv1552HT6,152-1
CMv1552I16,152-2
CMv1552IW6,152-1
CMv15565TJ,156-2
CMv15565sS,156-4
CMv15566LS,156-1
CMv15566nS,156-3
CMv15567Gb,156-2
CMv15567jb,156-4
CMv15568Db,156-1
CMv15568gb,156-3
CMv15569BS,156-2
CMv15569eS,156-4
CMv1556A8S,156-1
CMv1556AZS,156-3
CMv1556B3S,156-2
CMv1556BVS,156-4
CMv1556BxS,156-1
CMv1556CQS,156-3
CMv1556CsS,156-2
CMv1556DMS,156-4
CMv1556DoS,156-1
CMv1556EHb,156-3
CMv1556Elb,156-2
CMv1556FGk,156-4
CMv1556Flk,156-1
CMv1556GHk,156-3
CMv1556Glk,156-2
CMv1556HIk,156-4
CMv1556Hnb,156-1
CMv1556IHb,156-3
CMv16765h1,176-2
CMv16766C1,176-4
CMv16766f1,176-1
CMv16767B1,176-3
CMv16767g1,176-2
CMv16768D1,176-4
CMv16768i1,176-1
CMv16769F1,176-3
CMv16769k1,176-2
CMv1676AG1,176-4
CMv1676Ak1,176-1
CMv1676BF1,176-3
CMv1676Bi1,176-2
CMv1676CE1,176-4
CMv1676Ci1,176-1
CMv1676DD1,176-3
CMv1676Dh1,176-2
CMv1676ED1,176-4
CMv1676Eh1,176-1
CMv1676FE1,176-3
CMv1676FkG,176-2
CMv1676GJG,176-4
CMv1676GqG,176-1
CMv1676HPG,176-3
CMv1676HwG,176-2
CMv1676IUG,176-4
CMv26766q1,176-1
CMv26767m1,176-2
CMv26768k1,176-1
CMv26769i1,176-2
CMv2676Ag1,176-1
CMv2676Be1,176-2
CMv2676Cd1,176-1
CMv2676Dc1,176-2
CMv2676Eb1,176-1
CMv2676Fa1,176-2
CMv2676GZ1,176-1
CMv2676HY1,176-2
CMv2676IX1,176-1
CMv36767m1,176-1
CMv36768k1,176-2
CMv36769i1,176-1
CMv3676Ag1,176-2
CMv3676Be1,176-1
CMv3676Cd1,176-2
CMv3676Dc1,176-1
CMv3676Eb1,176-2
CMv3676Fa1,176-1
CMv3676GZ1,176-2
CMv3676HY1,176-1
CMv3676IX1,176-2
CN915565T5,156-1
CN915565u5,156-3
CN915566N5,156-2
CN915566n5,156-4
CN915567GF,156-1
CN915567jF,156-3
CN915568EF,156-2
CN915568hF,156-4
CN915569BF,156-1
CN915569dF,156-3
CN91556A7F,156-2
CN91556AZF,156-4
CN91556B3F,156-1
CN91556BUF,156-3
CN91556BwF,156-2
CN91556CQF,156-4
CN91556CsF,156-1
CN91556DLF,156-3
CN91556DnF,156-2
CN91556EHQ,156-4
CN91556EjQ,156-1
CN91556FDQ,156-3
CN91556FiQ,156-2
CN91556GFQ,156-4
CN91556GkQ,156-1
CN91556HGQ,156-3
CN91556HkQ,156-2
CN91556IGF,156-4
CN915575XE,157-3
CN9155763E,157-4
CN915576ZL,157-1
CN9155778L,157-2
CN915577fL,157-3
CN915578EL,157-4
CN915578lL,157-1
CN915579JL,157-2
CN915579qL,157-3
CN91557APE,157-4
CN91557AvE,157-1
CN91557BTE,157-2
CN91557C0E,157-3
CN91557CWE,157-4
CN91557D4E,157-1
CN91557DZE,157-2
CN91557E6E,157-3
CN91557EdE,157-4
CN91557FCL,157-1
CN91557FjL,157-2
CN91557G4L,157-6
CN91557GIL,157-3
CN91557GpL,157-4
CN91557HPL,157-1
CN91557HvL,157-2
CN91557IUL,157-3
CN915585bM,158-1
CN9155867M,158-3
CN915586c2,158-2
CN915587A2,158-1
CN915587h2,158-3
CN915588H2,158-2
CN915588o2,158-1
CN915589Mg,158-3
CN915589sg,158-2
CN91558APg,158-1
CN91558Avg,158-3
CN91558BTg,158-2
CN91558C0g,158-1
CN91558CWg,158-3
CN91558D4g,158-2
CN91558DZg,158-1
CN91558E7g,158-3
CN91558Edg,158-2
CN91558FBg,158-1
CN91558Fig,158-3
CN91558GGg,158-2
CN91558Gmg,158-1
CN91558HLg,158-3
CN91558Hrg,158-2
CN91558IPg,158-1
CN91D155tp,15-5
CN91D156Fp,15-2
CN91D156Zp,15-1
CN91D156up,15-8
CN91D157Gp,15-7
CN91D157ap,15-4
CN91D157up,15-6
CN91D158Hp,15-10
CN91D158cp,15-5
CN91D1590p,15-9
CN91D159Mp,15-1
CN91D159ip,15-3
CN91D15A5p,15-7
CN91D15AQp,15-4
CN91D15Alp,15-6
CN91D15B8p,15-10
CN91D15BSp,15-5
CN91D15Bnp,15-9
CN91D15CAp,15-1
CN91D15CVp,15-3
CN91D15Cqp,15-7
CN91D15DEp,15-4
CN91D15Dap,15-6
CN91D15Dwp,15-10
CN91D15EJx,15-5
CN91D15Efx,15-9
CN91D15F3x,15-1
CN91D15FPx,15-3
CN91D15Fcx,15-16
CN91D15Fox,15-7
CN91D15G1x,9-28
CN91D15GDx,15-4
CN91D15GQx,8-44
CN91D15Gcx,15-6
CN91D15Gpx,15-18
CN91D15H2x,15-10
CN91D15HEx,15-21
CN91D15HPx,15-5
CN91D15Hbx,15-20
CN91D15Hmx,15-17
CN91D15Hxx,15-22
CN91D15IAx,15-1
CN91D15IKx,15-23
CN91D15IUp,15-19
CN91D15Ipp,15-7
CN91D15JBp,15-4
CN91D15JWp,15-6
CN91D15Jpp,15-10
CN91D15KAp,15-5
CN91D15KSp,15-17
CN91D15Klp,15-1
CN91D15L7i,15-19
CN91D15LQi,15-7
CN91D15M4i,15-6
CN91D15Mfi,15-5
CN91D15NIi,22-2
CN91D15Nti,15-7
CN91F95Zp,9-2
CN91F95op,74-4
CN91F965J,9-4
CN91F96IJ,9-1
CN91F96VJ,1-14
CN91F96bJ,17-7
CN91F96gJ,9-8
CN91F96lJ,9-11
CN91F96qJ,9-9
CN91F96vJ,9-12
CN91F972J,9-5
CN91F976m,9-14
CN91F97Bm,9-10
CN91F97Gm,9-15
CN91F97Lm,11-6
CN91F97Qm,172-3
CN91F97Um,9-13
CN91F97Zm,5-5
CN91F97em,9-6
CN91F97jm,9-18
CN91F97om,9-4
CN91F97tm,9-9
CN91F980m,9-7
CN91F985m,9-5
CN91F98Am,9-3
CN91F98Fm,9-10
CN91F98Km,17-7
CN91F98Pm,11-6
CN91F98Um,9-8
CN91F98Zm,9-13
CN91F98em,10-5
CN91F98km,9-6
CN91F98qm,9-12
CN91F98xm,8-5
CN91F997m,9-15
CN91F99Fm,9-3
CN91F99Mm,9-16
CN91F99Um,74-1
CN91F99bm,9-4
CN91F99im,15-2
CN91F99pm,10-10
CN91F9A5m,17-7
CN91F9AJm,9-13
CN91F9AXm,9-12
CN91F9Amm,9-15
CN91F9B2m,9-17
CN91F9BGm,9-4
CN91F9BUm,10-4
CN91F9Bim,17-7
CN91F9Bwm,9-13
CN91F9CDm,9-12
CN91F9CSm,9-15
CN91F9Chm,9-17
CN91F9Cvm,9-4
CN91F9DBm,10-4
CN91F9DPm,17-4
CN91F9Ddm,9-13
CN91F9Dsm,9-12
CN91F9E9m,9-15
CN91F9EOm,9-17
CN91F9Edm,9-4
CN91F9Esm,10-4
CN91F9F9m,17-4
CN91F9FNm,9-13
CN91F9FZm,9-20
CN91F9Fkm,9-12
CN91F9Fum,9-22
CN91F9G6m,9-23
CN91F9GGm,9-25
CN91F9GQm,8-39
CN91F9Gam,9-19
CN91F9Glm,145-3
CN91F9Gvm,9-31
CN91F9H7m,9-33
CN91F9HHm,9-24
CN91F9HRm,146-1
CN91F9Hcm,9-4
CN91F9Hmm,10-7
CN91F9Hwm,48-1
CN91F9I9m,9-25
CN91F9IMm,10-13
CN91F9IaJ,9-27
CN91F9ItJ,9-34
CN91F9JFJ,9-15
CN91F9JYp,48-1
CN91F9Jsp,9-28
CN91F9KEp,17-3
CN91F9KZp,9-34
CN91F9L4p,48-1
CN91F9LXp,9-28
CN91F9M2p,9-34
CN91F9MUp,48-1
CN91F9Mwp,9-15
CN91F9NQp,9-34
CN91F9Nsp,48-1
CN92D156Zx,15-1
CN92D157Dx,15-3
CN92D157qx,15-2
CN92D158Vx,15-4
CN92D1599x,15-1
CN92D159bx,15-5
CN92D15A26,15-3
CN92D15AQ6,15-7
CN92D15Ao6,15-2
CN92D15BE6,15-4
CN92D15Bc6,15-6
CN92D15C36,15-1
CN92D15CR6,15-5
CN92D15Cq6,15-3
CN92D15DG6,15-7
CN92D15De6,15-2
CN92D15E46,15-4
CN92D15ES6,15-6
CN92D15Eq6,15-1
CN92D15FH6,15-5
CN92D15Fg6,15-3
CN92D15G66,15-7
CN92D15GU6,15-2
CN92D15Gs6,15-4
CN92D15HI6,15-6
CN92D15Hg6,15-1
CN92D15I76,15-5
CN92D15IW6,15-3
CN92D15It6,15-7
CN92D15JI6,15-2
CN92D15Jf6,15-4
CN92D15K46,15-6
CN92D15KP6,15-1
CN92D15Kl6,15-5
CN92D15L8x,15-3
CN92D15LUx,15-7
CN92D15Lqx,15-2
CN92D15MEx,15-4
CN92D15Mpx,15-6
CN92D15NSx,15-5
CN92F95lJ,9-1
CN92F96IJ,9-3
CN92F96mJ,9-2
CN92F97JJ,9-1
CN92F97oJ,9-3
CN92F98KJ,9-2
CN92F98pJ,9-1
CN92F99MJ,9-3
CN92F99rJ,9-2
CN92F9AHJ,9-4
CN92F9AfJ,9-1
CN92F9B4J,9-3
CN92F9BTJ,9-2
CN92F9BrJ,9-4
CN92F9CIJ,9-1
CN92F9ChJ,9-3
CN92F9D8J,9-2
CN92F9DXJ,9-4
CN92F9DwJ,9-1
CN92F9ENJ,9-3
CN92F9EmJ,9-2
CN92F9FDJ,9-4
CN92F9FcJ,9-1
CN92F9G3J,9-3
CN92F9GSJ,9-2
CN92F9GrJ,9-4
CN92F9HIJ,9-1
CN92F9HhJ,9-3
CN92F9I8J,9-2
CN92F9IWJ,9-4
CN92F9IvJ,9-1
CN92F9JLJ,9-3
CN92F9JjJ,9-2
CN92F9K8J,9-4
CN92F9KXJ,9-1
CN92F9L3J,9-3
CN92F9LYJ,9-2
CN92F9M5J,9-1
CN92F9MZJ,9-3
CN92F9N6J,9-2
CN92F9NbJ,9-1
CN93D157ex,15-1
CN93D1587x,15-3
CN93D158Xx,15-5
CN93D158xx,15-2
CN93D159Qx,15-4
CN93D159rx,15-6
CN93D15AL6,15-1
CN93D15An6,15-3
CN93D15BG6,15-5
CN93D15Bi6,15-2
CN93D15CD6,15-4
CN93D15Cf6,15-6
CN93D15DA6,15-1
CN93D15Dc6,15-3
CN93D15E66,15-5
CN93D15EY6,15-2
CN93D15F36,15-4
CN93D15FV6,15-6
CN93D15G06,15-1
CN93D15GS6,15-3
CN93D15Gu6,15-5
CN93D15HO6,15-2
CN93D15Hr6,15-4
CN93D15IL6,15-6
CN93D15In6,15-1
CN93D15JG6,15-3
CN93D15Jh6,15-5
CN93D15K96,15-2
CN93D15KX6,15-4
CN93D15Kw6,15-6
CN93D15LNx,15-1
CN93D15M0x,15-3
CN93D15Mbx,15-2
CN93F966J,9-3
CN93F96bJ,9-2
CN93F978J,9-1
CN93F97bJ,9-3
CN93F988J,9-2
CN93F98dJ,9-1
CN93F999J,9-3
CN93F99fJ,9-2
CN93F9ACJ,9-1
CN93F9AiJ,9-3
CN93F9BGJ,9-2
CN93F9BmJ,9-1
CN93F9CLJ,9-3
CN93F9CtJ,9-2
CN93F9DSJ,9-1
CN93F9E1J,9-3
CN93F9EZJ,9-2
CN93F9F8J,9-1
CN93F9FfJ,9-3
CN93F9GFJ,9-2
CN93F9GmJ,9-1
CN93F9HLJ,9-3
CN93F9HtJ,9-2
CN93F9IRJ,9-1
CN93F9IxJ,9-3
CN93F9JVJ,9-2
CN93F9K3J,9-1
CN93F9KYJ,9-3
CN93F9L5J,9-2
CN93F9LbJ,9-1
CN93F9MMJ,9-3
CNA15565gi,156-2
CNA155668i,156-4
CNA15566Zi,156-1
CNA155673i,156-3
CNA15567Vi,156-2
CNA155680i,156-4
CNA15568Si,156-1
CNA15568vi,156-3
CNA15569Pi,156-2
CNA15569si,156-4
CNA1556AMi,156-1
CNA1556Ani,156-3
CNA1556BHi,156-2
CNA1556Bji,156-4
CNA1556CDi,156-1
CNA1556Cei,156-3
CNA1556D8i,156-2
CNA1556Dai,156-4
CNA1556E4i,156-1
CNA1556EWi,156-3
CNA1556F2i,156-2
CNA1556FWi,156-4
CNA1556G3i,156-1
CNA1556GXi,156-3
CNA1556H3i,156-2
CNA1556HYi,156-4
CNA1556I4i,156-1
CNA1556IWi,156-3
CNA15575Mt,157-1
CNA15575rt,157-2
CNA15576Nt,157-3
CNA15576sn,157-4
CNA15577Rn,157-1
CNA155780n,157-2
CNA155789n,157-5
CNA15578Xn,157-3
CNA155796n,157-4
CNA15579dn,157-1
CNA1557ACn,157-2
CNA1557Ait,157-3
CNA1557BGt,157-4
CNA1557Bmt,157-1
CNA1557CJt,157-2
CNA1557Cot,157-3
CNA1557DMt,157-4
CNA1557Dst,157-1
CNA1557EPt,157-2
CNA1557Evt,157-3
CNA1557FUt,157-4
CNA1557G4n,157-1
CNA1557Gcn,157-2
CNA1557HBn,157-3
CNA1557Hin,157-4
CNA1557IHn,157-1
CNA15585qc,158-2
CNA15586Mv,158-1
CNA15586tv,158-3
CNA15587Sv,158-2
CNA155881v,158-1
CNA15588Yv,158-3
CNA155898H,158-2
CNA15589eH,158-1
CNA1558ACH,158-3
CNA1558AiH,158-2
CNA1558BFH,158-1
CNA1558BlH,158-3
CNA1558CJH,158-2
CNA1558CoH,158-1
CNA1558DMH,158-3
CNA1558DsH,158-2
CNA1558EPH,158-1
CNA1558EvH,158-3
CNA1558FTH,158-2
CNA1558G1H,158-1
CNA1558GYH,158-3
CNA1558H6H,158-2
CNA1558HcH,158-1
CNA1558IBH,158-3
CNA1558IhH,158-2
CNA1D155HE,15-4
CNA1D155ZE,15-6
CNA1D155tE,15-10
CNA1D156DE,15-5
CNA1D156NE,15-12
CNA1D156XE,15-2
CNA1D156hE,15-14
CNA1D156rE,15-1
CNA1D1573E,22-3
CNA1D157EE,15-8
CNA1D157OE,15-11
CNA1D157YE,15-7
CNA1D157iE,15-15
CNA1D157sE,15-4
CNA1D1584E,8-19
CNA1D158EE,15-6
CNA1D158OE,8-1
CNA1D158ZE,15-10
CNA1D158uE,15-5
CNA1D159IE,15-9
CNA1D159eE,15-1
CNA1D15A2E,15-3
CNA1D15ANE,15-7
CNA1D15AiE,15-4
CNA1D15B5E,15-6
CNA1D15BQE,15-10
CNA1D15BkE,15-5
CNA1D15C7E,15-9
CNA1D15CSE,15-1
CNA1D15CnE,15-3
CNA1D15DAE,15-7
CNA1D15DWE,15-4
CNA1D15DsE,15-6
CNA1D15EGE,15-10
CNA1D15EcE,15-5
CNA1D15F0E,15-9
CNA1D15FNE,15-1
CNA1D15FkE,15-3
CNA1D15G9E,15-7
CNA1D15GXE,15-4
CNA1D15GvE,15-6
CNA1D15HLE,15-10
CNA1D15HjE,15-5
CNA1D15I7E,15-17
CNA1D15ITE,15-1
CNA1D15InE,15-19
CNA1D15J9E,15-7
CNA1D15JTE,15-4
CNA1D15JoE,15-6
CNA1D15K9E,15-10
CNA1D15KSE,15-5
CNA1D15L5E,15-1
CNA1D15LhE,15-7
CNA1D15MLE,15-6
CNA1D15MwE,15-5
CNA1F95Xa,9-1
CNA1F95ka,1-14
CNA1F95xa,10-5
CNA1F96Ca,9-5
CNA1F96Oa,9-2
CNA1F96aa,8-4
CNA1F96la,9-6
CNA1F96wa,9-4
CNA1F9797,9-7
CNA1F97J7,9-3
CNA1F97T7,17-7
CNA1F97d7,9-8
CNA1F97m7,9-11
CNA1F97w7,9-12
CNA1F9887,8-5
CNA1F98I7,9-15
CNA1F98S7,1-18
CNA1F98ca,74-1
CNA1F98ma,9-4
CNA1F992a,10-10
CNA1F99Ha,17-7
CNA1F99Wa,9-13
CNA1F99la,9-12
CNA1F9A2a,9-15
CNA1F9AGa,9-17
CNA1F9AUa,9-4
CNA1F9Aia,10-10
CNA1F9Awa,17-7
CNA1F9BCa,9-13
CNA1F9BQa,9-12
CNA1F9Bfa,9-15
CNA1F9Bta,9-17
CNA1F9C9a,9-4
CNA1F9CNa,10-4
CNA1F9Cba,17-7
CNA1F9Cpa,9-13
CNA1F9D6a,9-12
CNA1F9DLa,9-15
CNA1F9Daa,9-17
CNA1F9Doa,9-4
CNA1F9E4a,10-4
CNA1F9EJa,17-4
CNA1F9EQa,74-11
CNA1F9EWa,9-13
CNA1F9Eca,9-19
CNA1F9Eia,9-20
CNA1F9Epa,9-12
CNA1F9Eva,9-22
CNA1F9F3a,9-15
CNA1F9F97,9-23
CNA1F9FF7,9-24
CNA1F9FL7,9-25
CNA1F9FS7,9-26
CNA1F9FX7,8-39
CNA1F9Fd7,9-4
CNA1F9Fi7,9-19
CNA1F9Fo7,9-29
CNA1F9Ft7,10-4
CNA1F9G07,9-30
CNA1F9G57,9-31
CNA1F9GA7,9-15
CNA1F9GF7,9-33
CNA1F9GK7,9-21
CNA1F9GP7,9-24
CNA1F9GU7,9-13
CNA1F9GZ7,9-26
CNA1F9Gf7,9-20
CNA1F9Gk7,9-4
CNA1F9Gp7,9-35
CNA1F9Gu7,48-3
CNA1F9H17,9-29
CNA1F9H67,9-23
CNA1F9HB7,9-30
CNA1F9HG7,9-25
CNA1F9HL7,9-15
CNA1F9HQ7,9-32
CNA1F9HV7,9-21
CNA1F9Ha7,9-13
CNA1F9Hf7,9-19
CNA1F9Hk7,9-27
CNA1F9Hp7,9-20
CNA1F9Hu7,9-35
CNA1F9I17,9-31
CNA1F9I5a,9-34
CNA1F9IAa,9-33
CNA1F9IFa,9-24
CNA1F9IJa,1-69
CNA1F9IPa,9-15
CNA1F9Iba,9-4
CNA1F9Ioa,48-1
CNA1F9J7a,9-28
CNA1F9JPa,9-27
CNA1F9Jia,9-34
CNA1F9K3a,15-9
CNA1F9KMa,48-1
CNA1F9Kga,9-28
CNA1F9L1a,17-3
CNA1F9LLa,9-34
CNA1F9Lna,48-1
CNA1F9MHa,9-15
CNA1F9Mka,9-34
CNA1F9NEa,48-1
CNA1F9Nga,9-15
CNA1F9OAa,9-34
CNA1F9Oda,48-1
CNA2D155d8,15-2
CNA2D156H8,15-4
CNA2D156t8,15-1
CNA2D157Y8,15-3
CNA2D158C8,15-2
CNA2D158p8,15-4
CNA2D159E8,15-6
CNA2D159b8,15-1
CNA2D15A08,15-5
CNA2D15AO8,15-3
CNA2D15Am8,15-7
CNA2D15BB8,15-2
CNA2D15BZ8,15-4
CNA2D15Bx8,15-6
CNA2D15CN8,15-1
CNA2D15Cm8,15-5
CNA2D15DD8,15-3
CNA2D15Db8,15-7
CNA2D15E18,15-2
CNA2D15EP8,15-4
CNA2D15En8,15-6
CNA2D15FD8,15-1
CNA2D15Fc8,15-5
CNA2D15G38,15-3
CNA2D15GR8,15-7
CNA2D15Gp8,15-2
CNA2D15HF8,15-4
CNA2D15Hd8,15-6
CNA2D15I38,15-1
CNA2D15IR8,15-5
CNA2D15Iq8,15-3
CNA2D15JG8,15-7
CNA2D15Jd8,15-2
CNA2D15K38,15-4
CNA2D15KR8,15-6
CNA2D15Kr8,15-1
CNA2D15LJ8,15-5
CNA2D15Lu8,15-7
CNA2D15MY8,15-4
CNA2F9645,9-2
CNA2F96Z5,9-1
CNA2F9765,9-3
CNA2F97a5,9-2
CNA2F9875,9-1
CNA2F98c5,9-3
CNA2F9995,9-2
CNA2F99X5,9-4
CNA2F99t5,9-1
CNA2F9AI5,9-3
CNA2F9Ah5,9-2
CNA2F9B75,9-4
CNA2F9BW5,9-1
CNA2F9Bu5,9-3
CNA2F9CL5,9-2
CNA2F9Ck5,9-4
CNA2F9DB5,9-1
CNA2F9Da5,9-3
CNA2F9E15,9-2
CNA2F9EQ5,9-4
CNA2F9Ep5,9-1
CNA2F9FG5,9-3
CNA2F9Ff5,9-2
CNA2F9G65,9-4
CNA2F9GV5,9-1
CNA2F9Gu5,9-3
CNA2F9HL5,9-2
CNA2F9Hk5,9-4
CNA2F9IB5,9-1
CNA2F9IZ5,9-3
CNA2F9Ix5,9-2
CNA2F9JM5,9-4
CNA2F9Jk5,9-1
CNA2F9KA5,9-3
CNA2F9KX5,9-2
CNA2F9Ku5,9-4
CNA2F9LL5,9-1
CNA2F9Lp5,9-3
CNA2F9MM5,9-2
CNA2F9Mr5,9-1
CNA2F9NN5,9-3
CNA2F9Ns5,9-2
CNA3D156j8,15-2
CNA3D157A8,15-4
CNA3D157a8,15-6
CNA3D15818,15-1
CNA3D158S8,15-3
CNA3D158s8,15-5
CNA3D159K8,15-2
CNA3D159l8,15-4
CNA3D15AE8,15-6
CNA3D15Ag8,15-1
CNA3D15BA8,15-3
CNA3D15Bb8,15-5
CNA3D15C58,15-2
CNA3D15CY8,15-4
CNA3D15D28,15-6
CNA3D15DV8,15-1
CNA3D15Dx8,15-3
CNA3D15ER8,15-5
CNA3D15Et8,15-2
CNA3D15FO8,15-4
CNA3D15Fq8,15-6
CNA3D15GL8,15-1
CNA3D15Gn8,15-3
CNA3D15HH8,15-5
CNA3D15Hj8,15-2
CNA3D15ID8,15-4
CNA3D15If8,15-6
CNA3D15J98,15-1
CNA3D15Ja8,15-3
CNA3D15K38,15-5
CNA3D15KS8,15-2
CNA3D15L58,15-4
CNA3D15Lg8,15-1
CNA3F96P5,9-1
CNA3F96r5,9-3
CNA3F97O5,9-2
CNA3F97u5,9-1
CNA3F98P5,9-3
CNA3F98v5,9-2
CNA3F99S5,9-1
CNA3F99w5,9-3
CNA3F9AU5,9-2
CNA3F9B25,9-1
CNA3F9BZ5,9-3
CNA3F9C85,9-2
CNA3F9Cf5,9-1
CNA3F9DE5,9-3
CNA3F9Dm5,9-2
CNA3F9EL5,9-1
CNA3F9Es5,9-3
CNA3F9FS5,9-2
CNA3F9G15,9-1
CNA3F9GY5,9-3
CNA3F9H85,9-2
CNA3F9Hf5,9-1
CNA3F9IE5,9-3
CNA3F9Ik5,9-2
CNA3F9JH5,9-1
CNA3F9Jn5,9-3
CNA3F9KL5,9-2
CNA3F9Kr5,9-1
CNA3F9Lc5,9-3
CNA3F9MO5,9-1
Dwr18885Ym,188-1
Dwr188860m,188-1
Dwr18886Qm,188-1
Dwr18886sH,188-1
Dwr18887Nj,188-1
Dwr18887sj,188-1
Dwr18888Pj,188-1
Dwr1888EtH,110-1
Dwr1888FPH,110-1
Dwr1888Fuj,110-1
Dwr1888GTj,110-1
Dwr1888H2j,110-1
Dwr1888HYH,110-1
Dwr1888I3m,110-1
Dwr1888IVm,110-1
Dwr1F75O0,7-1
Dwr1F75d0,7-3
Dwr1F75t0,7-5
Dwr1F76A0,7-6
Dwr1F76P0,7-2
Dwr1F76d0,7-8
Dwr1F76o0,7-4
Dwr1F7700,7-1
Dwr1F77A0,7-10
Dwr1F77K0,7-3
Dwr1F77U0,7-7
Dwr1F77e0,7-5
Dwr1F77o0,7-6
Dwr1F7800,7-9
Dwr1F78A0,7-2
Dwr1F78L0,7-8
Dwr1F78W0,7-4
Dwr1F78i0,7-1
Dwr1F78w0,7-10
Dwr1F79C0,7-7
Dwr1F79R0,7-5
Dwr1F79g0,7-9
Dwr1F79u0,7-2
Dwr1F7AA0,7-8
Dwr1F7AO0,7-1
Dwr1F7Ac0,7-10
Dwr1F7Aq0,7-7
Dwr1F7B60,7-5
Dwr1F7BL0,7-9
Dwr1F7BZ0,7-2
Dwr1F7Bn0,7-8
Dwr1F7C30,7-1
Dwr1F7CH0,7-10
Dwr1F7CV0,7-7
Dwr1F7Ck0,7-5
Dwr1F7D10,7-9
Dwr1F7DF0,7-2
Dwr1F7DT0,7-8
Dwr1F7Dh0,7-1
Dwr1F7Dv0,7-10
Dwr1F7EC0,7-7
Dwr1F7ER0,7-5
Dwr1F7Eg0,7-9
Dwr1F7Ev0,7-2
Dwr1F7FB0,7-8
Dwr1F7FN0,7-13
Dwr1F7FY0,7-1
Dwr1F7Fi0,7-11
Dwr1F7Fs0,7-10
Dwr1F7G40,7-7
Dwr1F7GE0,7-5
Dwr1F7GO0,7-12
Dwr1F7GY0,7-9
Dwr1F7Gi0,7-2
Dwr1F7Gr0,7-14
Dwr1F7H20,7-8
Dwr1F7HB0,7-13
Dwr1F7HL0,7-1
Dwr1F7HV0,7-11
Dwr1F7Hf0,7-10
Dwr1F7Hp0,7-7
Dwr1F7I10,7-5
Dwr1F7IB0,7-12
Dwr1F7IK0,7-9
Dwr1F7IT0,7-2
Dwr1F7Id0,7-14
Dwr1F7In0,7-8
Dwr1F7Ix0,7-13
Dwr1F7JA0,7-11
Dwr1F7JS0,7-7
Dwr1F7Jk0,7-12
Dwr1F7K40,7-2
Dwr1F7KN0,7-8
Dwr1F7Kg0,7-11
Dwr1F7L00,7-7
Dwr1F7LH0,7-12
Dwr1F7LZ0,7-2
Dwr1F7Ls0,7-8
Dwr1F7MF0,7-11
Dwr1F7Mb0,7-7
Dwr1F7N70,7-2
Dwr1F7Na0,7-8
Dwr1F7O60,7-7
Dwr1F7OZ0,7-2
Dwr1F7P40,7-8
Dwr1F7PY0,7-7
Dwr2F75T0,7-1
Dwr2F75x0,7-3
Dwr2F76T0,7-2
Dwr2F76x0,7-1
Dwr2F77T0,7-3
Dwr2F77x0,7-2
Dwr2F78U0,7-1
Dwr2F7900,7-3
Dwr2F79U0,7-2
Dwr2F79t0,7-4
Dwr2F7AI0,7-1
Dwr2F7Af0,7-3
Dwr2F7B50,7-2
Dwr2F7BT0,7-4
Dwr2F7Br0,7-1
Dwr2F7CH0,7-3
Dwr2F7Cf0,7-2
Dwr2F7D50,7-4
Dwr2F7DT0,7-1
Dwr2F7Dr0,7-3
Dwr2F7EH0,7-2
Dwr2F7Ef0,7-4
Dwr2F7F50,7-1
Dwr2F7FU0,7-3
Dwr2F7Fs0,7-2
Dwr2F7GI0,7-4
Dwr2F7Gg0,7-1
Dwr2F7H70,7-3
Dwr2F7HV0,7-2
Dwr2F7Ht0,7-4
Dwr2F7IJ0,7-1
Dwr2F7Ih0,7-3
Dwr2F7J70,7-2
Dwr2F7Jb0,7-4
Dwr2F7K70,7-1
Dwr2F7Kb0,7-2
Dwr2F7L70,7-4
Dwr2F7Lb0,7-1
Dwr2F7M70,7-2
Dwr2F7Mb0,7-4
Dwr2F7N60,7-1
Dwr2F7Na0,7-2
Dwr2F7O60,7-4
Dwr2F7OY0,7-1
Dwr2F7P40,7-2
Dwr2F7PY0,7-4
Dwr3F75t0,7-2
Dwr3F76P0,7-1
Dwr3F76t0,7-3
Dwr3F77P0,7-2
Dwr3F77t0,7-1
Dwr3F78P0,7-3
Dwr3F78t0,7-2
Dwr3F79P0,7-1
Dwr3F79p0,7-4
Dwr3F7AF0,7-3
Dwr3F7Ac0,7-2
Dwr3F7B10,7-1
Dwr3F7BP0,7-4
Dwr3F7Bn0,7-3
Dwr3F7CD0,7-2
Dwr3F7Cb0,7-1
Dwr3F7D10,7-4
Dwr3F7DP0,7-3
Dwr3F7Dn0,7-2
Dwr3F7ED0,7-1
Dwr3F7Eb0,7-4
Dwr3F7F10,7-3
Dwr3F7FQ0,7-2
Dwr3F7Fo0,7-1
Dwr3F7GE0,7-4
Dwr3F7Gc0,7-3
Dwr3F7H30,7-2
Dwr3F7HR0,7-1
Dwr3F7Hp0,7-4
Dwr3F7IF0,7-3
Dwr3F7Ic0,7-2
Dwr3F7J10,7-1
Dwr3F7JP0,7-4
Dwr3F7Jm0,7-3
Dwr3F7KB0,7-2
Dwr3F7KZ0,7-1
Dwr3F7L00,7-4
Dwr3F7Li0,7-2
Dwr3F7MS0,7-4
Dwr3F7NC0,7-2
Dwr3F7Nv0,7-4
EgV16625f0,162-3
EgV1662680,162-1
EgV16626M0,9-7
EgV16626a0,162-4
EgV16626o0,157-5
EgV1662740,162-3
EgV16627I0,162-6
EgV16627X0,162-1
EgV16627m0,162-5
EgV1662830,162-4
EgV16628H0,9-1
EgV16628W0,162-3
EgV16628k0,162-5
EgV1662910,162-1
EgV16629U0,9-17
EgV16629w0,162-3
EgV1662AQ0,162-1
EgV1662As0,162-2
EgV1662BL0,162-3
EgV1662Bm0,162-1
EgV1662CF0,162-2
EgV1662Cg0,162-3
EgV1662DA0,162-1
EgV1662Db0,162-2
EgV1662E50,162-3
EgV1662EY0,133-3
EgV1662F30,171-3
EgV1662FX0,8-42
EgV1662G30,162-9
EgV1662GX0,162-1
EgV1662H30,162-2
EgV1662HX0,162-9
EgV1662I20,162-1
EgV1662IU0,3-40
EgV1672660,172-1
EgV16726b0,172-2
EgV16726r0,1-27
EgV16727B0,172-1
EgV16727S0,9-1
EgV16727j0,172-2
EgV1672810,8-21
EgV16728K0,172-1
EgV16728a0,172-3
EgV16728s0,172-2
EgV16729A0,9-7
EgV16729S0,172-1
EgV16729h0,8-26
EgV1672A10,172-2
EgV1672AY0,172-1
EgV1672B60,172-2
EgV1672Bd0,172-1
EgV1672CB0,172-2
EgV1672Ch0,172-1
EgV1672DG0,172-2
EgV1672Dn0,172-1
EgV1672EN0,172-2
EgV1672Ev0,172-1
EgV1672FX0,9-21
EgV1672G80,1-60
EgV1672Gi0,178-3
EgV1672HJ0,9-34
EgV1672Hv0,178-3
EgV1672IS0,1-6
EgV1672Ix0,1-74
EgV1672JY0,1-6
EgV1672KG0,8-39
EgV1672LG0,8-39
EgV1915w0,91-1
EgV1916X0,91-1
EgV191790,91-1
EgV1917k0,91-1
EgV1918N0,91-1
EgV191900,91-1
EgV1919b0,91-1
EgV191AE0,91-1
EgV191Aq0,91-1
EgV191BU0,91-1
EgV191C80,91-1
EgV191Ck0,91-1
EgV191DO0,91-1
EgV191E20,91-1
EgV191Ed0,91-1
EgV191FH0,91-1
EgV191Ft0,91-1
EgV191GX0,91-1
EgV191HB0,91-1
EgV191Hn0,91-1
EgV191IQ0,91-1
EgV191J10,91-1
EgV26726a0,172-1
EgV26727b0,172-1
EgV26728a0,172-1
EgV26729d0,172-1
EgV2672Ah0,172-1
EgV2672Bl0,172-1
EgV2672Cp0,172-1
EgV2672Dt0,172-1
EgV2672Ex0,172-1
EgV2672G30,172-1
EgV2672H70,172-1
EgV2672IB0,172-1
EgV2916X0,91-1
EgV291790,91-1
EgV2917j0,91-1
EgV2918M0,91-1
EgV2918x0,91-1
EgV2919b0,91-1
EgV291AE0,91-1
EgV291Aq0,91-1
EgV291BU0,91-1
EgV291C80,91-1
EgV291Ck0,91-1
EgV291DO0,91-1
EgV291E20,91-1
EgV291Ed0,91-1
EgV291FH0,91-1
EgV291Ft0,91-1
EgV291GX0,91-1
EgV291HB0,91-1
EgV291Hn0,91-1
EgV291IQ0,91-1
EgV291J10,91-1
EgV36727b0,172-1
EgV36728a0,172-1
EgV36729d0,172-1
EgV3672Ah0,172-1
EgV3672Bl0,172-1
EgV3672Cp0,172-1
EgV3672Dt0,172-1
EgV3672Ex0,172-1
EgV3672G30,172-1
EgV3672H70,172-1
EgV3672IB0,172-1
EgV391790,91-1
EgV3917j0,91-1
EgV3918M0,91-1
EgV3918x0,91-1
EgV3919b0,91-1
EgV391AE0,91-1
EgV391Aq0,91-1
EgV391BU0,91-1
EgV391C80,91-1
EgV391Ck0,91-1
EgV391DO0,91-1
EgV391E20,91-1
EgV391Ed0,91-1
EgV391FH0,91-1
EgV391Ft0,91-1
EgV391GX0,91-1
EgV391HB0,91-1
EgV391Hn0,91-1
EgV391IQ0,91-1
EgV391J10,91-1
Eh916625bO,162-4
Eh9166263O,162-3
Eh916626VO,162-1
Eh916626xW,162-4
Eh916627Rd,162-3
Eh916627vd,162-1
Eh916628Rd,162-4
Eh916628ud,162-3
Eh916629PW,162-1
Eh916629sW,162-2
Eh91662AMO,162-3
Eh91662AoO,162-1
Eh91662BHO,162-2
Eh91662BiO,162-3
Eh91662CBO,162-1
Eh91662CcO,162-2
Eh91662D5W,162-3
Eh91662DXW,162-1
Eh91662E0W,162-2
Eh91662ESd,162-1
Eh91662Ehd,162-7
Eh91662Ewd,162-2
Eh91662FDl,162-8
Eh91662FRl,162-1
Eh91662Fgl,162-7
Eh91662Fvl,162-2
Eh91662GCl,162-8
Eh91662GRl,162-9
Eh91662Ggd,162-7
Eh91662Gvd,162-1
Eh91662HCd,162-8
Eh91662HRd,3-40
Eh91662HgW,162-7
Eh91662HvW,162-9
Eh91662IBO,162-8
Eh91662IPO,162-1
Eh9167168B,171-1
Eh916716dB,171-2
Eh916717DM,171-1
Eh916717mM,171-2
Eh916718MM,171-1
Eh916718vM,171-2
Eh916719UM,171-1
Eh91671A4M,171-2
Eh91671AaM,171-1
Eh91671B9M,171-2
Eh91671BfM,171-1
Eh91671CEM,171-2
Eh91671CkM,171-1
Eh91671DJM,171-2
Eh91671DpM,171-1
Eh91671EPM,171-2
Eh91671EhX,172-4
Eh91671ExX,171-1
Eh91671FEX,5-6
Eh91671FSX,171-3
Eh91671FgX,171-2
Eh91671FuX,74-26
Eh91671GAX,171-1
Eh91671GPX,172-1
Eh91671GfX,171-2
Eh91671GvX,1-56
Eh91671HDX,171-4
Eh91671HTX,171-1
Eh91671HjX,171-5
Eh91671I1X,171-2
Eh91671IJM,172-1
Eh91671IdM,189-7
Eh91671J2B,171-5
Eh91671K40,171-5
Eh91671L40,171-5
Eh91671M40,9-28
Eh916726O9,172-1
Eh916726u9,172-2
Eh916727V9,172-1
Eh91672859,172-2
Eh916728e9,172-1
Eh916729E9,172-2
Eh916729l9,172-1
Eh91672AK9,172-2
Eh91672Ar9,172-1
Eh91672BP9,172-2
Eh91672Bw9,172-1
Eh91672CUJ,172-2
Eh91672D3J,172-1
Eh91672DZJ,172-2
Eh91672E8J,172-1
Eh91672EYJ,9-21
Eh91672EpJ,172-2
Eh91672F7J,1-60
Eh91672FLJ,172-1
Eh91672FZJ,172-4
Eh91672FnJ,178-3
Eh91672G3J,9-32
Eh91672GHJ,9-34
Eh91672GXJ,172-4
Eh91672GnJ,172-5
Eh91672H5J,178-3
Eh91672HLJ,172-1
Eh91672HbJ,1-6
Eh91672Hr9,172-5
Eh91672IA9,1-74
Eh91672IT9,1-58
Eh91672Iox,1-6
Eh91672JWx,8-39
Eh91672KXx,8-39
Eh91672LXx,8-39
Eh916796WG,179-1
Eh916796xG,179-2
Eh916797SX,179-1
Eh916797wX,179-2
Eh916798SX,179-1
Eh916798wX,179-2
Eh91679EMG,5-13
Eh91679EaX,179-3
Eh91679EpX,179-4
Eh91679F5X,179-5
Eh91679FKX,189-7
Eh91679FZX,179-3
Eh91679FoX,179-4
Eh91679G5X,179-5
Eh91679GKX,189-7
Eh91679GZX,179-3
Eh91679GoX,179-4
Eh91679H5X,179-5
Eh91679HKX,145-3
Eh91679HZX,179-3
Eh91679HoX,1-56
Eh91679I5G,146-1
Eh91679IJG,17-4
Eh91679IXG,179-3
Eh91679J0G,146-1
Eh91745Hk,74-2
Eh91745ck,74-8
Eh91745pk,74-9
Eh917464k,74-5
Eh91746Ik,74-4
Eh91746Uu,74-7
Eh91746hu,74-10
Eh91746vu,74-14
Eh91747Bu,74-12
Eh91747Pu,74-3
Eh91747du,74-15
Eh91747qu,74-11
Eh917486u,74-6
Eh91748Ku,74-2
Eh91748ku,74-8
Eh91749Du,74-16
Eh91749du,74-7
Eh9174A5u,74-1
Eh9174AVu,74-3
Eh9174Avu,74-11
Eh9174BNu,74-2
Eh9174Bnu,74-8
Eh9174CFu,74-16
Eh9174Cfu,74-7
Eh9174D8u,74-1
Eh9174DZ7,74-3
Eh9174E17,74-17
Eh9174ER7,74-2
Eh9174Eg7,74-20
Eh9174Eu7,74-8
Eh9174FB7,74-22
Eh9174FP7,74-25
Eh9174Fd7,74-19
Eh9174Fr7,74-7
Eh9174G77,74-21
Eh9174GM7,74-1
Eh9174Ga7,74-23
Eh9174Gp7,74-26
Eh9174H67,74-18
Eh9174HK7,74-17
Eh9174HZ7,74-24
Eh9174Hn7,74-2
Eh9174I2u,74-20
Eh9174IHu,74-8
Eh9174IVu,74-22
Eh9174Iju,74-25
Eh9174JAu,74-7
Eh9174JZu,74-1
Eh9174K0u,74-26
Eh9174KQu,179-5
Eh9174Kpk,74-2
Eh9174LFk,74-8
Eh9174Lek,74-25
Eh9174M4k,74-7
Eh91889670,189-2
Eh918896j0,189-1
Eh918897P0,189-2
Eh9188985H,189-1
Eh918898kH,189-2
Eh91889EWH,189-5
Eh91889EjH,2-1
Eh91889ExH,133-3
Eh91889FCH,189-6
Eh91889FQH,189-8
Eh91889FeH,1-69
Eh91889FrH,189-5
Eh91889G7H,5-6
Eh91889GLH,9-12
Eh91889GYH,189-6
Eh91889GmH,171-3
Eh91889H2H,157-6
Eh91889HGH,189-7
Eh91889HUH,172-4
Eh91889HiH,1-70
Eh91889HvH,189-6
Eh91889IGH,178-3
Eh91889IaH,171-4
Eh91889IuH,3-40
Eh91BLUE5E2,1-5
Eh91BLUE5R2,162-2
Eh91BLUE5c2,1-13
Eh91BLUE5o2,1-21
Eh91BLUE602,74-1
Eh91BLUE6A2,1-24
Eh91BLUE6L2,1-25
Eh91BLUE6WK,1-7
Eh91BLUE6hK,1-6
Eh91BLUE6tK,1-12
Eh91BLUE76K,1-14
Eh91BLUE7IK,1-5
Eh91BLUE7UK,1-39
Eh91BLUE7hK,1-9
Eh91BLUE7tK,1-46
Eh91BLUE87K,1-33
Eh91BLUE8KK,1-50
Eh91BLUE8WK,1-16
Eh91BLUE8jK,1-45
Eh91BLUE8wK,1-43
Eh91BLUE9AK,1-6
Eh91BLUE9MK,1-30
Eh91BLUE9YK,1-3
Eh91BLUE9lK,1-5
Eh91BLUE9xK,1-44
Eh91BLUEABK,1-22
Eh91BLUEANK,1-27
Eh91BLUEAZK,1-13
Eh91BLUEAlK,1-42
Eh91BLUEAxK,1-8
Eh91BLUEBAK,1-38
Eh91BLUEBLK,1-23
Eh91BLUEBXK,1-2
Eh91BLUEBjK,1-7
Eh91BLUEBvK,1-10
Eh91BLUEC9K,1-12
Eh91BLUECLK,1-37
Eh91BLUECXK,1-51
Eh91BLUECkK,1-39
Eh91BLUECwK,1-9
Eh91BLUEDAK,1-46
Eh91BLUEDMK,1-33
Eh91BLUEDYK,1-50
Eh91BLUEDkK,1-16
Eh91BLUEDwK,1-45
Eh91BLUEEAK,1-43
Eh91BLUEEMK,1-6
Eh91BLUEES2,1-52
Eh91BLUEEXK,1-30
Eh91BLUEEc2,1-53
Eh91BLUEEhK,1-54
Eh91BLUEEl2,1-3
Eh91BLUEEpK,1-55
Eh91BLUEEtK,1-56
Eh91BLUEEwK,1-5
Eh91BLUEF1K,1-57
Eh91BLUEF5K,15-17
Eh91BLUEF92,1-44
Eh91BLUEFDK,70-8
Eh91BLUEFH2,9-27
Eh91BLUEFLK,1-22
Eh91BLUEFP2,172-5
Eh91BLUEFTK,1-64
Eh91BLUEFWK,1-66
Eh91BLUEFaK,177-2
Eh91BLUEFe2,1-70
Eh91BLUEFiK,17-4
Eh91BLUEFmK,1-46
Eh91BLUEFpK,1-72
Eh91BLUEFt2,1-73
Eh91BLUEFxK,1-33
Eh91BLUEG32,1-74
Eh91BLUEG7K,1-75
Eh91BLUEGB2,1-50
Eh91BLUEGFK,1-76
Eh91BLUEGJ2,171-5
Eh91BLUEGNK,1-16
Eh91BLUEGR2,1-52
Eh91BLUEGVK,1-60
Eh91BLUEGZ2,1-45
Eh91BLUEGdK,1-68
Eh91BLUEGh2,1-8
Eh91BLUEGlK,1-43
Eh91BLUEGp2,1-3
Eh91BLUEGtK,74-3
Eh91BLUEH02,1-2
Eh91BLUEH4K,8-39
Eh91BLUEH92,1-46
Eh91BLUEHEK,1-30
Eh91BLUEHJK,189-5
Eh91BLUEHOK,1-54
Eh91BLUEHU2,162-2
Eh91BLUEHaK,1-12
Eh91BLUEHhK,1-5
Eh91BLUEHoK,1-7
Eh91BLUEHw2,1-22
Eh91BLUEI6K,179-5
Eh91BLUEIFK,1-39
Eh91BLUEINK,10-7
Eh91BLUEIgK,1-75
Eh91BLUEJ2K,1-16
Eh91BLUEJPK,1-74
Eh91BLUEJlK,9-15
Eh91BLUEK9K,1-7
Eh91BLUEKWK,74-17
Eh91BLUEKvK,1-75
Eh91BLUELOK,1-16
Eh91BLUELqK,6-20
Eh91BLUEMKK,171-5
Eh91BLUEMnK,74-17
Eh91BLUENK2,28-10
Eh91BLUENn2,1-74
Eh91BLUEOI2,6-20
Eh91BLUEOm2,74-2
Eh91F8533,8-2
Eh91F85K3,8-5
Eh91F85a3,8-11
Eh91F85p3,8-15
Eh91F85x3,8-7
Eh91F8663,8-16
Eh91F86D3,8-1
Eh91F86K3,8-17
Eh91F86S3,8-18
Eh91F86ZD,8-3
Eh91F86gD,8-22
Eh91F86nD,8-9
Eh91F86uD,8-12
Eh91F873D,8-10
Eh91F87BD,8-14
Eh91F87ID,8-2
Eh91F87QD,8-6
Eh91F87XD,8-24
Eh91F87fD,8-7
Eh91F87mN,8-28
Eh91F87uN,8-23
Eh91F884N,8-30
Eh91F88CN,8-31
Eh91F88KN,8-15
Eh91F88SN,8-27
Eh91F88aN,8-16
Eh91F88pN,8-29
Eh91F896N,8-14
Eh91F89MD,8-9
Eh91F89aD,8-10
Eh91F89qD,8-2
Eh91F8A7D,8-24
Eh91F8AMD,8-28
Eh91F8AbD,8-30
Eh91F8AqD,8-15
Eh91F8B7D,8-16
Eh91F8BMD,8-29
Eh91F8BbD,8-14
Eh91F8BqD,8-9
Eh91F8C7D,8-10
Eh91F8CMD,8-2
Eh91F8CbD,8-24
Eh91F8CqD,8-28
Eh91F8D7D,8-30
Eh91F8DMD,8-15
Eh91F8DbD,8-16
Eh91F8DjD,5-12
Eh91F8DqD,8-29
Eh91F8E0D,16-15
Eh91F8E7D,8-14
Eh91F8EFD,6-13
Eh91F8END,8-9
Eh91F8EVD,162-3
Eh91F8EdD,8-10
Eh91F8EhD,8-35
Eh91F8EkD,8-36
Eh91F8EoD,5-3
Eh91F8EsD,8-2
Eh91F8EwD,8-38
Eh91F8F1N,9-17
Eh91F8F5N,19-6
Eh91F8F9N,8-24
Eh91F8FDN,8-40
Eh91F8FHN,13-14
Eh91F8FLN,8-41
Eh91F8FPN,8-28
Eh91F8FTN,6-16
Eh91F8FXN,74-16
Eh91F8FbN,8-45
Eh91F8FfN,8-30
Eh91F8FjN,8-46
Eh91F8FnN,5-12
Eh91F8FrN,172-2
Eh91F8FvN,8-15
Eh91F8G1N,8-42
Eh91F8G5N,8-34
Eh91F8G9N,1-27
Eh91F8GDN,8-16
Eh91F8GHN,1-13
Eh91F8GLN,6-13
Eh91F8GQN,8-48
Eh91F8GUN,8-29
Eh91F8GYN,9-22
Eh91F8GcN,8-35
Eh91F8GhN,8-47
Eh91F8GlN,8-14
Eh91F8GqN,9-28
Eh91F8GuN,8-38
Eh91F8H1N,8-9
Eh91F8H6N,1-23
Eh91F8HBN,8-40
Eh91F8HGN,8-44
Eh91F8HLN,8-10
Eh91F8HRN,6-16
Eh91F8HXN,1-67
Eh91F8HdN,8-2
Eh91F8HkN,8-46
Eh91F8HrN,8-24
Eh91F8HxN,1-73
Eh91F8I8N,172-2
Eh91F8IEN,8-28
Eh91F8IMN,8-30
Eh91F8ITN,8-48
Eh91F8IbD,8-15
Eh91F8IiD,9-25
Eh91F8IqD,8-16
Eh91F8J7D,8-29
Eh91F8JOD,8-14
Eh91F8JgD,8-43
Eh91F8K0D,8-2
Eh91F8KKD,8-24
Eh91F8KjD,8-30
Eh91F8LB3,8-15
Eh91F8Laq,1-74
Eh91F8M1q,8-43
Eh91F8MQq,8-39
Eh91F8Mpq,8-37
Eh91F8NGq,1-75
Eh91F8Nfq,74-8
Eh91F8O6q,8-43
Eh91F8OVq,8-39
Eh91F8Ovq,8-37
Eh91F95Fw,9-1
Eh91F95Sw,1-14
Eh91F95fw,10-5
Eh91F95rw,9-5
Eh91F965w,9-2
Eh91F96Hw,8-4
Eh91F96Rw,9-6
Eh91F96cF,9-4
Eh91F96mF,9-7
Eh91F96vF,9-3
Eh91F977F,17-7
Eh91F97HF,9-8
Eh91F97QF,9-11
Eh91F97aF,9-12
Eh91F97kF,8-5
Eh91F97uF,9-15
Eh91F986F,1-18
Eh91F98HF,74-1
Eh91F98SF,9-4
Eh91F98gF,10-10
Eh91F98vF,17-7
Eh91F99CF,9-13
Eh91F99RF,9-12
Eh91F99gF,9-15
Eh91F99uF,9-17
Eh91F9AAF,9-4
Eh91F9AOF,10-10
Eh91F9AcF,17-7
Eh91F9AqF,9-13
Eh91F9B6F,9-12
Eh91F9BLF,9-15
Eh91F9BZF,9-17
Eh91F9BnF,9-4
Eh91F9C3F,10-4
Eh91F9CHF,17-7
Eh91F9CVF,9-13
Eh91F9CkF,9-12
Eh91F9D1F,9-15
Eh91F9DGF,9-17
Eh91F9DUF,9-4
Eh91F9DiF,10-4
Eh91F9DwF,17-4
Eh91F9E5F,74-11
Eh91F9EBF,9-13
Eh91F9EHF,9-19
Eh91F9ENF,9-20
Eh91F9ETF,9-12
Eh91F9EZF,9-22
Eh91F9EfF,9-15
Eh91F9EkF,9-23
Eh91F9EqF,9-24
Eh91F9EvF,9-25
Eh91F9F3W,9-26
Eh91F9F8W,8-39
Eh91F9FEW,9-4
Eh91F9FJW,9-19
Eh91F9FOW,9-29
Eh91F9FTW,10-4
Eh91F9FYW,9-30
Eh91F9FdW,9-31
Eh91F9FiW,9-15
Eh91F9FnW,9-33
Eh91F9FsW,9-21
Eh91F9FxW,9-24
Eh91F9G4W,9-13
Eh91F9G9W,9-26
Eh91F9GFW,9-20
Eh91F9GKW,9-4
Eh91F9GPW,9-35
Eh91F9GUW,48-3
Eh91F9GZW,9-29
Eh91F9GeW,9-23
Eh91F9GjW,9-30
Eh91F9GoW,9-25
Eh91F9GtW,9-15
Eh91F9H0W,9-32
Eh91F9H6F,9-21
Eh91F9HBF,9-13
Eh91F9HGF,9-19
Eh91F9HLF,9-27
Eh91F9HRF,9-20
Eh91F9HWF,9-35
Eh91F9HbF,9-31
Eh91F9HgF,9-34
Eh91F9HlF,9-33
Eh91F9HqF,9-24
Eh91F9HvF,1-69
Eh91F9I3F,9-15
Eh91F9IFF,9-4
Eh91F9ITw,48-1
Eh91F9Ikw,9-28
Eh91F9J5w,9-27
Eh91F9JOw,9-34
Eh91F9Jhw,15-9
Eh91F9K2w,48-1
Eh91F9KMw,9-28
Eh91F9Kgw,17-3
Eh91F9L2w,9-34
Eh91F9LUw,48-1
Eh91F9Lxw,9-15
Eh91F9MSw,9-34
Eh91F9Muw,48-1
Eh91F9NOw,9-15
Eh91F9Nqw,9-34
Eh91F9OLw,48-1
Eh926717O0,171-1
Eh926718PB,171-1
Eh926719RB,171-1
Eh92671AUB,171-1
Eh92671BYB,171-1
Eh92671CcB,171-1
Eh92671DgB,171-1
Eh92671EkB,171-1
Eh92671FoB,171-1
Eh92671GsB,171-1
Eh92671HwB,171-1
Eh92671J2B,171-1
Eh926726sn,172-1
Eh926727tn,172-1
Eh926728sn,172-1
Eh926729vx,172-1
Eh92672B1x,172-1
Eh92672C5x,172-1
Eh92672D9x,172-1
Eh92672EDx,172-1
Eh92672FHx,172-1
Eh92672GLx,172-1
Eh92672HPx,172-1
Eh92672ITx,172-1
Eh92745Yk,74-4
Eh92746Gk,74-1
Eh92746sk,74-2
Eh92747Ok,74-5
Eh92747rk,74-3
Eh92748Mk,74-4
Eh92748ok,74-6
Eh92749Jk,74-1
Eh92749lk,74-2
Eh9274AFu,74-5
Eh9274Aju,74-3
Eh9274BFu,74-4
Eh9274Bju,74-6
Eh9274CFu,74-1
Eh9274Cju,74-2
Eh9274DGu,74-5
Eh9274Dku,74-3
Eh9274EHu,74-4
Eh9274Emu,74-6
Eh9274FIu,74-1
Eh9274Fmu,74-2
Eh9274GJu,74-5
Eh9274Gnu,74-3
Eh9274HKu,74-4
Eh9274Hpu,74-6
Eh9274ILu,74-1
Eh9274Ipu,74-2
Eh9274JLu,74-5
Eh9274Jou,74-3
Eh9274KJu,74-4
Eh9274Kmk,74-6
Eh9274LGk,74-1
Eh9274Ljk,74-2
Eh92BLUE5i2,1-5
Eh92BLUE6A2,1-9
Eh92BLUE6b2,1-1
Eh92BLUE752,1-3
Eh92BLUE7X2,1-8
Eh92BLUE802,1-5
Eh92BLUE8P2,1-9
Eh92BLUE8m2,1-1
Eh92BLUE9A2,1-12
Eh92BLUE9W2,1-3
Eh92BLUE9s2,1-8
Eh92BLUEAF2,1-5
Eh92BLUEAZ2,1-14
Eh92BLUEAt2,1-9
Eh92BLUEBF2,1-1
Eh92BLUEBY2,1-12
Eh92BLUEBs2,1-3
Eh92BLUECE2,1-8
Eh92BLUECa2,1-5
Eh92BLUECu2,1-14
Eh92BLUEDG2,1-9
Eh92BLUEDb2,1-1
Eh92BLUEDv2,1-12
Eh92BLUEEH2,1-3
Eh92BLUEEb2,1-8
Eh92BLUEEx2,1-5
Eh92BLUEFJ2,1-14
Eh92BLUEFd2,1-9
Eh92BLUEG02,1-1
Eh92BLUEGK2,1-12
Eh92BLUEGe2,1-3
Eh92BLUEH02,1-8
Eh92BLUEHM2,1-5
Eh92BLUEHg2,1-14
Eh92BLUEI32,1-9
Eh92BLUEIO2,1-1
Eh92BLUEIl2,1-12
Eh92BLUEJF2,1-3
Eh92BLUEJk2,1-4
Eh92BLUEKH2,1-14
Eh92BLUEKn2,1-1
Eh92BLUELK2,8-6
Eh92BLUELo2,8-8
Eh92BLUEMK2,1-5
Eh92BLUEMn2,1-9
Eh92BLUENJ2,1-10
Eh92BLUENm2,1-3
Eh92BLUEOHj,1-4
Eh92BLUEOlj,1-14
Eh92F85Vq,8-2
Eh92F85uq,8-5
Eh92F86Lq,8-4
Eh92F86lq,8-1
Eh92F87E3,8-3
Eh92F87f3,8-2
Eh92F8873,8-5
Eh92F88Y3,8-4
Eh92F8913,8-1
Eh92F89F3,8-7
Eh92F89T3,8-3
Eh92F89h3,8-6
Eh92F89v3,8-2
Eh92F8AC3,8-8
Eh92F8AP3,8-5
Eh92F8Ae3,8-9
Eh92F8As3,8-4
Eh92F8B83,8-7
Eh92F8BM3,8-1
Eh92F8Bb3,8-6
Eh92F8Bq3,8-3
Eh92F8C73,8-8
Eh92F8CL3,8-2
Eh92F8Ca3,8-9
Eh92F8Cp3,8-5
Eh92F8D63,8-7
Eh92F8DL3,8-4
Eh92F8Da3,8-6
Eh92F8Do3,8-1
Eh92F8E53,8-8
Eh92F8EK3,8-3
Eh92F8EY3,8-9
Eh92F8En3,8-2
Eh92F8F43,8-7
Eh92F8FJ3,8-5
Eh92F8FY3,8-6
Eh92F8Fn3,8-4
Eh92F8G43,8-8
Eh92F8GI3,8-1
Eh92F8GX3,8-9
Eh92F8Gm3,8-3
Eh92F8H33,8-7
Eh92F8HH3,8-2
Eh92F8HW3,8-6
Eh92F8Hl3,8-5
Eh92F8I23,8-8
Eh92F8IH3,8-4
Eh92F8IV3,8-9
Eh92F8Ik3,8-1
Eh92F8J03,8-7
Eh92F8JE3,8-3
Eh92F8JS3,8-6
Eh92F8Jf3,8-2
Eh92F8Jt3,8-8
Eh92F8K93,8-5
Eh92F8KN3,8-9
Eh92F8Kb3,8-4
Eh92F8L43,8-1
Eh92F8LV3,8-3
Eh92F8Luq,8-2
Eh92F8MNq,8-5
Eh92F8Mog,8-4
Eh92F8NGg,8-1
Eh92F8Nfg,8-3
Eh92F8O7g,8-2
Eh92F8OXg,8-5
Eh92F8Oxg,8-4
Eh92F95hw,9-2
Eh92F96Ew,9-1
Eh92F96jw,9-3
Eh92F97Fw,9-2
Eh92F97kw,9-1
Eh92F98Hw,9-3
Eh92F98lw,9-2
Eh92F99Bw,9-4
Eh92F99Xw,9-1
Eh92F99uw,9-3
Eh92F9AKw,9-2
Eh92F9Aiw,9-4
Eh92F9B8w,9-1
Eh92F9BWw,9-3
Eh92F9Bvw,9-2
Eh92F9CMw,9-4
Eh92F9Clw,9-1
Eh92F9DCw,9-3
Eh92F9Dbw,9-2
Eh92F9E2w,9-4
Eh92F9ERw,9-1
Eh92F9Eqw,9-3
Eh92F9FHw,9-2
Eh92F9Fgw,9-4
Eh92F9G7w,9-1
Eh92F9GWw,9-3
Eh92F9Gvw,9-2
Eh92F9HMw,9-4
Eh92F9Hlw,9-1
Eh92F9ICw,9-3
Eh92F9Ibw,9-2
Eh92F9J0w,9-4
Eh92F9JOw,9-1
Eh92F9Jmw,9-3
Eh92F9KBw,9-2
Eh92F9KYw,9-4
Eh92F9Kxw,9-1
Eh92F9LTw,9-3
Eh92F9M1w,9-2
Eh92F9MWw,9-1
Eh92F9N2w,9-3
Eh92F9NXw,9-2
Eh936718PB,171-1
Eh936719RB,171-1
Eh93671AUB,171-1
Eh93671BYB,171-1
Eh93671CcB,171-1
Eh93671DgB,171-1
Eh93671EkB,171-1
Eh93671FoB,171-1
Eh93671GsB,171-1
Eh93671HwB,171-1
Eh93671J2B,171-1
Eh936727tn,172-1
Eh936728sn,172-1
Eh936729vx,172-1
Eh93672B1x,172-1
Eh93672C5x,172-1
Eh93672D9x,172-1
Eh93672EDx,172-1
Eh93672FHx,172-1
Eh93672GLx,172-1
Eh93672HPx,172-1
Eh93672ITx,172-1
Eh93746lk,74-2
Eh93747Rk,74-4
Eh93748Bk,74-1
Eh93748sk,74-3
Eh93749bk,74-2
Eh9374AJu,74-4
Eh9374B4u,74-1
Eh9374Bnu,74-3
Eh9374CYu,74-2
Eh9374DKu,74-4
Eh9374E6u,74-1
Eh9374Equ,74-3
Eh9374Fbu,74-2
Eh9374GNu,74-4
Eh9374H9u,74-1
Eh9374Htu,74-3
Eh9374Ieu,74-2
Eh9374JOu,74-4
Eh9374K9u,74-1
Eh93BLUE662,1-4
Eh93BLUE6X2,1-10
Eh93BLUE702,1-8
Eh93BLUE7S2,1-3
Eh93BLUE7t2,1-7
Eh93BLUE8K2,1-4
Eh93BLUE8h2,1-10
Eh93BLUE952,1-12
Eh93BLUE9R2,1-8
Eh93BLUE9n2,1-3
Eh93BLUEAC2,1-7
Eh93BLUEAa2,1-4
Eh93BLUEAx2,1-10
Eh93BLUEBN2,1-12
Eh93BLUEBk2,1-8
Eh93BLUECA2,1-3
Eh93BLUECX2,1-7
Eh93BLUECv2,1-4
Eh93BLUEDK2,1-10
Eh93BLUEDi2,1-12
Eh93BLUEE82,1-8
Eh93BLUEEW2,1-3
Eh93BLUEEu2,1-7
Eh93BLUEFK2,1-4
Eh93BLUEFh2,1-10
Eh93BLUEG72,1-12
Eh93BLUEGV2,1-8
Eh93BLUEGt2,1-3
Eh93BLUEHJ2,1-7
Eh93BLUEHh2,1-4
Eh93BLUEIA2,1-10
Eh93BLUEIe2,1-12
Eh93BLUEJC2,1-8
Eh93BLUEJg2,1-1
Eh93BLUEKE2,1-4
Eh93BLUEKk2,1-10
Eh93BLUELH2,8-7
Eh93BLUELk2,8-8
Eh93BLUEMG2,1-7
Eh93BLUEMj2,1-9
Eh93BLUENF2,1-12
Eh93BLUENm2,1-8
Eh93F85rq,8-1
Eh93F86Kq,8-3
Eh93F86kq,8-5
Eh93F87D3,8-2
Eh93F87e3,8-4
Eh93F8863,8-1
Eh93F88X3,8-3
Eh93F8903,8-5
Eh93F89E3,8-6
Eh93F89R3,8-2
Eh93F89f3,8-7
Eh93F89t3,8-4
Eh93F8AA3,8-8
Eh93F8AO3,8-1
Eh93F8Ad3,8-9
Eh93F8Ar3,8-3
Eh93F8B73,8-6
Eh93F8BL3,8-5
Eh93F8Ba3,8-7
Eh93F8Bo3,8-2
Eh93F8C53,8-8
Eh93F8CK3,8-4
Eh93F8CZ3,8-9
Eh93F8Co3,8-1
Eh93F8D53,8-6
Eh93F8DK3,8-3
Eh93F8DZ3,8-7
Eh93F8Dn3,8-5
Eh93F8E43,8-8
Eh93F8EI3,8-2
Eh93F8EX3,8-9
Eh93F8Em3,8-4
Eh93F8F33,8-6
Eh93F8FI3,8-1
Eh93F8FX3,8-7
Eh93F8Fm3,8-3
Eh93F8G33,8-8
Eh93F8GH3,8-5
Eh93F8GW3,8-9
Eh93F8Gk3,8-2
Eh93F8H13,8-6
Eh93F8HG3,8-4
Eh93F8HV3,8-7
Eh93F8Hk3,8-1
Eh93F8I13,8-8
Eh93F8IG3,8-3
Eh93F8IU3,8-9
Eh93F8Ij3,8-5
Eh93F8Ix3,8-6
Eh93F8JD3,8-2
Eh93F8JR3,8-7
Eh93F8Je3,8-4
Eh93F8Js3,8-8
Eh93F8K83,8-1
Eh93F8KM3,8-9
Eh93F8Ka3,8-3
Eh93F8Ko3,8-6
Eh93F8L43,8-5
Eh93F8LV3,8-2
Eh93F8Luq,8-4
Eh93F8MMq,8-1
Eh93F8Mng,8-3
Eh93F8NGg,8-5
Eh93F8Nhg,8-2
Eh93F964w,9-1
Eh93F96Ww,9-3
Eh93F973w,9-2
Eh93F97Zw,9-1
Eh93F984w,9-3
Eh93F98Zw,9-2
Eh93F996w,9-1
Eh93F99aw,9-3
Eh93F9A8w,9-2
Eh93F9Adw,9-1
Eh93F9BBw,9-3
Eh93F9Biw,9-2
Eh93F9CHw,9-1
Eh93F9Cow,9-3
Eh93F9DOw,9-2
Eh93F9Dvw,9-1
Eh93F9EUw,9-3
Eh93F9F4w,9-2
Eh93F9Fbw,9-1
Eh93F9GAw,9-3
Eh93F9Giw,9-2
Eh93F9HHw,9-1
Eh93F9How,9-3
Eh93F9IOw,9-2
Eh93F9Itw,9-1
Eh93F9JRw,9-3
Eh93F9Jxw,9-2
Eh93F9KVw,9-1
Eh93F9LGw,9-3
Eh93F9M3w,9-1
EhT16626Br,162-4
EhT16626dk,162-3
EhT166278k,162-1
EhT16627bk,162-4
EhT166286k,162-3
EhT16628ak,162-1
EhT166296k,162-4
EhT16629Yk,162-3
EhT1662A2k,162-1
EhT1662AUk,162-2
EhT1662Avk,162-3
EhT1662BOr,162-1
EhT1662Bpr,162-2
EhT1662CIr,162-3
EhT1662Cjr,162-1
EhT1662DCr,162-2
EhT1662Der,162-3
EhT1662E8r,162-1
EhT1662Ear,162-2
EhT1662F5r,162-1
EhT1662FLk,162-7
EhT1662Fak,162-2
EhT1662Fqk,162-8
EhT1662G6k,162-1
EhT1662GLk,162-7
EhT1662Gak,162-2
EhT1662Gpk,162-8
EhT1662H6k,162-9
EhT1662HKk,162-7
EhT1662HZk,162-1
EhT1662Hnr,162-8
EhT1662I4r,3-40
EhT1662IIr,162-7
EhT1662IXr,162-9
EhT1662Ikr,162-8
EhT1662J0r,162-1
EhT16785ox,178-1
EhT16786Ix,178-3
EhT16786lx,178-2
EhT16787Ii,178-1
EhT16787oi,178-3
EhT16788Li,178-2
EhT16788Zi,178-4
EhT16788ri,178-1
EhT16789Pi,178-3
EhT16789tx,178-2
EhT1678APx,178-1
EhT1678Aux,178-3
EhT1678BQx,178-2
EhT1678Bux,178-1
EhT1678CRx,178-3
EhT1678Cvx,178-2
EhT1678DRx,178-1
EhT1678Dwx,178-3
EhT1678ESx,178-2
EhT1678Ewx,178-1
EhT1678FUi,178-3
EhT1678Fki,9-32
EhT1678G2i,178-2
EhT1678GXi,178-1
EhT1678H5i,178-5
EhT1678Hbi,178-2
EhT1678I8i,178-1
EhT1678Icx,178-5
EhT1678J7x,178-2
EhT1F85fG,8-7
EhT1F85vG,8-4
EhT1F86CR,8-3
EhT1F86RR,8-9
EhT1F86ec,8-10
EhT1F86oc,8-14
EhT1F86xc,8-2
EhT1F873o,8-21
EhT1F877o,8-6
EhT1F87Co,8-24
EhT1F87Go,8-19
EhT1F87Ko,8-7
EhT1F87Oo,8-5
EhT1F87So,8-28
EhT1F87W1,8-23
EhT1F87a1,8-1
EhT1F87e1,8-25
EhT1F87j1,8-30
EhT1F87m1,8-11
EhT1F87q1,8-31
EhT1F87t1,8-13
EhT1F87w1,8-18
EhT1F8811,8-15
EhT1F884C,8-8
EhT1F887C,8-27
EhT1F88BC,8-22
EhT1F88EC,8-16
EhT1F88IC,8-20
EhT1F88LC,10-10
EhT1F88PC,8-12
EhT1F88SC,8-29
EhT1F88WC,8-33
EhT1F88ZC,8-17
EhT1F88dC,8-26
EhT1F88gC,9-17
EhT1F88kC,8-14
EhT1F88nC,8-3
EhT1F88rC,1-17
EhT1F88uC,12-2
EhT1F88xC,8-6
EhT1F8931,8-9
EhT1F8971,1-19
EhT1F89A1,13-3
EhT1F89E1,8-7
EhT1F89Ho,8-10
EhT1F89Po,8-32
EhT1F89Xc,8-2
EhT1F89ec,1-15
EhT1F89lc,8-24
EhT1F89tc,8-31
EhT1F8A2c,8-28
EhT1F8AAc,8-27
EhT1F8AHc,8-30
EhT1F8AWc,8-15
EhT1F8Alc,8-16
EhT1F8B2c,8-29
EhT1F8BHc,8-14
EhT1F8BXc,8-9
EhT1F8Bnc,8-10
EhT1F8C4c,8-2
EhT1F8CJc,8-24
EhT1F8CYc,8-28
EhT1F8Cnc,8-30
EhT1F8D4c,8-15
EhT1F8DJc,8-16
EhT1F8DYc,8-29
EhT1F8Dnc,8-14
EhT1F8E4c,8-9
EhT1F8EJc,8-10
EhT1F8EZc,8-2
EhT1F8Epc,8-24
EhT1F8F7c,8-28
EhT1F8FNc,8-30
EhT1F8FVc,5-12
EhT1F8Fdc,8-15
EhT1F8Flc,8-34
EhT1F8Ftc,8-16
EhT1F8G3c,6-13
EhT1F8GBc,8-29
EhT1F8GJc,8-35
EhT1F8GRc,8-14
EhT1F8GZc,8-38
EhT1F8Ghc,8-9
EhT1F8Gqc,8-40
EhT1F8H0c,8-10
EhT1F8H9c,6-16
EhT1F8HHc,8-2
EhT1F8HQc,8-46
EhT1F8HYc,8-24
EhT1F8Hgc,172-2
EhT1F8Hoc,8-28
EhT1F8Hvc,1-13
EhT1F8I4c,8-30
EhT1F8IBc,8-48
EhT1F8IIc,8-15
EhT1F8IQc,9-28
EhT1F8IXc,8-16
EhT1F8Ifc,8-40
EhT1F8Inc,8-29
EhT1F8J6c,8-14
EhT1F8JOc,8-43
EhT1F8JhR,8-2
EhT1F8K2R,8-24
EhT1F8KMR,8-30
EhT1F8KfG,8-15
EhT1F8L1G,8-29
EhT1F8LLG,8-14
EhT1F8LjG,8-43
EhT1F8MAG,8-24
EhT1F8MZG,8-37
EhT1F8MxG,28-10
EhT1F8NOG,1-74
EhT1F8NnG,8-43
EhT1F8OEG,8-39
EhT1F8OdG,8-37
EhT1F8P4G,1-75
EhT1F8PTG,74-8
EhT1F8PsG,8-43
EhT2F865R,8-4
EhT2F86VR,8-1
EhT2F86vR,8-3
EhT2F87NR,8-2
EhT2F87oR,8-5
EhT2F88GR,8-4
EhT2F88hR,8-1
EhT2F89AR,8-3
EhT2F89PR,8-6
EhT2F89dR,8-2
EhT2F89sR,8-8
EhT2F8A7R,8-5
EhT2F8ALR,8-9
EhT2F8AZR,8-4
EhT2F8AoR,8-7
EhT2F8B4R,8-1
EhT2F8BJR,8-6
EhT2F8BXc,8-3
EhT2F8Bmc,8-8
EhT2F8C2c,8-2
EhT2F8CHc,8-9
EhT2F8CWc,8-5
EhT2F8Clc,8-7
EhT2F8D2c,8-4
EhT2F8DHc,8-6
EhT2F8DVc,8-1
EhT2F8Dkc,8-8
EhT2F8E1c,8-3
EhT2F8EFc,8-9
EhT2F8EUc,8-2
EhT2F8Ejc,8-7
EhT2F8F0c,8-5
EhT2F8FFc,8-6
EhT2F8FUc,8-4
EhT2F8Fjc,8-8
EhT2F8Fxc,8-1
EhT2F8GEc,8-9
EhT2F8GTc,8-3
EhT2F8Gic,8-7
EhT2F8Gwc,8-2
EhT2F8HDc,8-6
EhT2F8HSc,8-5
EhT2F8Hhc,8-8
EhT2F8Hwc,8-4
EhT2F8IDc,8-9
EhT2F8IRc,8-1
EhT2F8Igc,8-7
EhT2F8Itc,8-3
EhT2F8J9c,8-6
EhT2F8JMc,8-2
EhT2F8Jac,8-8
EhT2F8Joc,8-5
EhT2F8K4c,8-9
EhT2F8KIc,8-4
EhT2F8KWc,8-7
EhT2F8Kkc,8-1
EhT2F8Kxc,8-6
EhT2F8LCc,8-3
EhT2F8LQc,8-8
EhT2F8Ldc,8-2
EhT2F8M5c,8-5
EhT2F8MVc,8-4
EhT2F8Mvc,8-1
EhT2F8NOc,8-3
EhT2F8Noc,8-2
EhT2F8OGR,8-5
EhT2F8OgR,8-4
EhT2F8P7R,8-1
EhT2F8PWR,8-3
EhT2F8PvR,8-2
EhT3F86TR,8-5
EhT3F86tR,8-2
EhT3F87MR,8-4
EhT3F87mR,8-1
EhT3F88GR,8-3
EhT3F88fR,8-5
EhT3F88tR,8-6
EhT3F899R,8-2
EhT3F89NR,8-7
EhT3F89bR,8-4
EhT3F89qR,8-8
EhT3F8A6R,8-1
EhT3F8AKR,8-9
EhT3F8AYR,8-3
EhT3F8AmR,8-6
EhT3F8B2R,8-5
EhT3F8BHR,8-7
EhT3F8BVc,8-2
EhT3F8Bkc,8-8
EhT3F8C1c,8-4
EhT3F8CGc,8-9
EhT3F8CVc,8-1
EhT3F8Ckc,8-6
EhT3F8D1c,8-3
EhT3F8DGc,8-7
EhT3F8DUc,8-5
EhT3F8Djc,8-8
EhT3F8Dxc,8-2
EhT3F8EEc,8-9
EhT3F8ETc,8-4
EhT3F8Eic,8-6
EhT3F8Exc,8-1
EhT3F8FEc,8-7
EhT3F8FTc,8-3
EhT3F8Fic,8-8
EhT3F8Fwc,8-5
EhT3F8GDc,8-9
EhT3F8GRc,8-2
EhT3F8Ggc,8-6
EhT3F8Gvc,8-4
EhT3F8HCc,8-7
EhT3F8HRc,8-1
EhT3F8Hgc,8-8
EhT3F8Hvc,8-3
EhT3F8IBc,8-9
EhT3F8IQc,8-5
EhT3F8Iec,8-6
EhT3F8Isc,8-2
EhT3F8J8c,8-7
EhT3F8JLc,8-4
EhT3F8JZc,8-8
EhT3F8Jnc,8-1
EhT3F8K3c,8-9
EhT3F8KHc,8-3
EhT3F8KVc,8-6
EhT3F8Kjc,8-5
EhT3F8Kwc,8-7
EhT3F8LCc,8-2
EhT3F8LPc,8-8
EhT3F8Lcc,8-4
EhT3F8M4c,8-1
EhT3F8MVc,8-3
EhT3F8Mwc,8-5
EhT3F8NPc,8-2
EhT3F8Noc,8-4
EhT3F8OFR,8-1
EhT3F8OgR,8-3
EjV16945o0,194-1
EjV16946J0,194-2
EjV16946m0,194-1
EjV16947H0,194-2
EjV16947m0,194-1
EjV16948I0,194-2
EjV16948o0,194-1
EjV1694FM0,194-3
EjV1694Fr0,194-4
EjV1694GO0,194-3
EjV1694Gt0,194-4
EjV1694HQ0,194-3
EjV1694Hu0,194-4
EjV1694IQ0,194-3
EjV1D115ZY,4-7
EjV1D115rY,11-1
EjV1D116BY,11-3
EjV1D116TY,11-2
EjV1D116mY,11-4
EjV1D116wY,11-10
EjV1D11790,11-7
EjV1D117K0,11-8
EjV1D117U0,11-1
EjV1D117e0,11-5
EjV1D117o0,11-3
EjV1D11800,11-12
EjV1D118A0,11-9
EjV1D118L0,11-11
EjV1D118V0,11-4
EjV1D118f0,11-10
EjV1D118q0,11-7
EjV1D119CY,11-1
EjV1D119XY,11-3
EjV1D119qY,11-9
EjV1D11ABY,11-4
EjV1D11AUY,11-7
EjV1D11AoY,11-6
EjV1D11BAY,11-3
EjV1D11BTY,11-9
EjV1D11BmY,11-4
EjV1D11C7Y,11-7
EjV1D11CQY,11-6
EjV1D11CkY,11-3
EjV1D11D5Y,11-9
EjV1D11DOY,11-4
EjV1D11DhY,11-7
EjV1D11E3Y,11-6
EjV1D11ENY,11-3
EjV1D11EiY,11-9
EjV1D11F50,11-4
EjV1D11FQ0,11-7
EjV1D11Fc0,11-14
EjV1D11Fo0,11-6
EjV1D11G10,6-3
EjV1D11GC0,11-3
EjV1D11GO0,6-8
EjV1D11Ga0,11-9
EjV1D11Gm0,11-15
EjV1D11Gx0,11-4
EjV1D11HA0,6-20
EjV1D11HL0,11-7
EjV1D11HX0,11-14
EjV1D11Hi0,11-6
EjV1D11Ht0,6-3
EjV1D11I60,11-3
EjV1D11IH0,6-8
EjV1D11IS0,8-34
EjV1D11Im0,11-4
EjV1D11J80,6-14
EjV1D11JS0,11-6
EjV1D11JuY,11-13
EjV1D11KRY,11-4
EjV1D11KvY,11-6
EjV1D11LRY,11-13
EjV1D11LuY,11-4
EjV1D11MQY,11-6
EjV1D11MuY,11-13
EjV1D11NPY,11-4
EjV1D11NtY,11-6
EjV1D11OOY,11-13
EjV2D116Z0,11-1
EjV2D11730,11-2
EjV2D117W0,11-3
EjV2D11820,11-1
EjV2D118V0,11-2
EjV2D11900,11-3
EjV2D119T0,11-1
EjV2D119x0,11-2
EjV2D11AU0,11-3
EjV2D11B10,11-1
EjV2D11BX0,11-2
EjV2D11C50,11-3
EjV2D11Cc0,11-1
EjV2D11DB0,11-2
EjV2D11Di0,11-3
EjV2D11EH0,11-1
EjV2D11Eo0,11-2
EjV2D11FN0,11-3
EjV2D11Fu0,11-1
EjV2D11GT0,11-2
EjV2D11H20,11-3
EjV2D11HZ0,11-1
EjV2D11I80,11-2
EjV2D11If0,11-3
EjV2D11JD0,11-1
EjV2D11Jj0,11-2
EjV2D11KG0,11-3
EjV2D11Kl0,11-1
EjV2D11LH0,11-2
EjV2D11Lm0,11-3
EjV2D11MJ0,11-1
EjV2D11N30,11-2
EjV2D11Nk0,11-1
EjV2D11OU0,11-2
EjV3D11730,11-1
EjV3D117W0,11-2
EjV3D11820,11-3
EjV3D118V0,11-1
EjV3D11900,11-2
EjV3D119T0,11-3
EjV3D119x0,11-1
EjV3D11AU0,11-2
EjV3D11B10,11-3
EjV3D11BX0,11-1
EjV3D11C50,11-2
EjV3D11Cc0,11-3
EjV3D11DB0,11-1
EjV3D11Di0,11-2
EjV3D11EH0,11-3
EjV3D11Eo0,11-1
EjV3D11FN0,11-2
EjV3D11Fu0,11-3
EjV3D11GT0,11-1
EjV3D11H20,11-2
EjV3D11HZ0,11-3
EjV3D11I80,11-1
EjV3D11If0,11-2
EjV3D11JD0,11-3
EjV3D11Jj0,11-1
EjV3D11KG0,11-2
EjV3D11Kl0,11-3
EjV3D11LH0,11-1
EjV3D11Lm0,11-2
EjV3D11MJ0,11-3
EjV3D11N30,11-1
Emu1705qP,15-3
Emu1706LP,70-1
Emu1706aP,70-3
Emu1706rP,70-2
Emu17078b,70-5
Emu1707Ob,15-3
Emu1707eb,70-6
Emu1707ub,70-1
Emu1708Cb,70-3
Emu1708Tb,70-2
Emu17090b,70-4
Emu1709UP,70-1
Emu170A0P,70-2
Emu170AVP,70-4
Emu170B2P,70-1
Emu170BXP,70-2
Emu170C3P,70-4
Emu170CYP,70-1
Emu170D4P,70-2
Emu170DYP,70-4
Emu170E5P,70-1
Emu170EaP,70-2
Emu170F8b,70-4
Emu170Fdb,70-1
Emu170Fub,70-9
Emu170GCb,70-2
Emu170GSb,70-7
Emu170Gjb,70-4
Emu170H2b,70-8
Emu170HIb,70-1
Emu170HYP,70-9
Emu170HoP,70-2
Emu170I6P,70-7
Emu170IMP,70-4
Emu170IqP,70-1
Emu170JND,70-2
Emu170JrD,70-4
Emu170KMD,70-1
Emu170KqD,70-2
Emu170LLD,70-4
Emu170LoD,70-1
Emu170MKD,70-2
Emu170MnD,70-4
Emu1D195Xl,19-1
Emu1D195rl,19-2
Emu1D196Cx,19-3
Emu1D196Ox,13-6
Emu1D196Zx,19-1
Emu1D196kx,1-36
Emu1D196vx,19-2
Emu1D1978B,19-5
Emu1D197JB,19-3
Emu1D197UB,12-5
Emu1D197gB,19-1
Emu1D197sB,19-4
Emu1D1986B,19-2
Emu1D198TB,19-3
Emu1D198qB,19-1
Emu1D199Ex,19-2
Emu1D199bx,19-3
Emu1D199xx,19-1
Emu1D19AKx,19-2
Emu1D19Agx,19-3
Emu1D19B4x,19-1
Emu1D19BPx,19-2
Emu1D19Blx,19-3
Emu1D19C9x,19-1
Emu1D19CUx,19-2
Emu1D19Cqx,19-3
Emu1D19DEx,19-1
Emu1D19Dax,19-2
Emu1D19Dwx,19-3
Emu1D19EKx,19-1
Emu1D19Ehx,19-2
Emu1D19F5x,19-3
Emu1D19FSx,19-1
Emu1D19FqB,19-2
Emu1D19GGB,19-3
Emu1D19GfB,19-1
Emu1D19H5B,19-2
Emu1D19HTB,19-3
Emu1D19Hrx,19-1
Emu1D19IFx,19-2
Emu1D19Idl,19-3
Emu1D19J0l,19-1
Emu1D19JKl,19-2
Emu1D19Jel,19-3
Emu1D19K3l,19-1
Emu1D19KVl,19-2
Emu1D19Kxl,19-1
Emu1D19LRl,19-2
Emu1D19Ltl,19-1
Emu1D19MNl,19-2
Emu1D19Mpl,19-1
Emu1D19NJl,19-2
Emu1D19Nll,19-1
Emu1D19OFl,19-2
Emu2705aD,70-1
Emu27062D,70-2
Emu2706WD,70-3
Emu27070D,70-1
Emu2707SD,70-2
Emu2707wD,70-3
Emu2708QD,70-1
Emu2708sD,70-2
Emu2709OD,70-3
Emu2709qP,70-1
Emu270ALP,70-2
Emu270ApP,70-3
Emu270BLP,70-1
Emu270BpP,70-2
Emu270CMP,70-3
Emu270CqP,70-1
Emu270DMP,70-2
Emu270DrP,70-3
Emu270ENP,70-1
Emu270ErP,70-2
Emu270FOP,70-3
Emu270FsP,70-1
Emu270GOP,70-2
Emu270GtP,70-3
Emu270HPP,70-1
Emu270HtP,70-2
Emu270IQP,70-3
Emu270IuP,70-1
Emu270JQD,70-2
Emu270JvD,70-3
Emu270KQD,70-1
Emu270KtD,70-2
Emu270LdD,70-3
Emu270MND,70-2
Emu2D1960N,19-1
Emu2D196UN,19-2
Emu2D1970N,19-1
Emu2D197VN,19-2
Emu2D1981N,19-1
Emu2D198WN,19-2
Emu2D1993N,19-1
Emu2D199YZ,19-2
Emu2D199uZ,19-3
Emu2D19AIZ,19-1
Emu2D19AdZ,19-2
Emu2D19B1Z,19-3
Emu2D19BOZ,19-1
Emu2D19BkZ,19-2
Emu2D19C8Z,19-3
Emu2D19CVZ,19-1
Emu2D19CrZ,19-2
Emu2D19DFZ,19-3
Emu2D19DcZ,19-1
Emu2D19E0Z,19-2
Emu2D19EMZ,19-3
Emu2D19EjZ,19-1
Emu2D19F7Z,19-2
Emu2D19FTZ,19-3
Emu2D19FqZ,19-1
Emu2D19GEZ,19-2
Emu2D19GaZ,19-3
Emu2D19GxZ,19-1
Emu2D19HLZ,19-2
Emu2D19HhZ,19-3
Emu2D19I6Z,19-1
Emu2D19ISZ,19-2
Emu2D19IoZ,19-3
Emu2D19JCN,19-1
Emu2D19JiN,19-2
Emu2D19KGN,19-1
Emu2D19KmN,19-2
Emu2D19LJN,19-1
Emu2D19LoN,19-2
Emu2D19MKN,19-1
Emu2D19MpN,19-2
Emu2D19NMN,19-1
Emu2D19NqN,19-2
Emu3707DD,70-1
Emu3707uD,70-2
Emu3708dD,70-1
Emu3709MD,70-2
Emu370A5P,70-1
Emu370AnP,70-2
Emu370BZP,70-1
Emu370CKP,70-2
Emu370D6P,70-1
Emu370DpP,70-2
Emu370EbP,70-1
Emu370FMP,70-2
Emu370G8P,70-1
Emu370GrP,70-2
Emu370HdP,70-1
Emu370IOP,70-2
Emu370JAD,70-1
Emu370JsD,70-2
Emu370KdD,70-1
Emu370LMD,70-2
Emu3D196UN,19-1
Emu3D1970N,19-2
Emu3D197VN,19-1
Emu3D1981N,19-2
Emu3D198WN,19-1
Emu3D1993N,19-2
Emu3D199YZ,19-1
Emu3D19A7Z,19-2
Emu3D19AdZ,19-1
Emu3D19BCZ,19-2
Emu3D19BkZ,19-1
Emu3D19CJZ,19-2
Emu3D19CrZ,19-1
Emu3D19DQZ,19-2
Emu3D19E0Z,19-1
Emu3D19EXZ,19-2
Emu3D19F7Z,19-1
Emu3D19FeZ,19-2
Emu3D19GEZ,19-1
Emu3D19GlZ,19-2
Emu3D19HLZ,19-1
Emu3D19HsZ,19-2
Emu3D19ISZ,19-1
Emu3D19J1Z,19-2
Emu3D19JYN,19-1
Emu3D19K6N,19-2
Emu3D19KbN,19-1
Emu3D19L9N,19-2
Emu3D19LeN,19-1
Emu3D19MAN,19-2
Es51915aX,91-1
Es51916BX,91-1
Es51916lV,91-1
Es51917NV,91-1
Es519180V,91-1
Es51918bV,91-1
Es51919EV,91-1
Es51919pV,91-1
Es5191ATS,91-1
Es5191B7S,91-1
Es5191BjS,91-1
Es5191CNS,91-1
Es5191D1S,91-1
Es5191DeS,91-1
Es5191EIS,91-1
Es5191EuS,91-1
Es5191FYS,91-1
Es5191GCS,91-1
Es5191GoS,91-1
Es5191HSS,91-1
Es5191I6S,91-1
Es5191IgV,91-1
Es5191JHV,91-1
Es51BLUE56W,1-3
Es51BLUE5KW,1-9
Es51BLUE5ZW,1-8
Es51BLUE5oW,1-1
Es51BLUE63W,1-2
Es51BLUE6GH,1-4
Es51BLUE6TH,1-10
Es51BLUE6fH,1-16
Es51BLUE6q2,1-20
Es51BLUE712,1-17
Es51BLUE7B2,1-19
Es51BLUE7J2,1-22
Es51BLUE7S2,16-7
Es51BLUE7Z2,1-11
Es51BLUE7gm,1-13
Es51BLUE7pm,1-15
Es51BLUE7wm,1-21
Es51BLUE86m,1-8
Es51BLUE8Em,1-38
Es51BLUE8Mm,1-41
Es51BLUE8Um,1-23
Es51BLUE8dm,1-25
Es51BLUE8l2,1-2
Es51BLUE8t2,1-7
Es51BLUE932,15-2
Es51BLUE9C2,1-10
Es51BLUE9K2,1-12
Es51BLUE9T2,1-37
Es51BLUE9c2,1-40
Es51BLUE9m2,1-51
Es51BLUEA12,1-39
Es51BLUEAB2,1-9
Es51BLUEAN2,1-46
Es51BLUEAZ2,1-33
Es51BLUEAl2,1-50
Es51BLUEAx2,1-16
Es51BLUEBB2,1-45
Es51BLUEBN2,1-43
Es51BLUEBZ2,1-6
Es51BLUEBl2,1-30
Es51BLUEBx2,1-3
Es51BLUECB2,1-5
Es51BLUECO2,1-44
Es51BLUECa2,1-22
Es51BLUECm2,1-27
Es51BLUED02,1-13
Es51BLUEDC2,1-42
Es51BLUEDO2,1-8
Es51BLUEDa2,1-38
Es51BLUEDm2,1-23
Es51BLUEE02,1-2
Es51BLUEED2,1-7
Es51BLUEEQ2,1-10
Es51BLUEEc2,1-12
Es51BLUEEo2,1-37
Es51BLUEF22,1-51
Es51BLUEFE2,1-39
Es51BLUEFQ2,1-9
Es51BLUEFX2,1-58
Es51BLUEFd2,1-27
Es51BLUEFj2,1-61
Es51BLUEFo2,1-13
Es51BLUEFs2,1-63
Es51BLUEFw2,1-52
Es51BLUEG22,1-42
Es51BLUEG62,1-68
Es51BLUEGA2,1-53
Es51BLUEGE2,1-8
Es51BLUEGI2,1-71
Es51BLUEGM2,1-3
Es51BLUEGQ2,1-38
Es51BLUEGU2,1-56
Es51BLUEGY2,1-57
Es51BLUEGc2,1-23
Es51BLUEGg2,1-44
Es51BLUEGk2,171-4
Es51BLUEGo2,1-62
Es51BLUEGs2,9-27
Es51BLUEGw2,1-78
Es51BLUEH22,1-6
Es51BLUEH62,1-67
Es51BLUEHA2,1-66
Es51BLUEHE2,1-7
Es51BLUEHI2,1-70
Es51BLUEHM2,8-41
Es51BLUEHQ2,1-55
Es51BLUEHT2,1-69
Es51BLUEHX2,1-73
Es51BLUEHa2,1-10
Es51BLUEHe2,1-51
Es51BLUEHi2,1-74
Es51BLUEHm2,1-37
Es51BLUEHq2,1-77
Es51BLUEHu2,1-59
Es51BLUEI12,1-64
Es51BLUEI6H,1-52
Es51BLUEIBH,1-65
Es51BLUEIGH,1-8
Es51BLUEILH,1-72
Es51BLUEIQH,1-3
Es51BLUEIWH,1-50
Es51BLUEIhH,1-76
Es51BLUEItH,1-60
Es51BLUEJ7H,1-38
Es51BLUEJJH,74-3
Es51BLUEJWH,1-30
Es51BLUEJjH,70-9
Es51BLUEJxH,1-55
Es51BLUEKEH,1-51
Es51BLUEKTH,1-59
Es51BLUEKjH,1-8
Es51BLUEL4H,1-50
Es51BLUELOH,1-60
Es51BLUELkH,74-3
Es51BLUEM8H,1-30
Es51BLUEMUH,1-55
Es51BLUEMqH,1-59
Es51BLUENLW,15-1
Es51BLUENpW,1-60
Es51BLUEOLW,171-5
Es51BLUEOlW,74-17
Es51BLUEPGW,28-10
Es51BLUEPiW,1-74
Es52916AX,91-1
Es52916kX,91-1
Es52917MX,91-1
Es52917xX,91-1
Es52918bV,91-1
Es52919EV,91-1
Es52919pV,91-1
Es5291ATS,91-1
Es5291B7S,91-1
Es5291BjS,91-1
Es5291CNS,91-1
Es5291D1S,91-1
Es5291DeS,91-1
Es5291EIS,91-1
Es5291EuS,91-1
Es5291FYS,91-1
Es5291GCS,91-1
Es5291GoS,91-1
Es5291HSS,91-1
Es5291I6S,91-1
Es5291IgV,91-1
Es5291JHV,91-1
Es52BLUE5iH,1-6
Es52BLUE6BH,1-4
Es52BLUE6cH,1-2
Es52BLUE75H,1-7
Es52BLUE7XH,1-10
Es52BLUE7xH,1-6
Es52BLUE8TH,1-4
Es52BLUE8xH,1-2
Es52BLUE9TH,1-7
Es52BLUE9wH,1-10
Es52BLUEAPH,1-6
Es52BLUEAoH,1-11
Es52BLUEBDH,1-4
Es52BLUEBaH,1-2
Es52BLUEC0H,1-7
Es52BLUECMH,1-13
Es52BLUEChH,1-10
Es52BLUED3H,1-6
Es52BLUEDNH,1-11
Es52BLUEDiH,1-15
Es52BLUEE4H,1-4
Es52BLUEEOH,1-2
Es52BLUEEkH,1-7
Es52BLUEF7H,1-13
Es52BLUEFRH,1-10
Es52BLUEFm2,1-6
Es52BLUEG92,1-11
Es52BLUEGT2,1-15
Es52BLUEGn2,1-4
Es52BLUEHA2,1-2
Es52BLUEHV2,1-7
Es52BLUEHp2,1-13
Es52BLUEIC2,1-10
Es52BLUEIX2,1-6
Es52BLUEIrH,1-11
Es52BLUEJHH,1-15
Es52BLUEJkH,1-5
Es52BLUEKIH,1-9
Es52BLUEKoH,1-10
Es52BLUELMH,1-3
Es52BLUELpH,1-4
Es52BLUEMMH,1-14
Es52BLUEMrH,1-1
Es52BLUENLW,8-6
Es52BLUENnW,8-8
Es52BLUEOJW,1-5
Es52BLUEOjW,1-9
Es52BLUEPEW,1-10
Es52BLUEPgW,1-3
Es53916kX,91-1
Es53917MX,91-1
Es53917xX,91-1
Es53918bV,91-1
Es53919EV,91-1
Es53919pV,91-1
Es5391ATS,91-1
Es5391B7S,91-1
Es5391BjS,91-1
Es5391CNS,91-1
Es5391D1S,91-1
Es5391DeS,91-1
Es5391EIS,91-1
Es5391EuS,91-1
Es5391FYS,91-1
Es5391GCS,91-1
Es5391GoS,91-1
Es5391HSS,91-1
Es5391I6S,91-1
Es5391IgV,91-1
Es5391JHV,91-1
Es53BLUE66H,1-1
Es53BLUE6XH,1-6
Es53BLUE70H,1-9
Es53BLUE7RH,1-5
Es53BLUE7sH,1-2
Es53BLUE8OH,1-1
Es53BLUE8sH,1-6
Es53BLUE9OH,1-9
Es53BLUE9rH,1-5
Es53BLUEALH,1-2
Es53BLUEAjH,1-11
Es53BLUEB8H,1-1
Es53BLUEBUH,1-6
Es53BLUEBtH,1-9
Es53BLUECIH,1-13
Es53BLUECgH,1-5
Es53BLUED5H,1-2
Es53BLUEDTH,1-11
Es53BLUEDsH,1-1
Es53BLUEEIH,1-6
Es53BLUEEgH,1-9
Es53BLUEF6H,1-13
Es53BLUEFV2,1-5
Es53BLUEFs2,1-2
Es53BLUEGI2,1-11
Es53BLUEGg2,1-1
Es53BLUEH62,1-6
Es53BLUEHU2,1-9
Es53BLUEHs2,1-13
Es53BLUEII2,1-5
Es53BLUEIgH,1-2
Es53BLUEJDH,1-11
Es53BLUEJiH,1-7
Es53BLUEKGH,1-9
Es53BLUEKmH,1-12
Es53BLUELJH,1-8
Es53BLUELmH,1-1
Es53BLUEMIH,1-4
Es53BLUEMnH,1-10
Es53BLUENIW,8-7
Es53BLUENkW,8-8
Es53BLUEODW,1-7
Es53BLUEOgW,1-9
EwK18855W7,185-1
EwK18856B7,185-3
EwK18856n7,185-2
EwK18857U7,185-1
EwK18858B7,185-3
EwK18858Y7,9-14
EwK18858q7,185-2
EwK1885Em7,109-1
EwK1885FU3,108-1
EwK1885GB3,185-4
EwK1885Gs3,109-1
EwK1885HZ3,108-1
EwK1885IF7,185-4
ExZ16765a0,176-3
ExZ1676650,176-2
ExZ16766Y0,176-4
ExZ1676740,176-1
ExZ16767Y0,176-3
ExZ1676860,176-2
ExZ16768b0,176-4
ExZ1676980,176-1
ExZ16769c0,176-3
ExZ1676A80,176-2
ExZ1676Ac0,176-4
ExZ1676B80,176-1
ExZ1676Bb0,176-3
ExZ1676C60,176-2
ExZ1676Ca0,176-4
ExZ1676D60,176-1
ExZ1676DZ0,176-3
ExZ1676E60,176-2
ExZ1676Ea0,176-4
ExZ1676F70,176-1
ExZ1676Fc0,176-3
ExZ1676GB0,176-2
ExZ1676Gi0,176-4
ExZ1676HI0,176-1
ExZ1676Hp0,176-3
ExZ1676IO0,176-2
ExZ1676Iu0,176-4
ExZ16785Y0,178-2
ExZ1678650,178-1
ExZ16786Y0,178-3
ExZ1678740,178-2
ExZ16787Z0,178-1
ExZ1678870,178-3
ExZ16788d0,178-2
ExZ16789A0,178-1
ExZ16789f0,178-3
ExZ1678AB0,178-2
ExZ1678Af0,178-1
ExZ1678BC0,178-3
ExZ1678Bg0,178-2
ExZ1678CC0,178-1
ExZ1678Ch0,178-3
ExZ1678DD0,178-2
ExZ1678Dh0,178-1
ExZ1678EE0,178-3
ExZ1678Ej0,178-2
ExZ1678FF0,178-1
ExZ1678FV0,48-3
ExZ1678Fl0,178-5
ExZ1678GJ0,178-2
ExZ1678Go0,178-1
ExZ1678HM0,178-5
ExZ1678Hs0,178-2
ExZ1678IO0,1-77
ExZ1745Q0,74-2
ExZ1745l0,74-8
ExZ174600,74-9
ExZ1746D0,74-5
ExZ1746R0,74-4
ExZ1746e0,74-7
ExZ1746r0,74-10
ExZ174770,74-14
ExZ1747L0,74-12
ExZ1747Z0,74-3
ExZ1747n0,74-15
ExZ174820,74-11
ExZ1748G0,74-6
ExZ1748U0,74-2
ExZ1748u0,74-8
ExZ1749N0,74-16
ExZ1749n0,74-7
ExZ174AF0,74-1
ExZ174Af0,74-3
ExZ174B70,74-11
ExZ174BX0,74-2
ExZ174Bx0,74-8
ExZ174CP0,74-16
ExZ174Cp0,74-7
ExZ174DI0,74-1
ExZ174Dj0,74-3
ExZ174EB0,74-17
ExZ174Eb0,74-2
ExZ174Eq0,74-20
ExZ174F60,74-8
ExZ174FL0,74-22
ExZ174FZ0,74-25
ExZ174Fn0,74-19
ExZ174G30,74-7
ExZ174GH0,74-21
ExZ174GW0,74-1
ExZ174Gk0,74-23
ExZ174H10,74-26
ExZ174HG0,74-18
ExZ174HU0,74-17
ExZ174Hj0,74-24
ExZ174Hx0,74-2
ExZ174IC0,74-20
ExZ174IR0,74-8
ExZ174If0,74-22
ExZ174It0,74-25
ExZ174JK0,74-7
ExZ174Jj0,74-1
ExZ174KA0,74-26
ExZ174Ka0,179-5
ExZ174L00,74-2
ExZ174LO0,74-8
ExZ174Ln0,74-25
ExZ174MD0,74-7
ExZ26767E0,176-1
ExZ26768A0,176-2
ExZ2676980,176-1
ExZ2676A60,176-2
ExZ2676B40,176-1
ExZ2676C20,176-2
ExZ2676D10,176-1
ExZ2676E00,176-2
ExZ2676Ex0,176-1
ExZ2676Fw0,176-2
ExZ2676Gv0,176-1
ExZ2676Hu0,176-2
ExZ2676It0,176-1
ExZ2745h0,74-4
ExZ2746P0,74-1
ExZ274730,74-2
ExZ2747X0,74-5
ExZ274820,74-3
ExZ2748V0,74-4
ExZ2748x0,74-6
ExZ2749S0,74-1
ExZ2749u0,74-2
ExZ274AP0,74-5
ExZ274At0,74-3
ExZ274BP0,74-4
ExZ274Bt0,74-6
ExZ274CP0,74-1
ExZ274Ct0,74-2
ExZ274DQ0,74-5
ExZ274Du0,74-3
ExZ274ER0,74-4
ExZ274Ew0,74-6
ExZ274FS0,74-1
ExZ274Fw0,74-2
ExZ274GT0,74-5
ExZ274Gx0,74-3
ExZ274HU0,74-4
ExZ274I10,74-6
ExZ274IV0,74-1
ExZ274J10,74-2
ExZ274JV0,74-5
ExZ274K00,74-3
ExZ274KT0,74-4
ExZ274Kv0,74-6
ExZ274LP0,74-1
ExZ274Ls0,74-2
ExZ36768A0,176-1
ExZ3676980,176-2
ExZ3676A60,176-1
ExZ3676B40,176-2
ExZ3676C20,176-1
ExZ3676D10,176-2
ExZ3676E00,176-1
ExZ3676Ex0,176-2
ExZ3676Fw0,176-1
ExZ3676Gv0,176-2
ExZ3676Hu0,176-1
ExZ3676It0,176-2
ExZ3746u0,74-2
ExZ3747a0,74-4
ExZ3748K0,74-1
ExZ374930,74-3
ExZ3749k0,74-2
ExZ374AT0,74-4
ExZ374BE0,74-1
ExZ374Bx0,74-3
ExZ374Ci0,74-2
ExZ374DU0,74-4
ExZ374EG0,74-1
ExZ374F20,74-3
ExZ374Fl0,74-2
ExZ374GX0,74-4
ExZ374HJ0,74-1
ExZ374I50,74-3
ExZ374Io0,74-2
ExZ374JY0,74-4
ExZ374KJ0,74-1
EyI16495AK,149-1
EyI16495cK,149-3
EyI164967K,149-2
EyI16496aU,149-1
EyI164977U,149-3
EyI16497cU,149-2
EyI16498BU,149-1
EyI16498fU,149-3
EyI16499DK,149-2
EyI16499iK,149-1
EyI1649AFK,149-3
EyI1649AjK,149-2
EyI1649BGK,149-1
EyI1649BjK,149-3
EyI1649CFK,149-2
EyI1649CkK,149-1
EyI1649DFK,149-3
EyI1649DjK,149-2
EyI1649EGK,149-1
EyI1649EjK,149-3
EyI1649FGU,149-2
EyI1649FWU,8-47
EyI1649FmU,149-1
EyI1649GKU,149-3
EyI1649GpU,149-2
EyI1649HMU,149-1
EyI1649HrU,149-3
EyI1649INK,149-2
EyI1BLUE5R0,1-5
EyI1BLUE5Y0,1-3
EyI1BLUE5e0,162-2
EyI1BLUE5k0,1-9
EyI1BLUE5p0,1-13
EyI1BLUE5v0,1-15
EyI1BLUE630,1-21
EyI1BLUE680,1-8
EyI1BLUE6D0,74-1
EyI1BLUE6J0,1-1
EyI1BLUE6N0,1-24
EyI1BLUE6T0,1-23
EyI1BLUE6Z0,1-25
EyI1BLUE6e0,1-2
EyI1BLUE6k0,1-4
EyI1BLUE6l0,1-7
EyI1BLUE6r0,1-26
EyI1BLUE6w0,1-6
EyI1BLUE6x0,8-20
EyI1BLUE740,1-10
EyI1BLUE780,1-32
EyI1BLUE7A0,1-12
EyI1BLUE7C0,1-16
EyI1BLUE7G0,1-37
EyI1BLUE7K0,8-26
EyI1BLUE7M0,1-14
EyI1BLUE7O0,1-20
EyI1BLUE7S0,1-40
EyI1BLUE7W0,1-17
EyI1BLUE7Y0,1-5
EyI1BLUE7a0,1-43
EyI1BLUE7e0,1-44
EyI1BLUE7i0,1-19
EyI1BLUE7k0,1-39
EyI1BLUE7n0,1-30
EyI1BLUE7r0,1-22
EyI1BLUE7v0,1-34
EyI1BLUE7x0,1-9
EyI1BLUE810,16-7
EyI1BLUE850,1-27
EyI1BLUE890,1-11
EyI1BLUE8B0,1-46
EyI1BLUE8D0,1-3
EyI1BLUE8H0,1-13
EyI1BLUE8L0,162-2
EyI1BLUE8N0,1-33
EyI1BLUE8P0,1-15
EyI1BLUE8T0,1-42
EyI1BLUE8W0,1-21
EyI1BLUE8Y0,1-50
EyI1BLUE8a0,1-28
EyI1BLUE8e0,1-8
EyI1BLUE8j0,1-29
EyI1BLUE8k0,1-16
EyI1BLUE8q0,1-38
EyI1BLUE8v0,1-41
EyI1BLUE8x0,1-45
EyI1BLUE960,1-23
EyI1BLUE9C0,1-43
EyI1BLUE9I0,1-2
EyI1BLUE9O0,1-6
EyI1BLUE9U0,1-7
EyI1BLUE9a0,1-30
EyI1BLUE9g0,1-10
EyI1BLUE9m0,1-3
EyI1BLUE9t0,1-12
EyI1BLUEA10,1-5
EyI1BLUEA70,1-37
EyI1BLUEAD0,1-44
EyI1BLUEAJ0,1-51
EyI1BLUEAP0,1-22
EyI1BLUEAV0,1-39
EyI1BLUEAb0,1-27
EyI1BLUEAh0,1-9
EyI1BLUEAn0,1-13
EyI1BLUEAt0,1-46
EyI1BLUEB10,1-42
EyI1BLUEB70,1-33
EyI1BLUEBD0,1-8
EyI1BLUEBI0,1-50
EyI1BLUEBO0,1-38
EyI1BLUEBT0,1-16
EyI1BLUEBZ0,1-23
EyI1BLUEBf0,1-45
EyI1BLUEBl0,1-2
EyI1BLUEBr0,1-43
EyI1BLUEBx0,1-7
EyI1BLUEC50,1-6
EyI1BLUECB0,1-10
EyI1BLUECH0,1-30
EyI1BLUECN0,1-12
EyI1BLUECT0,1-3
EyI1BLUECZ0,1-37
EyI1BLUECf0,1-5
EyI1BLUECl0,1-51
EyI1BLUECs0,1-44
EyI1BLUED00,1-39
EyI1BLUED60,1-22
EyI1BLUEDC0,1-9
EyI1BLUEDI0,1-27
EyI1BLUEDO0,1-46
EyI1BLUEDU0,1-13
EyI1BLUEDa0,1-33
EyI1BLUEDg0,1-42
EyI1BLUEDm0,1-50
EyI1BLUEDs0,1-8
EyI1BLUEE00,1-16
EyI1BLUEE60,1-38
EyI1BLUEEC0,1-45
EyI1BLUEEI0,1-23
EyI1BLUEEO0,1-43
EyI1BLUEEV0,1-2
EyI1BLUEEa0,1-6
EyI1BLUEEf0,1-52
EyI1BLUEEg0,3-35
EyI1BLUEEl0,1-30
EyI1BLUEEp0,1-53
EyI1BLUEEq0,1-7
EyI1BLUEEv0,1-54
EyI1BLUEF00,1-3
EyI1BLUEF10,1-10
EyI1BLUEF50,1-55
EyI1BLUEF90,1-12
EyI1BLUEFA0,1-56
EyI1BLUEFD0,1-5
EyI1BLUEFG0,1-57
EyI1BLUEFH0,16-19
EyI1BLUEFK0,15-17
EyI1BLUEFN0,1-44
EyI1BLUEFO0,1-37
EyI1BLUEFS0,70-8
EyI1BLUEFV0,9-27
EyI1BLUEFW0,1-59
EyI1BLUEFa0,1-22
EyI1BLUEFd0,172-5
EyI1BLUEFe0,1-51
EyI1BLUEFi0,1-64
EyI1BLUEFl0,1-66
EyI1BLUEFm0,1-39
EyI1BLUEFp0,177-2
EyI1BLUEFs0,1-70
EyI1BLUEFt0,1-65
EyI1BLUEFx0,17-4
EyI1BLUEG30,1-9
EyI1BLUEG40,1-46
EyI1BLUEG70,1-72
EyI1BLUEGA0,1-73
EyI1BLUEGB0,1-58
EyI1BLUEGF0,1-33
EyI1BLUEGI0,1-74
EyI1BLUEGJ0,1-61
EyI1BLUEGN0,1-75
EyI1BLUEGQ0,1-50
EyI1BLUEGR0,1-63
EyI1BLUEGV0,1-76
EyI1BLUEGY0,171-5
EyI1BLUEGZ0,1-42
EyI1BLUEGd0,1-16
EyI1BLUEGg0,1-52
EyI1BLUEGh0,1-53
EyI1BLUEGl0,1-60
EyI1BLUEGo0,1-45
EyI1BLUEGp0,1-71
EyI1BLUEGt0,1-68
EyI1BLUEGw0,1-8
EyI1BLUEGx0,1-38
EyI1BLUEH30,1-43
EyI1BLUEH60,1-3
EyI1BLUEH70,1-57
EyI1BLUEHB0,74-3
EyI1BLUEHE0,1-2
EyI1BLUEHF0,1-44
EyI1BLUEHJ0,8-39
EyI1BLUEHN0,1-46
EyI1BLUEHO0,1-62
EyI1BLUEHT0,1-30
EyI1BLUEHX0,1-78
EyI1BLUEHY0,189-5
EyI1BLUEHd0,1-54
EyI1BLUEHi0,162-2
EyI1BLUEHj0,1-66
EyI1BLUEHp0,1-12
EyI1BLUEHv0,1-55
EyI1BLUEHw0,1-5
EyI1BLUEI40,1-7
EyI1BLUEIB0,1-22
EyI1BLUEIC0,1-51
EyI1BLUEIK0,179-5
EyI1BLUEIS0,1-59
EyI1BLUEIT0,1-39
EyI1BLUEIb0,10-7
EyI1BLUEIk0,1-8
EyI1BLUEIu0,1-75
EyI1BLUEJ60,1-50
EyI1BLUEJG0,1-16
EyI1BLUEJR0,1-60
EyI1BLUEJc0,1-74
EyI1BLUEJn0,74-3
EyI1BLUEK00,9-15
EyI1BLUEKB0,1-30
EyI1BLUEKM0,1-7
EyI1BLUEKX0,1-55
EyI1BLUEKj0,74-17
EyI1BLUEKv0,1-59
EyI1BLUELA0,1-75
EyI1BLUELN0,1-8
EyI1BLUELb0,1-16
EyI1BLUELp0,1-60
EyI1BLUEM50,6-20
EyI1BLUEMJ0,74-3
EyI1BLUEMX0,171-5
EyI1BLUEMm0,74-2
EyI1BLUEN20,74-17
EyI1BLUENH0,1-59
EyI1BLUENW0,28-10
EyI1BLUENl0,15-1
EyI1BLUEO10,1-74
EyI1BLUEOF0,1-60
EyI1BLUEOU0,6-20
EyI1BLUEOj0,171-5
EyI1BLUEP00,74-2
EyI1BLUEPG0,74-17
EyI1D11577,11-2
EyI1D115Q7,6-6
EyI1D115i7,4-7
EyI1D11627,11-1
EyI1D116K7,11-3
EyI1D116T7,145-5
EyI1D116c9,11-9
EyI1D116m9,11-11
EyI1D116v9,11-4
EyI1D11779,11-10
EyI1D117H9,11-7
EyI1D117S9,11-8
EyI1D117c9,11-1
EyI1D117n9,11-5
EyI1D117x9,11-3
EyI1D11899,11-12
EyI1D118J9,11-9
EyI1D118U9,11-11
EyI1D118e9,11-4
EyI1D11917,11-7
EyI1D119L7,11-6
EyI1D119g7,11-3
EyI1D11A27,11-9
EyI1D11AL7,11-4
EyI1D11Ae7,11-7
EyI1D11Ax7,11-6
EyI1D11BJ7,11-3
EyI1D11Bc7,11-9
EyI1D11Bv7,11-4
EyI1D11CG7,11-7
EyI1D11CZ7,11-6
EyI1D11Ct7,11-3
EyI1D11DE7,11-9
EyI1D11DY7,11-4
EyI1D11Dr7,11-7
EyI1D11EC7,11-6
EyI1D11EW7,11-3
EyI1D11Er7,11-9
EyI1D11FE9,11-4
EyI1D11FP9,6-20
EyI1D11Fa9,11-7
EyI1D11Fm9,11-14
EyI1D11Fx9,11-6
EyI1D11GA9,6-3
EyI1D11GM9,11-3
EyI1D11GX9,6-8
EyI1D11Gj9,11-9
EyI1D11Gv9,11-15
EyI1D11H89,11-4
EyI1D11HK9,6-20
EyI1D11HW7,11-7
EyI1D11Hh7,11-14
EyI1D11Hr7,11-6
EyI1D11IF7,11-3
EyI1D11Ia7,16-16
EyI1D11Iv7,11-4
EyI1D11JH7,10-13
EyI1D11Jb6,11-6
EyI1D11K66,11-13
EyI1D11KZ6,11-4
EyI1D11L66,11-6
EyI1D11La6,11-13
EyI1D11M56,11-4
EyI1D11MZ6,11-6
EyI1D11N46,11-13
EyI1D11NX6,11-4
EyI1D11O36,11-6
EyI2BLUE5w0,1-5
EyI2BLUE6C0,1-6
EyI2BLUE6O0,1-9
EyI2BLUE6c0,1-4
EyI2BLUE6p0,1-1
EyI2BLUE750,1-2
EyI2BLUE7J0,1-3
EyI2BLUE7X0,1-7
EyI2BLUE7l0,1-8
EyI2BLUE810,1-10
EyI2BLUE8E0,1-5
EyI2BLUE8R0,1-6
EyI2BLUE8d0,1-9
EyI2BLUE8p0,1-11
EyI2BLUE920,1-1
EyI2BLUE9D0,1-4
EyI2BLUE9O0,1-12
EyI2BLUE9Z0,1-2
EyI2BLUE9k0,1-3
EyI2BLUE9v0,1-7
EyI2BLUEA80,1-8
EyI2BLUEAI0,1-13
EyI2BLUEAT0,1-5
EyI2BLUEAd0,1-10
EyI2BLUEAn0,1-14
EyI2BLUEAx0,1-6
EyI2BLUEB90,1-9
EyI2BLUEBJ0,1-11
EyI2BLUEBT0,1-1
EyI2BLUEBd0,1-15
EyI2BLUEBm0,1-12
EyI2BLUEBw0,1-4
EyI2BLUEC80,1-3
EyI2BLUECI0,1-2
EyI2BLUECS0,1-8
EyI2BLUECd0,1-7
EyI2BLUECo0,1-5
EyI2BLUED00,1-13
EyI2BLUEDA0,1-14
EyI2BLUEDK0,1-10
EyI2BLUEDU0,1-9
EyI2BLUEDe0,1-6
EyI2BLUEDp0,1-1
EyI2BLUEE10,1-11
EyI2BLUEEB0,1-12
EyI2BLUEEL0,1-15
EyI2BLUEEV0,1-3
EyI2BLUEEf0,1-4
EyI2BLUEEp0,1-8
EyI2BLUEF20,1-2
EyI2BLUEFD0,1-5
EyI2BLUEFN0,1-7
EyI2BLUEFX0,1-14
EyI2BLUEFh0,1-13
EyI2BLUEFr0,1-9
EyI2BLUEG30,1-10
EyI2BLUEGE0,1-1
EyI2BLUEGO0,1-6
EyI2BLUEGY0,1-12
EyI2BLUEGi0,1-11
EyI2BLUEGs0,1-3
EyI2BLUEH40,1-15
EyI2BLUEHE0,1-8
EyI2BLUEHP0,1-4
EyI2BLUEHa0,1-5
EyI2BLUEHk0,1-2
EyI2BLUEHu0,1-14
EyI2BLUEI60,1-7
EyI2BLUEIH0,1-9
EyI2BLUEIS0,1-13
EyI2BLUEIc0,1-1
EyI2BLUEIn0,1-10
EyI2BLUEJ10,1-12
EyI2BLUEJD0,1-6
EyI2BLUEJT0,1-3
EyI2BLUEJj0,1-15
EyI2BLUEK00,1-4
EyI2BLUEKF0,1-5
EyI2BLUEKV0,1-14
EyI2BLUEKl0,1-9
EyI2BLUEL30,1-1
EyI2BLUELJ0,1-10
EyI2BLUELY0,8-6
EyI2BLUELn0,1-3
EyI2BLUEM40,8-8
EyI2BLUEMJ0,1-4
EyI2BLUEMY0,1-5
EyI2BLUEMn0,1-14
EyI2BLUEN30,1-9
EyI2BLUENI0,1-1
EyI2BLUENX0,1-10
EyI2BLUENm0,8-6
EyI2BLUEO20,1-3
EyI2BLUEOG0,8-8
EyI2BLUEOV0,1-4
EyI2BLUEOk0,1-5
EyI2BLUEP10,1-14
EyI2BLUEPH0,1-9
EyI2D115k6,11-2
EyI2D116F6,11-3
EyI2D116i6,11-1
EyI2D117C6,11-2
EyI2D117f6,11-3
EyI2D118A6,11-1
EyI2D118d6,11-2
EyI2D11996,11-3
EyI2D119c6,11-1
EyI2D11A96,11-2
EyI2D11Ae6,11-3
EyI2D11BA7,11-1
EyI2D11Bg7,11-2
EyI2D11CE7,11-3
EyI2D11Cl7,11-1
EyI2D11DK7,11-2
EyI2D11Dr7,11-3
EyI2D11EQ7,11-1
EyI2D11Ex7,11-2
EyI2D11FW7,11-3
EyI2D11G57,11-1
EyI2D11Gc7,11-2
EyI2D11HB7,11-3
EyI2D11Hi7,11-1
EyI2D11IH7,11-2
EyI2D11Io7,11-3
EyI2D11JN7,11-1
EyI2D11Jt6,11-2
EyI2D11KP6,11-3
EyI2D11Kv6,11-1
EyI2D11Lg6,11-2
EyI2D11MR6,11-1
EyI2D11ND6,11-2
EyI2D11Nx6,11-1
EyI3BLUE670,1-2
EyI3BLUE6K0,1-4
EyI3BLUE6X0,1-1
EyI3BLUE6l0,1-10
EyI3BLUE700,1-6
EyI3BLUE7E0,1-8
EyI3BLUE7S0,1-9
EyI3BLUE7g0,1-3
EyI3BLUE7u0,1-5
EyI3BLUE890,1-7
EyI3BLUE8M0,1-2
EyI3BLUE8Y0,1-4
EyI3BLUE8k0,1-11
EyI3BLUE8v0,1-10
EyI3BLUE980,1-1
EyI3BLUE9J0,1-12
EyI3BLUE9U0,1-6
EyI3BLUE9f0,1-8
EyI3BLUE9q0,1-9
EyI3BLUEA30,1-3
EyI3BLUEAE0,1-13
EyI3BLUEAQ0,1-7
EyI3BLUEAb0,1-5
EyI3BLUEAo0,1-4
EyI3BLUEB10,1-2
EyI3BLUEBD0,1-10
EyI3BLUEBP0,1-11
EyI3BLUEBb0,1-12
EyI3BLUEBm0,1-1
EyI3BLUEC00,1-8
EyI3BLUECC0,1-6
EyI3BLUECO0,1-3
EyI3BLUECa0,1-9
EyI3BLUECl0,1-7
EyI3BLUECx0,1-13
EyI3BLUEDB0,1-4
EyI3BLUEDN0,1-5
EyI3BLUEDY0,1-10
EyI3BLUEDk0,1-2
EyI3BLUEDw0,1-12
EyI3BLUEEA0,1-11
EyI3BLUEEM0,1-8
EyI3BLUEEY0,1-1
EyI3BLUEEk0,1-3
EyI3BLUEEw0,1-6
EyI3BLUEFA0,1-7
EyI3BLUEFM0,1-9
EyI3BLUEFY0,1-4
EyI3BLUEFk0,1-13
EyI3BLUEFv0,1-10
EyI3BLUEG90,1-5
EyI3BLUEGL0,1-12
EyI3BLUEGX0,1-2
EyI3BLUEGj0,1-8
EyI3BLUEGv0,1-11
EyI3BLUEH90,1-3
EyI3BLUEHL0,1-1
EyI3BLUEHX0,1-7
EyI3BLUEHj0,1-6
EyI3BLUEHv0,1-4
EyI3BLUEIA0,1-9
EyI3BLUEIO0,1-10
EyI3BLUEIc0,1-13
EyI3BLUEIs0,1-12
EyI3BLUEJA0,1-2
EyI3BLUEJQ0,1-8
EyI3BLUEJf0,1-11
EyI3BLUEJu0,1-1
EyI3BLUEKC0,1-7
EyI3BLUEKS0,1-4
EyI3BLUEKi0,1-9
EyI3BLUEL00,1-10
EyI3BLUELG0,1-12
EyI3BLUELV0,8-7
EyI3BLUELk0,1-8
EyI3BLUEM00,8-8
EyI3BLUEMF0,1-1
EyI3BLUEMU0,1-7
EyI3BLUEMi0,1-4
EyI3BLUEMx0,1-9
EyI3BLUENE0,1-10
EyI3BLUENT0,1-12
EyI3BLUENj0,8-7
EyI3BLUEO20,1-8
EyI3D116i6,11-3
EyI3D117C6,11-1
EyI3D117f6,11-2
EyI3D118A6,11-3
EyI3D118d6,11-1
EyI3D11996,11-2
EyI3D119c6,11-3
EyI3D11A96,11-1
EyI3D11Ae6,11-2
EyI3D11BA7,11-3
EyI3D11Bg7,11-1
EyI3D11CE7,11-2
EyI3D11Cl7,11-3
EyI3D11DK7,11-1
EyI3D11Dr7,11-2
EyI3D11EQ7,11-3
EyI3D11Ex7,11-1
EyI3D11FW7,11-2
EyI3D11G57,11-3
EyI3D11Gc7,11-1
EyI3D11HB7,11-2
EyI3D11Hi7,11-3
EyI3D11IH7,11-1
EyI3D11Io7,11-2
EyI3D11JN7,11-3
EyI3D11Jt6,11-1
EyI3D11KP6,11-2
EyI3D11Kv6,11-3
EyI3D11Lg6,11-1
EyI3D11MR6,11-3
EyJ1641637,141-1
EyJ16416R7,141-2
EyJ16416o9,141-1
EyJ16417G9,141-2
EyJ16417g9,141-1
EyJ1641889,141-2
EyJ16418Y9,141-1
EyJ1641907,141-2
EyJ16419P7,141-1
EyJ16419n7,141-2
EyJ1641AE7,141-1
EyJ1641Ac7,141-2
EyJ1641B27,141-1
EyJ1641BQ7,141-2
EyJ1641Bo7,141-1
EyJ1641CE7,141-2
EyJ1641Cc7,141-1
EyJ1641D27,141-2
EyJ1641DQ7,141-1
EyJ1641Do7,141-2
EyJ1641EE7,141-1
EyJ1641Ec9,141-2
EyJ1641F39,141-1
EyJ1641FT9,141-2
EyJ1641Ft9,141-1
EyJ1641GL9,141-2
EyJ1641Gm9,141-1
EyJ1641HE9,141-2
EyJ1641Hf7,141-1
EyJ1641I77,141-2
EyJ1641IW7,141-1
EyJ1641Iv7,141-2
EyJ16495uP,149-2
EyJ16496SP,149-1
EyJ16496uE,149-3
EyJ16497TE,149-2
EyJ16497x3,149-1
EyJ16498F3,149-4
EyJ16498V3,149-3
EyJ1649923,149-2
EyJ16499XE,149-1
EyJ1649A3E,149-3
EyJ1649AYE,149-2
EyJ1649B4E,149-1
EyJ1649BYE,149-3
EyJ1649C4E,149-2
EyJ1649CYE,149-1
EyJ1649D4E,149-3
EyJ1649DYE,149-2
EyJ1649E4E,149-1
EyJ1649EYE,149-3
EyJ1649F4E,149-2
EyJ1649Fa3,149-1
EyJ1649G93,149-3
EyJ1649Gf3,149-2
EyJ1649HD3,149-1
EyJ1649Hj3,149-3
EyJ1649IE3,149-2
EyJ1649IhE,149-1
EyJ1649JBE,149-3
EyJ16775l6,177-1
EyJ16776J6,177-1
EyJ16776p7,177-2
EyJ16777Q8,177-2
EyJ1677828,177-2
EyJ16778c8,177-2
EyJ16779E7,177-2
EyJ16779m7,177-2
EyJ1677AM7,177-2
EyJ1677Au7,177-2
EyJ1677BU7,177-2
EyJ1677C47,177-2
EyJ1677Cc7,177-2
EyJ1677DC8,177-2
EyJ1677Dl8,177-3
EyJ1677EN8,177-3
EyJ1677Ex8,177-3
EyJ1677Fb8,177-3
EyJ1677GF8,177-3
EyJ1677Gr8,177-3
EyJ1677HV8,177-3
EyJ1677I77,177-3
EyJ1677If7,177-3
EyJ1677JF6,177-3
EyJ1677Jl6,177-3
EyJ1677KJ6,177-3
EyJ1677Kp6,177-3
EyJ1677LN6,177-3
EyJ1677Lt6,177-3
EyJ1BLUE4m0,1-3
EyJ1BLUE4t0,1-5
EyJ1BLUE520,1-9
EyJ1BLUE5A0,1-13
EyJ1BLUE5H0,1-8
EyJ1BLUE5O0,162-1
EyJ1BLUE5V0,1-1
EyJ1BLUE5b0,74-1
EyJ1BLUE5i0,1-2
EyJ1BLUE5o0,8-1
EyJ1BLUE5u0,1-4
EyJ1BLUE620,1-7
EyJ1BLUE680,1-10
EyJ1BLUE6E0,1-6
EyJ1BLUE6K0,1-16
EyJ1BLUE6P0,1-12
EyJ1BLUE6U0,1-20
EyJ1BLUE6Y0,8-12
EyJ1BLUE6d0,1-17
EyJ1BLUE6e0,1-30
EyJ1BLUE6i0,1-18
EyJ1BLUE6m0,1-34
EyJ1BLUE6n0,1-19
EyJ1BLUE6r0,1-5
EyJ1BLUE6u0,162-5
EyJ1BLUE6v0,1-22
EyJ1BLUE710,1-3
EyJ1BLUE750,1-39
EyJ1BLUE760,16-7
EyJ1BLUE7A0,162-2
EyJ1BLUE7D0,1-11
EyJ1BLUE7E0,1-42
EyJ1BLUE7H0,1-9
EyJ1BLUE7K0,1-13
EyJ1BLUE7L0,11-2
EyJ1BLUE7P0,1-28
EyJ1BLUE7S0,1-46
EyJ1BLUE7T0,1-15
EyJ1BLUE7W0,1-29
EyJ1BLUE7Z0,1-4
EyJ1BLUE7a0,1-21
EyJ1BLUE7e0,1-33
EyJ1BLUE7i0,1-8
EyJ1BLUE7j0,1-36
EyJ1BLUE7m0,74-1
EyJ1BLUE7q0,1-38
EyJ1BLUE7r0,1-50
EyJ1BLUE7u0,1-1
EyJ1BLUE7x0,1-32
EyJ1BLUE800,1-41
EyJ1BLUE830,1-24
EyJ1BLUE870,1-16
EyJ1BLUE880,1-23
EyJ1BLUE8C0,1-31
EyJ1BLUE8G0,1-20
EyJ1BLUE8H0,1-25
EyJ1BLUE8K0,1-45
EyJ1BLUE8O0,1-35
EyJ1BLUE8P0,1-2
EyJ1BLUE8T0,1-49
EyJ1BLUE8X0,1-7
EyJ1BLUE8Y0,1-43
EyJ1BLUE8b0,1-26
EyJ1BLUE8f0,15-2
EyJ1BLUE8g0,1-48
EyJ1BLUE8j0,1-6
EyJ1BLUE8n0,1-34
EyJ1BLUE8o0,1-10
EyJ1BLUE8r0,1-47
EyJ1BLUE8v0,1-30
EyJ1BLUE8w0,1-12
EyJ1BLUE920,70-5
EyJ1BLUE970,1-37
EyJ1BLUE980,1-3
EyJ1BLUE9C0,1-14
EyJ1BLUE9G0,1-40
EyJ1BLUE9H0,8-21
EyJ1BLUE9M0,1-5
EyJ1BLUE9Q0,1-51
EyJ1BLUE9R0,162-2
EyJ1BLUE9W0,1-44
EyJ1BLUE9c0,1-29
EyJ1BLUE9d0,1-39
EyJ1BLUE9i0,1-22
EyJ1BLUE9n0,1-9
EyJ1BLUE9o0,1-41
EyJ1BLUE9t0,1-27
EyJ1BLUEA10,1-46
EyJ1BLUEA20,1-28
EyJ1BLUEA70,1-13
EyJ1BLUEAD0,1-33
EyJ1BLUEAE0,140-2
EyJ1BLUEAJ0,1-42
EyJ1BLUEAP0,1-50
EyJ1BLUEAQ0,145-5
EyJ1BLUEAV0,1-8
EyJ1BLUEAb0,1-16
EyJ1BLUEAc0,8-33
EyJ1BLUEAh0,1-38
EyJ1BLUEAn0,1-45
EyJ1BLUEAo0,1-15
EyJ1BLUEAt0,1-23
EyJ1BLUEB10,1-43
EyJ1BLUEB70,1-2
EyJ1BLUEBD0,1-6
EyJ1BLUEBJ0,1-7
EyJ1BLUEBP0,1-30
EyJ1BLUEBV0,1-10
EyJ1BLUEBb0,1-3
EyJ1BLUEBh0,1-12
EyJ1BLUEBn0,1-5
EyJ1BLUEBt0,1-37
EyJ1BLUEC10,1-44
EyJ1BLUEC70,1-51
EyJ1BLUECD0,1-22
EyJ1BLUECJ0,1-39
EyJ1BLUECP0,1-27
EyJ1BLUECV0,1-9
EyJ1BLUECb0,1-13
EyJ1BLUECh0,1-46
EyJ1BLUECn0,1-42
EyJ1BLUECt0,1-33
EyJ1BLUED10,1-8
EyJ1BLUED70,1-50
EyJ1BLUEDD0,1-38
EyJ1BLUEDJ0,1-16
EyJ1BLUEDP0,1-23
EyJ1BLUEDV0,1-45
EyJ1BLUEDb0,1-2
EyJ1BLUEDi0,1-43
EyJ1BLUEDo0,1-7
EyJ1BLUEDu0,1-6
EyJ1BLUEE30,1-10
EyJ1BLUEE90,1-30
EyJ1BLUEEF0,1-12
EyJ1BLUEEL0,1-3
EyJ1BLUEER0,1-37
EyJ1BLUEEX0,1-5
EyJ1BLUEEd0,1-51
EyJ1BLUEEj0,1-44
EyJ1BLUEEp0,1-39
EyJ1BLUEEv0,1-22
EyJ1BLUEF30,1-9
EyJ1BLUEF90,177-2
EyJ1BLUEFA0,1-58
EyJ1BLUEFG0,1-27
EyJ1BLUEFL0,1-46
EyJ1BLUEFM0,1-61
EyJ1BLUEFR0,1-13
EyJ1BLUEFV0,1-63
EyJ1BLUEFX0,1-33
EyJ1BLUEFZ0,1-52
EyJ1BLUEFd0,1-42
EyJ1BLUEFh0,1-68
EyJ1BLUEFj0,1-50
EyJ1BLUEFl0,1-53
EyJ1BLUEFp0,1-8
EyJ1BLUEFt0,1-71
EyJ1BLUEFv0,1-16
EyJ1BLUEFx0,1-3
EyJ1BLUEG30,1-38
EyJ1BLUEG70,1-56
EyJ1BLUEG90,1-45
EyJ1BLUEGB0,1-57
EyJ1BLUEGF0,1-23
EyJ1BLUEGJ0,1-44
EyJ1BLUEGL0,1-43
EyJ1BLUEGN0,171-4
EyJ1BLUEGR0,1-62
EyJ1BLUEGV0,9-27
EyJ1BLUEGX0,1-2
EyJ1BLUEGZ0,1-78
EyJ1BLUEGd0,1-6
EyJ1BLUEGh0,1-67
EyJ1BLUEGj0,1-30
EyJ1BLUEGl0,1-66
EyJ1BLUEGp0,1-7
EyJ1BLUEGt0,1-70
EyJ1BLUEGv0,1-54
EyJ1BLUEGx0,8-41
EyJ1BLUEH30,1-55
EyJ1BLUEH60,1-69
EyJ1BLUEH80,1-12
EyJ1BLUEHA0,1-73
EyJ1BLUEHD0,1-10
EyJ1BLUEHH0,1-51
EyJ1BLUEHJ0,1-5
EyJ1BLUEHL0,1-74
EyJ1BLUEHP0,1-37
EyJ1BLUEHT0,1-77
EyJ1BLUEHV0,1-22
EyJ1BLUEHX0,1-59
EyJ1BLUEHc0,1-64
EyJ1BLUEHh0,1-39
EyJ1BLUEHi0,1-52
EyJ1BLUEHn0,1-65
EyJ1BLUEHs0,17-4
EyJ1BLUEHt0,1-8
EyJ1BLUEI00,1-72
EyJ1BLUEI50,1-3
EyJ1BLUEI60,1-58
EyJ1BLUEIB0,1-50
EyJ1BLUEIG0,1-75
EyJ1BLUEIM0,1-76
EyJ1BLUEIS0,1-16
EyJ1BLUEIY0,1-60
EyJ1BLUEIe0,1-68
EyJ1BLUEIk0,1-38
EyJ1BLUEIq0,1-57
EyJ1BLUEIw0,74-3
EyJ1BLUEJ40,8-39
EyJ1BLUEJB0,1-30
EyJ1BLUEJH0,15-9
EyJ1BLUEJO0,70-9
EyJ1BLUEJV0,1-12
EyJ1BLUEJc0,1-55
EyJ1BLUEJj0,1-7
EyJ1BLUEJr0,1-51
EyJ1BLUEK00,179-5
EyJ1BLUEK80,1-59
EyJ1BLUEKG0,10-7
EyJ1BLUEKO0,1-8
EyJ1BLUEKX0,1-75
EyJ1BLUEKh0,1-50
EyJ1BLUEKr0,1-16
EyJ1BLUEL30,1-60
EyJ1BLUELE0,1-74
EyJ1BLUELP0,74-3
EyJ1BLUELa0,9-15
EyJ1BLUELl0,1-30
EyJ1BLUELw0,1-7
EyJ1BLUEM90,1-55
EyJ1BLUEMK0,74-17
EyJ1BLUEMV0,1-59
EyJ1BLUEMk0,1-75
EyJ1BLUEN10,15-1
EyJ1BLUENH0,74-8
EyJ1BLUENW0,1-60
EyJ1BLUENm0,6-20
EyJ1BLUEO30,171-5
EyJ1BLUEOG0,74-2
EyJ1BLUEOT0,74-17
EyJ1BLUEOh0,1-59
EyJ1BLUEOw0,28-10
EyJ1BLUEPC0,15-1
EyJ1BLUEPQ0,1-74
EyJ1BLUEPf0,1-60
EyJ26776b6,177-1
EyJ2677796,177-1
EyJ26777f6,177-1
EyJ26778D6,177-1
EyJ26778j6,177-1
EyJ26779H6,177-1
EyJ26779n6,177-1
EyJ2677AM7,177-1
EyJ2677Au7,177-1
EyJ2677BV8,177-1
EyJ2677C78,177-1
EyJ2677Ch8,177-1
EyJ2677DJ8,177-1
EyJ2677Dt8,177-1
EyJ2677EV8,177-1
EyJ2677F78,177-1
EyJ2677Fh8,177-1
EyJ2677GJ8,177-1
EyJ2677Gt8,177-1
EyJ2677HV8,177-1
EyJ2677I77,177-1
EyJ2677If7,177-1
EyJ2677JF6,177-1
EyJ2677Jl6,177-1
EyJ2677KJ6,177-1
EyJ2677Kp6,177-1
EyJ2677LN6,177-1
EyJ2677Lt6,177-1
EyJ2BLUE5O0,1-5
EyJ2BLUE5R0,1-6
EyJ2BLUE5l0,1-9
EyJ2BLUE5s0,1-4
EyJ2BLUE670,1-1
EyJ2BLUE6K0,1-2
EyJ2BLUE6Y0,1-3
EyJ2BLUE6l0,1-7
EyJ2BLUE710,1-8
EyJ2BLUE7F0,1-10
EyJ2BLUE7S0,1-5
EyJ2BLUE7f0,1-6
EyJ2BLUE7t0,1-9
EyJ2BLUE8A0,1-4
EyJ2BLUE8P0,1-1
EyJ2BLUE8e0,1-2
EyJ2BLUE8t0,1-3
EyJ2BLUE9A0,1-7
EyJ2BLUE9P0,1-8
EyJ2BLUE9d0,1-10
EyJ2BLUE9q0,1-5
EyJ2BLUEA50,1-6
EyJ2BLUEAI0,1-9
EyJ2BLUEAU0,1-11
EyJ2BLUEAf0,1-1
EyJ2BLUEAr0,1-4
EyJ2BLUEB40,1-12
EyJ2BLUEBG0,1-2
EyJ2BLUEBS0,1-3
EyJ2BLUEBd0,1-7
EyJ2BLUEBo0,1-8
EyJ2BLUEC10,1-13
EyJ2BLUECC0,1-5
EyJ2BLUECM0,1-10
EyJ2BLUECW0,1-14
EyJ2BLUECg0,1-6
EyJ2BLUECq0,1-9
EyJ2BLUED20,1-11
EyJ2BLUEDC0,1-1
EyJ2BLUEDM0,1-15
EyJ2BLUEDW0,1-12
EyJ2BLUEDg0,1-4
EyJ2BLUEDq0,1-3
EyJ2BLUEE20,1-2
EyJ2BLUEED0,1-8
EyJ2BLUEEO0,1-7
EyJ2BLUEEZ0,1-5
EyJ2BLUEEj0,1-13
EyJ2BLUEEt0,1-14
EyJ2BLUEF50,1-10
EyJ2BLUEFF0,1-9
EyJ2BLUEFP0,1-6
EyJ2BLUEFa0,1-1
EyJ2BLUEFk0,1-11
EyJ2BLUEFu0,1-12
EyJ2BLUEG60,1-15
EyJ2BLUEGG0,1-3
EyJ2BLUEGQ0,1-4
EyJ2BLUEGa0,1-8
EyJ2BLUEGl0,1-2
EyJ2BLUEGw0,1-5
EyJ2BLUEH80,1-7
EyJ2BLUEHI0,1-14
EyJ2BLUEHS0,1-13
EyJ2BLUEHd0,1-9
EyJ2BLUEHn0,1-10
EyJ2BLUEI00,1-1
EyJ2BLUEIA0,1-6
EyJ2BLUEIK0,1-12
EyJ2BLUEIV0,1-11
EyJ2BLUEIg0,1-3
EyJ2BLUEIt0,1-15
EyJ2BLUEJA0,1-4
EyJ2BLUEJP0,1-5
EyJ2BLUEJf0,1-14
EyJ2BLUEJv0,1-9
EyJ2BLUEKD0,1-1
EyJ2BLUEKT0,1-10
EyJ2BLUEKj0,1-6
EyJ2BLUEL10,1-3
EyJ2BLUELG0,1-15
EyJ2BLUELV0,1-4
EyJ2BLUELk0,1-5
EyJ2BLUEM20,1-14
EyJ2BLUEMI0,1-9
EyJ2BLUEMX0,1-1
EyJ2BLUEMm0,1-10
EyJ2BLUEN30,8-6
EyJ2BLUENI0,1-3
EyJ2BLUENW0,8-8
EyJ2BLUENm0,1-4
EyJ2BLUEO30,1-5
EyJ2BLUEOH0,1-14
EyJ2BLUEOT0,1-9
EyJ2BLUEOh0,1-1
EyJ2BLUEOw0,1-10
EyJ2BLUEPC0,8-6
EyJ2BLUEPQ0,1-3
EyJ2BLUEPf0,8-8
EyJ36777U6,177-1
EyJ3677826,177-1
EyJ36778Y6,177-1
EyJ3677966,177-1
EyJ36779c6,177-1
EyJ3677AB7,177-1
EyJ3677Aj7,177-1
EyJ3677BK8,177-1
EyJ3677Bu8,177-1
EyJ3677CW8,177-1
EyJ3677D88,177-1
EyJ3677Di8,177-1
EyJ3677EK8,177-1
EyJ3677Eu8,177-1
EyJ3677FW8,177-1
EyJ3677G88,177-1
EyJ3677Gi8,177-1
EyJ3677HK8,177-1
EyJ3677Hu8,177-1
EyJ3677IV7,177-1
EyJ3677J56,177-1
EyJ3BLUE5l0,1-4
EyJ3BLUE5n0,1-1
EyJ3BLUE630,8-3
EyJ3BLUE6F0,1-6
EyJ3BLUE6T0,1-8
EyJ3BLUE6g0,1-9
EyJ3BLUE6t0,1-3
EyJ3BLUE790,1-5
EyJ3BLUE7M0,1-7
EyJ3BLUE7a0,1-2
EyJ3BLUE7o0,1-4
EyJ3BLUE850,1-1
EyJ3BLUE8K0,1-10
EyJ3BLUE8Z0,1-6
EyJ3BLUE8o0,1-8
EyJ3BLUE950,1-9
EyJ3BLUE9K0,1-3
EyJ3BLUE9Y0,1-5
EyJ3BLUE9m0,1-7
EyJ3BLUEA10,1-2
EyJ3BLUEAD0,1-4
EyJ3BLUEAP0,1-11
EyJ3BLUEAa0,1-10
EyJ3BLUEAm0,1-1
EyJ3BLUEAx0,1-12
EyJ3BLUEBA0,1-6
EyJ3BLUEBM0,1-8
EyJ3BLUEBY0,1-9
EyJ3BLUEBj0,1-3
EyJ3BLUEBv0,1-13
EyJ3BLUEC90,1-7
EyJ3BLUECL0,1-5
EyJ3BLUECX0,1-4
EyJ3BLUECi0,1-2
EyJ3BLUECu0,1-10
EyJ3BLUED80,1-11
EyJ3BLUEDK0,1-12
EyJ3BLUEDW0,1-1
EyJ3BLUEDi0,1-8
EyJ3BLUEDu0,1-6
EyJ3BLUEE80,1-3
EyJ3BLUEEK0,1-9
EyJ3BLUEEW0,1-7
EyJ3BLUEEi0,1-13
EyJ3BLUEEu0,1-4
EyJ3BLUEF80,1-5
EyJ3BLUEFJ0,1-10
EyJ3BLUEFV0,1-2
EyJ3BLUEFh0,1-12
EyJ3BLUEFt0,1-11
EyJ3BLUEG70,1-8
EyJ3BLUEGJ0,1-1
EyJ3BLUEGV0,1-3
EyJ3BLUEGh0,1-6
EyJ3BLUEGt0,1-7
EyJ3BLUEH70,1-9
EyJ3BLUEHJ0,1-4
EyJ3BLUEHV0,1-13
EyJ3BLUEHh0,1-10
EyJ3BLUEHt0,1-5
EyJ3BLUEI70,1-12
EyJ3BLUEIK0,1-2
EyJ3BLUEIZ0,1-8
EyJ3BLUEIp0,1-11
EyJ3BLUEJ70,1-1
EyJ3BLUEJN0,1-7
EyJ3BLUEJd0,1-4
EyJ3BLUEJt0,1-9
EyJ3BLUEKB0,1-10
EyJ3BLUEKR0,1-12
EyJ3BLUEKh0,1-2
EyJ3BLUEKw0,1-8
EyJ3BLUELD0,1-11
EyJ3BLUELS0,1-1
EyJ3BLUELh0,1-7
EyJ3BLUELw0,1-4
EyJ3BLUEME0,1-9
EyJ3BLUEMT0,1-10
EyJ3BLUEMj0,1-12
EyJ3BLUEN00,8-7
EyJ3BLUENF0,1-8
EyJ3BLUENT0,8-8
EyJ3BLUENh0,1-1
EyJ3BLUENv0,1-7
EyJ3BLUEOC0,1-4
EyJ3BLUEOQ0,1-9
EyL1285ST,28-4
EyL1285rT,28-3
EyL1286HT,28-1
EyL1286TT,28-8
EyL1286hT,28-5
EyL1286uT,28-6
EyL12879X,28-2
EyL1287MX,38-6
EyL1287aX,28-4
EyL1287oX,38-8
EyL12885X,28-3
EyL1288WX,28-1
EyL12890X,28-5
EyL1289SX,28-2
EyL1289tX,28-4
EyL128ALX,28-3
EyL128AlX,28-1
EyL128BDX,28-5
EyL128BeX,28-2
EyL128C7X,28-4
EyL128CXX,28-3
EyL128CxX,28-1
EyL128DPX,28-5
EyL128DqX,28-2
EyL128EJX,28-4
EyL128EkX,28-3
EyL128F0X,28-11
EyL128FDb,28-1
EyL128FRb,28-10
EyL128Fgb,28-5
EyL128Fvb,5-2
EyL128GBb,28-2
EyL128GQb,38-4
EyL128Geb,28-4
EyL128Gtb,28-9
EyL128HAb,28-3
EyL128HPb,28-11
EyL128Hdb,28-1
EyL128Hsb,28-10
EyL128I9b,28-5
EyL128IbX,28-2
EyL128J6X,145-3
EyL128JaT,28-3
EyL128K6T,28-1
EyL128KaT,28-5
EyL128L7T,145-3
EyL128LbT,28-3
EyL128M5T,28-1
EyL128MYT,28-5
EyL16425jZ,142-1
EyL16426FZ,142-1
EyL16426ke,142-1
EyL16427Je,142-1
EyL16427qe,142-1
EyL16428Pe,142-1
EyL16428we,142-1
EyL16429Ue,142-1
EyL1642A2e,142-1
EyL1642AYe,142-1
EyL1642B6e,142-1
EyL1642Bce,142-1
EyL1642CAe,142-1
EyL1642Cge,142-1
EyL1642DEe,142-1
EyL1642Dke,142-1
EyL1642EIe,142-1
EyL1642Eoe,142-1
EyL1642FNe,142-1
EyL1642Fve,142-1
EyL1642GVe,142-1
EyL1642H5e,142-1
EyL1642Hde,142-1
EyL1642IDe,142-1
EyL1642Ije,142-1
EyL16495wc,149-2
EyL16496Uc,149-1
EyL16496wb,149-3
EyL16497Vb,149-2
EyL164981Z,149-1
EyL16498HZ,149-4
EyL16498XZ,149-3
EyL164994Z,149-2
EyL16499Zb,149-1
EyL1649A5b,149-3
EyL1649Aab,149-2
EyL1649B6b,149-1
EyL1649Bab,149-3
EyL1649C6b,149-2
EyL1649Cab,149-1
EyL1649D6b,149-3
EyL1649Dab,149-2
EyL1649E6b,149-1
EyL1649Eab,149-3
EyL1649F6b,149-2
EyL1649FcZ,149-1
EyL1649GBZ,149-3
EyL1649GhZ,149-2
EyL1649HFZ,149-1
EyL1649HlZ,149-3
EyL1649IGZ,149-2
EyL1649Ijb,149-1
EyL1649JDb,149-3
EyL16505Se,150-2
EyL16505xe,150-1
EyL16506Vh,150-2
EyL165075h,150-1
EyL16507dh,150-3
EyL16508Eh,150-1
EyL16508mh,150-3
EyL16509Ne,150-1
EyL16509ue,150-3
EyL1650ATe,150-1
EyL1650B2e,150-3
EyL1650BZe,150-1
EyL1650C8e,150-3
EyL1650Cfe,150-1
EyL1650DEe,150-3
EyL1650Dle,150-1
EyL1650EKe,150-3
EyL1650Erh,150-1
EyL1650FRh,150-3
EyL1650G2k,150-1
EyL1650Gbk,150-3
EyL1650HDk,150-1
EyL1650Hmk,145-3
EyL1650INh,150-1
EyL167964l,179-1
EyL16796Tq,179-2
EyL16796hq,15-15
EyL16796vq,179-1
EyL16797Cq,9-16
EyL16797Qq,179-2
EyL16797fq,150-2
EyL16797uq,179-1
EyL16798Bq,189-3
EyL16798Qq,179-2
EyL16798fq,9-18
EyL16798uq,179-1
EyL16799Bl,194-2
EyL16799Ql,179-2
EyL1679EYl,179-5
EyL1679F3q,179-3
EyL1679FXq,179-5
EyL1679G3q,179-3
EyL1679GXq,179-5
EyL1679H3q,179-3
EyL1679HXq,179-5
EyL1679I2q,179-3
EyL1679IUl,146-1
EyL16805Wh,180-2
EyL168062h,180-1
EyL16806Vn,180-2
EyL168073s,180-1
EyL16807as,180-2
EyL16808As,180-1
EyL16808hs,180-2
EyL16809Hn,180-1
EyL16809nn,180-2
EyL1680AKn,180-1
EyL1680Apn,180-2
EyL1680BMn,180-1
EyL1680Brn,180-2
EyL1680COn,180-1
EyL1680Ctn,180-2
EyL1680DQn,180-1
EyL1680Dvn,180-2
EyL1680ETn,180-1
EyL1680F3n,180-2
EyL1680Fbs,180-1
EyL1680GDs,180-2
EyL1680Gns,180-1
EyL1680HPs,180-2
EyL1680I1n,180-1
EyL1680IXh,180-2
EyL16905fc,191-2
EyL169066c,191-1
EyL16906Wc,191-2
EyL16906vc,191-1
EyL16907Ng,191-2
EyL16907pg,191-1
EyL16908Ig,191-2
EyL16908kg,191-1
EyL1691FGd,191-4
EyL1691Fid,191-3
EyL1691GCd,191-4
EyL1691Ged,191-3
EyL1691H8d,191-4
EyL1691HZd,191-3
EyL1691I4d,191-4
EyL16945WX,194-2
EyL169461X,194-1
EyL16946UX,194-2
EyL16946xX,194-1
EyL16947Sb,194-2
EyL16947xb,194-1
EyL16948Tb,194-2
EyL1694EVX,194-3
EyL1694F2X,194-4
EyL1694FXb,194-3
EyL1694G4b,194-4
EyL1694GZb,194-3
EyL1694H6b,194-4
EyL1694Hab,194-3
EyL1694I7X,194-4
EyL1BLUE4n0,1-3
EyL1BLUE4u0,1-5
EyL1BLUE530,1-9
EyL1BLUE5B0,1-13
EyL1BLUE5I0,1-8
EyL1BLUE5P0,162-1
EyL1BLUE5W0,1-1
EyL1BLUE5c0,74-1
EyL1BLUE5j0,1-2
EyL1BLUE5p0,8-1
EyL1BLUE5v0,1-4
EyL1BLUE630,1-7
EyL1BLUE690,1-10
EyL1BLUE6F0,1-6
EyL1BLUE6L0,1-16
EyL1BLUE6Q0,1-12
EyL1BLUE6V0,1-20
EyL1BLUE6Z0,8-12
EyL1BLUE6e0,1-17
EyL1BLUE6f0,1-30
EyL1BLUE6j0,1-18
EyL1BLUE6n0,1-34
EyL1BLUE6o0,1-19
EyL1BLUE6s0,1-5
EyL1BLUE6v0,162-5
EyL1BLUE6w0,1-22
EyL1BLUE720,1-3
EyL1BLUE760,1-39
EyL1BLUE770,16-7
EyL1BLUE7B0,162-2
EyL1BLUE7E0,1-11
EyL1BLUE7F0,1-42
EyL1BLUE7I0,1-9
EyL1BLUE7L0,1-13
EyL1BLUE7M0,11-2
EyL1BLUE7Q0,1-28
EyL1BLUE7T0,1-46
EyL1BLUE7U0,1-15
EyL1BLUE7X0,1-29
EyL1BLUE7a0,1-4
EyL1BLUE7b0,1-21
EyL1BLUE7f0,1-33
EyL1BLUE7j0,1-8
EyL1BLUE7k0,1-36
EyL1BLUE7n0,74-1
EyL1BLUE7r0,1-38
EyL1BLUE7s0,1-50
EyL1BLUE7v0,1-1
EyL1BLUE800,1-32
EyL1BLUE810,1-41
EyL1BLUE840,1-24
EyL1BLUE880,1-16
EyL1BLUE890,1-23
EyL1BLUE8D0,1-31
EyL1BLUE8H0,1-20
EyL1BLUE8I0,1-25
EyL1BLUE8L0,1-45
EyL1BLUE8P0,1-35
EyL1BLUE8Q0,1-2
EyL1BLUE8U0,1-49
EyL1BLUE8Y0,1-7
EyL1BLUE8Z0,1-43
EyL1BLUE8c0,1-26
EyL1BLUE8g0,15-2
EyL1BLUE8h0,1-48
EyL1BLUE8k0,1-6
EyL1BLUE8o0,1-34
EyL1BLUE8p0,1-10
EyL1BLUE8s0,1-47
EyL1BLUE8w0,1-30
EyL1BLUE8x0,1-12
EyL1BLUE930,70-5
EyL1BLUE980,1-37
EyL1BLUE990,1-3
EyL1BLUE9D0,1-14
EyL1BLUE9H0,1-40
EyL1BLUE9I0,8-21
EyL1BLUE9N0,1-5
EyL1BLUE9R0,1-51
EyL1BLUE9S0,162-2
EyL1BLUE9X0,1-44
EyL1BLUE9d0,1-29
EyL1BLUE9e0,1-39
EyL1BLUE9j0,1-22
EyL1BLUE9o0,1-9
EyL1BLUE9p0,1-41
EyL1BLUE9u0,1-27
EyL1BLUEA20,1-46
EyL1BLUEA30,1-28
EyL1BLUEA80,1-13
EyL1BLUEAE0,1-33
EyL1BLUEAF0,140-2
EyL1BLUEAK0,1-42
EyL1BLUEAQ0,1-50
EyL1BLUEAR0,145-5
EyL1BLUEAW0,1-8
EyL1BLUEAc0,1-16
EyL1BLUEAd0,8-33
EyL1BLUEAi0,1-38
EyL1BLUEAo0,1-45
EyL1BLUEAp0,1-15
EyL1BLUEAu0,1-23
EyL1BLUEB20,1-43
EyL1BLUEB80,1-2
EyL1BLUEBE0,1-6
EyL1BLUEBK0,1-7
EyL1BLUEBQ0,1-30
EyL1BLUEBW0,1-10
EyL1BLUEBc0,1-3
EyL1BLUEBi0,1-12
EyL1BLUEBo0,1-5
EyL1BLUEBu0,1-37
EyL1BLUEC20,1-44
EyL1BLUEC80,1-51
EyL1BLUECE0,1-22
EyL1BLUECK0,1-39
EyL1BLUECQ0,1-27
EyL1BLUECW0,1-9
EyL1BLUECc0,1-13
EyL1BLUECi0,1-46
EyL1BLUECo0,1-42
EyL1BLUECu0,1-33
EyL1BLUED20,1-8
EyL1BLUED80,1-50
EyL1BLUEDE0,1-38
EyL1BLUEDK0,1-16
EyL1BLUEDQ0,1-23
EyL1BLUEDW0,1-45
EyL1BLUEDc0,1-2
EyL1BLUEDj0,1-43
EyL1BLUEDp0,1-7
EyL1BLUEDv0,1-6
EyL1BLUEE40,1-10
EyL1BLUEEA0,1-30
EyL1BLUEEG0,1-12
EyL1BLUEEM0,1-3
EyL1BLUEES0,1-37
EyL1BLUEEY0,1-5
EyL1BLUEEe0,1-51
EyL1BLUEEk0,1-44
EyL1BLUEEq0,1-39
EyL1BLUEEw0,1-22
EyL1BLUEF40,1-9
EyL1BLUEFA0,177-2
EyL1BLUEFB0,1-58
EyL1BLUEFH0,1-27
EyL1BLUEFM0,1-46
EyL1BLUEFN0,1-61
EyL1BLUEFS0,1-13
EyL1BLUEFW0,1-63
EyL1BLUEFY0,1-33
EyL1BLUEFa0,1-52
EyL1BLUEFe0,1-42
EyL1BLUEFi0,1-68
EyL1BLUEFk0,1-50
EyL1BLUEFm0,1-53
EyL1BLUEFq0,1-8
EyL1BLUEFu0,1-71
EyL1BLUEFw0,1-16
EyL1BLUEG00,1-3
EyL1BLUEG40,1-38
EyL1BLUEG80,1-56
EyL1BLUEGA0,1-45
EyL1BLUEGC0,1-57
EyL1BLUEGG0,1-23
EyL1BLUEGK0,1-44
EyL1BLUEGM0,1-43
EyL1BLUEGO0,171-4
EyL1BLUEGS0,1-62
EyL1BLUEGW0,9-27
EyL1BLUEGY0,1-2
EyL1BLUEGa0,1-78
EyL1BLUEGe0,1-6
EyL1BLUEGi0,1-67
EyL1BLUEGk0,1-30
EyL1BLUEGm0,1-66
EyL1BLUEGq0,1-7
EyL1BLUEGu0,1-70
EyL1BLUEGw0,1-54
EyL1BLUEH00,8-41
EyL1BLUEH40,1-55
EyL1BLUEH70,1-69
EyL1BLUEH90,1-12
EyL1BLUEHB0,1-73
EyL1BLUEHE0,1-10
EyL1BLUEHI0,1-51
EyL1BLUEHK0,1-5
EyL1BLUEHM0,1-74
EyL1BLUEHQ0,1-37
EyL1BLUEHU0,1-77
EyL1BLUEHW0,1-22
EyL1BLUEHY0,1-59
EyL1BLUEHd0,1-64
EyL1BLUEHi0,1-39
EyL1BLUEHj0,1-52
EyL1BLUEHo0,1-65
EyL1BLUEHt0,17-4
EyL1BLUEHu0,1-8
EyL1BLUEI10,1-72
EyL1BLUEI60,1-3
EyL1BLUEI70,1-58
EyL1BLUEIC0,1-50
EyL1BLUEIH0,1-75
EyL1BLUEIN0,1-76
EyL1BLUEIT0,1-16
EyL1BLUEIZ0,1-60
EyL1BLUEIf0,1-68
EyL1BLUEIl0,1-38
EyL1BLUEIr0,1-57
EyL1BLUEIx0,74-3
EyL1BLUEJ50,8-39
EyL1BLUEJC0,1-30
EyL1BLUEJI0,15-9
EyL1BLUEJP0,70-9
EyL1BLUEJW0,1-12
EyL1BLUEJd0,1-55
EyL1BLUEJk0,1-7
EyL1BLUEJs0,1-51
EyL1BLUEK10,179-5
EyL1BLUEK90,1-59
EyL1BLUEKH0,10-7
EyL1BLUEKP0,1-8
EyL1BLUEKY0,1-75
EyL1BLUEKi0,1-50
EyL1BLUEKs0,1-16
EyL1BLUEL40,1-60
EyL1BLUELF0,1-74
EyL1BLUELQ0,74-3
EyL1BLUELb0,9-15
EyL1BLUELm0,1-30
EyL1BLUELx0,1-7
EyL1BLUEMA0,1-55
EyL1BLUEML0,74-17
EyL1BLUEMW0,1-59
EyL1BLUEMl0,1-75
EyL1BLUEN20,15-1
EyL1BLUENI0,74-8
EyL1BLUENX0,1-60
EyL1BLUENn0,6-20
EyL1BLUEO40,171-5
EyL1BLUEOH0,74-2
EyL1BLUEOU0,74-17
EyL1BLUEOi0,1-59
EyL1BLUEOx0,28-10
EyL1BLUEPD0,15-1
EyL1BLUEPR0,1-74
EyL1BLUEPg0,1-60
EyL2285jT,28-4
EyL2286DT,28-3
EyL2286hT,28-2
EyL2287DT,28-1
EyL2287hT,28-4
EyL2288CT,28-3
EyL2288iT,28-2
EyL2289FT,28-1
EyL2289kT,28-4
EyL228AHT,28-3
EyL228AoT,28-2
EyL228BMX,28-1
EyL228BtX,28-4
EyL228CSX,28-3
EyL228D1X,28-2
EyL228DYX,28-1
EyL228E7X,28-4
EyL228EeX,28-3
EyL228FDX,28-2
EyL228FkX,28-1
EyL228GJX,28-4
EyL228GqX,28-3
EyL228HPX,28-2
EyL228HwX,28-1
EyL228IVX,28-4
EyL228J4X,28-3
EyL228JbT,28-2
EyL228K9T,28-1
EyL228KcT,28-4
EyL228L8T,28-3
EyL228M7T,28-1
EyL2BLUE5P0,1-5
EyL2BLUE5S0,1-6
EyL2BLUE5m0,1-9
EyL2BLUE5t0,1-4
EyL2BLUE680,1-1
EyL2BLUE6L0,1-2
EyL2BLUE6Z0,1-3
EyL2BLUE6m0,1-7
EyL2BLUE720,1-8
EyL2BLUE7G0,1-10
EyL2BLUE7T0,1-5
EyL2BLUE7g0,1-6
EyL2BLUE7u0,1-9
EyL2BLUE8B0,1-4
EyL2BLUE8Q0,1-1
EyL2BLUE8f0,1-2
EyL2BLUE8u0,1-3
EyL2BLUE9B0,1-7
EyL2BLUE9Q0,1-8
EyL2BLUE9e0,1-10
EyL2BLUE9r0,1-5
EyL2BLUEA60,1-6
EyL2BLUEAJ0,1-9
EyL2BLUEAV0,1-11
EyL2BLUEAg0,1-1
EyL2BLUEAs0,1-4
EyL2BLUEB50,1-12
EyL2BLUEBH0,1-2
EyL2BLUEBU0,1-3
EyL2BLUEBf0,1-7
EyL2BLUEBq0,1-8
EyL2BLUEC30,1-13
EyL2BLUECE0,1-5
EyL2BLUECO0,1-10
EyL2BLUECY0,1-14
EyL2BLUECi0,1-6
EyL2BLUECs0,1-9
EyL2BLUED40,1-11
EyL2BLUEDE0,1-1
EyL2BLUEDO0,1-15
EyL2BLUEDY0,1-12
EyL2BLUEDi0,1-4
EyL2BLUEDs0,1-3
EyL2BLUEE40,1-2
EyL2BLUEEF0,1-8
EyL2BLUEEQ0,1-7
EyL2BLUEEb0,1-5
EyL2BLUEEl0,1-13
EyL2BLUEEv0,1-14
EyL2BLUEF70,1-10
EyL2BLUEFH0,1-9
EyL2BLUEFR0,1-6
EyL2BLUEFc0,1-1
EyL2BLUEFm0,1-11
EyL2BLUEFw0,1-12
EyL2BLUEG80,1-15
EyL2BLUEGI0,1-3
EyL2BLUEGS0,1-4
EyL2BLUEGc0,1-8
EyL2BLUEGn0,1-2
EyL2BLUEH00,1-5
EyL2BLUEHA0,1-7
EyL2BLUEHK0,1-14
EyL2BLUEHU0,1-13
EyL2BLUEHf0,1-9
EyL2BLUEHp0,1-10
EyL2BLUEI20,1-1
EyL2BLUEIC0,1-6
EyL2BLUEIM0,1-12
EyL2BLUEIX0,1-11
EyL2BLUEIi0,1-3
EyL2BLUEIv0,1-15
EyL2BLUEJC0,1-4
EyL2BLUEJR0,1-5
EyL2BLUEJh0,1-14
EyL2BLUEJx0,1-9
EyL2BLUEKF0,1-1
EyL2BLUEKV0,1-10
EyL2BLUEKl0,1-6
EyL2BLUEL30,1-3
EyL2BLUELI0,1-15
EyL2BLUELW0,1-4
EyL2BLUELl0,1-5
EyL2BLUEM30,1-14
EyL2BLUEMJ0,1-9
EyL2BLUEMY0,1-1
EyL2BLUEMn0,1-10
EyL2BLUEN40,8-6
EyL2BLUENJ0,1-3
EyL2BLUENX0,8-8
EyL2BLUENn0,1-4
EyL2BLUEO40,1-5
EyL2BLUEOI0,1-14
EyL2BLUEOU0,1-9
EyL2BLUEOi0,1-1
EyL2BLUEOx0,1-10
EyL2BLUEPD0,8-6
EyL2BLUEPR0,1-3
EyL2BLUEPg0,8-8
EyL3286cT,28-3
EyL3287IT,28-2
EyL3287wT,28-1
EyL3288dT,28-3
EyL3289KT,28-2
EyL328A1T,28-1
EyL328AiT,28-3
EyL328BRX,28-2
EyL328CBX,28-1
EyL328CtX,28-3
EyL328DdX,28-2
EyL328ENX,28-1
EyL328F7X,28-3
EyL328FpX,28-2
EyL328GZX,28-1
EyL328HJX,28-3
EyL328I3X,28-2
EyL328IkX,28-1
EyL328JUT,28-3
EyL328KBT,28-2
EyL328LAT,28-1
EyL3BLUE5m0,1-4
EyL3BLUE5o0,1-1
EyL3BLUE640,8-3
EyL3BLUE6G0,1-6
EyL3BLUE6U0,1-8
EyL3BLUE6h0,1-9
EyL3BLUE6u0,1-3
EyL3BLUE7A0,1-5
EyL3BLUE7N0,1-7
EyL3BLUE7b0,1-2
EyL3BLUE7p0,1-4
EyL3BLUE860,1-1
EyL3BLUE8L0,1-10
EyL3BLUE8a0,1-6
EyL3BLUE8p0,1-8
EyL3BLUE960,1-9
EyL3BLUE9L0,1-3
EyL3BLUE9Z0,1-5
EyL3BLUE9n0,1-7
EyL3BLUEA20,1-2
EyL3BLUEAE0,1-4
EyL3BLUEAQ0,1-11
EyL3BLUEAb0,1-10
EyL3BLUEAn0,1-1
EyL3BLUEB00,1-12
EyL3BLUEBB0,1-6
EyL3BLUEBO0,1-8
EyL3BLUEBa0,1-9
EyL3BLUEBl0,1-3
EyL3BLUEBx0,1-13
EyL3BLUECB0,1-7
EyL3BLUECN0,1-5
EyL3BLUECZ0,1-4
EyL3BLUECk0,1-2
EyL3BLUECw0,1-10
EyL3BLUEDA0,1-11
EyL3BLUEDM0,1-12
EyL3BLUEDY0,1-1
EyL3BLUEDk0,1-8
EyL3BLUEDw0,1-6
EyL3BLUEEA0,1-3
EyL3BLUEEM0,1-9
EyL3BLUEEY0,1-7
EyL3BLUEEk0,1-13
EyL3BLUEEw0,1-4
EyL3BLUEFA0,1-5
EyL3BLUEFL0,1-10
EyL3BLUEFX0,1-2
EyL3BLUEFj0,1-12
EyL3BLUEFv0,1-11
EyL3BLUEG90,1-8
EyL3BLUEGL0,1-1
EyL3BLUEGX0,1-3
EyL3BLUEGj0,1-6
EyL3BLUEGv0,1-7
EyL3BLUEH90,1-9
EyL3BLUEHL0,1-4
EyL3BLUEHX0,1-13
EyL3BLUEHj0,1-10
EyL3BLUEHv0,1-5
EyL3BLUEI90,1-12
EyL3BLUEIM0,1-2
EyL3BLUEIb0,1-8
EyL3BLUEIr0,1-11
EyL3BLUEJ90,1-1
EyL3BLUEJP0,1-7
EyL3BLUEJf0,1-4
EyL3BLUEJv0,1-9
EyL3BLUEKD0,1-10
EyL3BLUEKT0,1-12
EyL3BLUEKj0,1-2
EyL3BLUEL00,1-8
EyL3BLUELF0,1-11
EyL3BLUELT0,1-1
EyL3BLUELi0,1-7
EyL3BLUELx0,1-4
EyL3BLUEMF0,1-9
EyL3BLUEMU0,1-10
EyL3BLUEMk0,1-12
EyL3BLUEN10,8-7
EyL3BLUENG0,1-8
EyL3BLUENU0,8-8
EyL3BLUENi0,1-1
EyL3BLUENw0,1-7
EyL3BLUEOD0,1-4
EyL3BLUEOR0,1-9
EyM1690Fai,191-3
EyM1690G4i,191-4
EyM1690GWi,191-3
EyM1690H0i,191-4
EyM1690HS2,191-3
EyM1690Ht2,191-4
EyM1690IK2,191-3
EyM16915xL,191-1
EyM16916PL,191-2
EyM16916oL,191-1
EyM16917GL,191-2
EyM16917i9,191-1
EyM16918B9,191-2
EyM16918d9,191-1
EyM1691969,191-2
EyM1BLUE5O0,1-5
EyM1BLUE5V0,1-3
EyM1BLUE5b0,162-2
EyM1BLUE5h0,1-9
EyM1BLUE5m0,1-13
EyM1BLUE5s0,1-15
EyM1BLUE600,1-21
EyM1BLUE650,1-8
EyM1BLUE6A0,74-1
EyM1BLUE6G0,1-1
EyM1BLUE6K0,1-24
EyM1BLUE6Q0,1-23
EyM1BLUE6V0,1-25
EyM1BLUE6a0,1-2
EyM1BLUE6g0,1-4
EyM1BLUE6h0,1-7
EyM1BLUE6n0,1-26
EyM1BLUE6s0,1-6
EyM1BLUE6t0,8-20
EyM1BLUE700,1-10
EyM1BLUE740,1-32
EyM1BLUE760,1-12
EyM1BLUE780,1-16
EyM1BLUE7C0,1-37
EyM1BLUE7G0,8-26
EyM1BLUE7I0,1-14
EyM1BLUE7K0,1-20
EyM1BLUE7O0,1-40
EyM1BLUE7S0,1-17
EyM1BLUE7U0,1-5
EyM1BLUE7W0,1-43
EyM1BLUE7a0,1-44
EyM1BLUE7e0,1-19
EyM1BLUE7g0,1-39
EyM1BLUE7j0,1-30
EyM1BLUE7n0,1-22
EyM1BLUE7r0,1-34
EyM1BLUE7t0,1-9
EyM1BLUE7v0,16-7
EyM1BLUE810,1-27
EyM1BLUE850,1-11
EyM1BLUE870,1-46
EyM1BLUE890,1-3
EyM1BLUE8D0,1-13
EyM1BLUE8H0,162-2
EyM1BLUE8J0,1-33
EyM1BLUE8L0,1-15
EyM1BLUE8P0,1-42
EyM1BLUE8T0,1-21
EyM1BLUE8V0,1-50
EyM1BLUE8X0,1-28
EyM1BLUE8b0,1-8
EyM1BLUE8g0,1-29
EyM1BLUE8h0,1-16
EyM1BLUE8n0,1-38
EyM1BLUE8s0,1-41
EyM1BLUE8u0,1-45
EyM1BLUE930,1-23
EyM1BLUE990,1-43
EyM1BLUE9F0,1-2
EyM1BLUE9L0,1-6
EyM1BLUE9R0,1-7
EyM1BLUE9X0,1-30
EyM1BLUE9d0,1-10
EyM1BLUE9j0,1-3
EyM1BLUE9q0,1-12
EyM1BLUE9w0,1-5
EyM1BLUEA40,1-37
EyM1BLUEAA0,1-44
EyM1BLUEAG0,1-51
EyM1BLUEAM0,1-22
EyM1BLUEAS0,1-39
EyM1BLUEAY0,1-27
EyM1BLUEAe0,1-9
EyM1BLUEAk0,1-13
EyM1BLUEAq0,1-46
EyM1BLUEAw0,1-42
EyM1BLUEB40,1-33
EyM1BLUEBA0,1-8
EyM1BLUEBF0,1-50
EyM1BLUEBL0,1-38
EyM1BLUEBQ0,1-16
EyM1BLUEBW0,1-23
EyM1BLUEBc0,1-45
EyM1BLUEBi0,1-2
EyM1BLUEBo0,1-43
EyM1BLUEBu0,1-7
EyM1BLUEC20,1-6
EyM1BLUEC80,1-10
EyM1BLUECE0,1-30
EyM1BLUECK0,1-12
EyM1BLUECQ0,1-3
EyM1BLUECW0,1-37
EyM1BLUECc0,1-5
EyM1BLUECi0,1-51
EyM1BLUECp0,1-44
EyM1BLUECv0,1-39
EyM1BLUED30,1-22
EyM1BLUED90,1-9
EyM1BLUEDF0,1-27
EyM1BLUEDL0,1-46
EyM1BLUEDR0,1-13
EyM1BLUEDX0,1-33
EyM1BLUEDd0,1-42
EyM1BLUEDj0,1-50
EyM1BLUEDp0,1-8
EyM1BLUEDv0,1-16
EyM1BLUEE30,1-38
EyM1BLUEE90,1-45
EyM1BLUEEF0,1-23
EyM1BLUEEL0,1-43
EyM1BLUEES0,1-2
EyM1BLUEEX0,1-6
EyM1BLUEEc0,1-52
EyM1BLUEEd0,3-35
EyM1BLUEEi0,1-30
EyM1BLUEEm0,1-53
EyM1BLUEEn0,1-7
EyM1BLUEEs0,1-54
EyM1BLUEEv0,1-3
EyM1BLUEEw0,1-10
EyM1BLUEF20,1-55
EyM1BLUEF60,1-12
EyM1BLUEF70,1-56
EyM1BLUEFA0,1-5
EyM1BLUEFD0,1-57
EyM1BLUEFE0,16-19
EyM1BLUEFH0,15-17
EyM1BLUEFK0,1-44
EyM1BLUEFL0,1-37
EyM1BLUEFP0,70-8
EyM1BLUEFS0,9-27
EyM1BLUEFT0,1-59
EyM1BLUEFX0,1-22
EyM1BLUEFa0,172-5
EyM1BLUEFb0,1-51
EyM1BLUEFf0,1-64
EyM1BLUEFi0,1-66
EyM1BLUEFj0,1-39
EyM1BLUEFm0,177-2
EyM1BLUEFp0,1-70
EyM1BLUEFq0,1-65
EyM1BLUEFu0,17-4
EyM1BLUEG00,1-9
EyM1BLUEG10,1-46
EyM1BLUEG40,1-72
EyM1BLUEG70,1-73
EyM1BLUEG80,1-58
EyM1BLUEGC0,1-33
EyM1BLUEGF0,1-74
EyM1BLUEGG0,1-61
EyM1BLUEGK0,1-75
EyM1BLUEGN0,1-50
EyM1BLUEGO0,1-63
EyM1BLUEGS0,1-76
EyM1BLUEGV0,171-5
EyM1BLUEGW0,1-42
EyM1BLUEGa0,1-16
EyM1BLUEGd0,1-52
EyM1BLUEGe0,1-53
EyM1BLUEGi0,1-60
EyM1BLUEGl0,1-45
EyM1BLUEGm0,1-71
EyM1BLUEGq0,1-68
EyM1BLUEGt0,1-8
EyM1BLUEGu0,1-38
EyM1BLUEH00,1-43
EyM1BLUEH30,1-3
EyM1BLUEH40,1-57
EyM1BLUEH80,74-3
EyM1BLUEHB0,1-2
EyM1BLUEHC0,1-44
EyM1BLUEHG0,8-39
EyM1BLUEHK0,1-46
EyM1BLUEHL0,1-62
EyM1BLUEHQ0,1-30
EyM1BLUEHU0,1-78
EyM1BLUEHV0,189-5
EyM1BLUEHa0,1-54
EyM1BLUEHf0,162-2
EyM1BLUEHg0,1-66
EyM1BLUEHm0,1-12
EyM1BLUEHs0,1-55
EyM1BLUEHt0,1-5
EyM1BLUEI10,1-7
EyM1BLUEI80,1-22
EyM1BLUEI90,1-51
EyM1BLUEIH0,179-5
EyM1BLUEIP0,1-59
EyM1BLUEIQ0,1-39
EyM1BLUEIY0,10-7
EyM1BLUEIh0,1-8
EyM1BLUEIr0,1-75
EyM1BLUEJ30,1-50
EyM1BLUEJD0,1-16
EyM1BLUEJO0,1-60
EyM1BLUEJZ0,1-74
EyM1BLUEJk0,74-3
EyM1BLUEJv0,9-15
EyM1BLUEK80,1-30
EyM1BLUEKJ0,1-7
EyM1BLUEKU0,1-55
EyM1BLUEKg0,74-17
EyM1BLUEKs0,1-59
EyM1BLUEL70,1-75
EyM1BLUELK0,1-8
EyM1BLUELY0,1-16
EyM1BLUELm0,1-60
EyM1BLUEM20,6-20
EyM1BLUEMG0,74-3
EyM1BLUEMU0,171-5
EyM1BLUEMj0,74-2
EyM1BLUEMx0,74-17
EyM1BLUENE0,1-59
EyM1BLUENT0,28-10
EyM1BLUENi0,15-1
EyM1BLUENw0,1-74
EyM1BLUEOC0,1-60
EyM1BLUEOR0,6-20
EyM1BLUEOg0,171-5
EyM1BLUEOv0,74-2
EyM1BLUEPD0,74-17
EyM2BLUE5t0,1-5
EyM2BLUE690,1-6
EyM2BLUE6L0,1-9
EyM2BLUE6Z0,1-4
EyM2BLUE6m0,1-1
EyM2BLUE720,1-2
EyM2BLUE7G0,1-3
EyM2BLUE7U0,1-7
EyM2BLUE7i0,1-8
EyM2BLUE7w0,1-10
EyM2BLUE8B0,1-5
EyM2BLUE8O0,1-6
EyM2BLUE8a0,1-9
EyM2BLUE8m0,1-11
EyM2BLUE8x0,1-1
EyM2BLUE9A0,1-4
EyM2BLUE9L0,1-12
EyM2BLUE9W0,1-2
EyM2BLUE9h0,1-3
EyM2BLUE9s0,1-7
EyM2BLUEA50,1-8
EyM2BLUEAF0,1-13
EyM2BLUEAQ0,1-5
EyM2BLUEAa0,1-10
EyM2BLUEAk0,1-14
EyM2BLUEAu0,1-6
EyM2BLUEB60,1-9
EyM2BLUEBG0,1-11
EyM2BLUEBQ0,1-1
EyM2BLUEBa0,1-15
EyM2BLUEBj0,1-12
EyM2BLUEBt0,1-4
EyM2BLUEC50,1-3
EyM2BLUECF0,1-2
EyM2BLUECP0,1-8
EyM2BLUECa0,1-7
EyM2BLUECl0,1-5
EyM2BLUECv0,1-13
EyM2BLUED70,1-14
EyM2BLUEDH0,1-10
EyM2BLUEDR0,1-9
EyM2BLUEDb0,1-6
EyM2BLUEDm0,1-1
EyM2BLUEDw0,1-11
EyM2BLUEE80,1-12
EyM2BLUEEI0,1-15
EyM2BLUEES0,1-3
EyM2BLUEEc0,1-4
EyM2BLUEEm0,1-8
EyM2BLUEEx0,1-2
EyM2BLUEFA0,1-5
EyM2BLUEFK0,1-7
EyM2BLUEFU0,1-14
EyM2BLUEFe0,1-13
EyM2BLUEFo0,1-9
EyM2BLUEG00,1-10
EyM2BLUEGB0,1-1
EyM2BLUEGL0,1-6
EyM2BLUEGV0,1-12
EyM2BLUEGf0,1-11
EyM2BLUEGp0,1-3
EyM2BLUEH10,1-15
EyM2BLUEHB0,1-8
EyM2BLUEHM0,1-4
EyM2BLUEHX0,1-5
EyM2BLUEHh0,1-2
EyM2BLUEHr0,1-14
EyM2BLUEI30,1-7
EyM2BLUEIE0,1-9
EyM2BLUEIP0,1-13
EyM2BLUEIZ0,1-1
EyM2BLUEIk0,1-10
EyM2BLUEIw0,1-12
EyM2BLUEJA0,1-6
EyM2BLUEJQ0,1-3
EyM2BLUEJg0,1-15
EyM2BLUEJv0,1-4
EyM2BLUEKC0,1-5
EyM2BLUEKS0,1-14
EyM2BLUEKi0,1-9
EyM2BLUEL00,1-1
EyM2BLUELG0,1-10
EyM2BLUELV0,8-6
EyM2BLUELk0,1-3
EyM2BLUEM10,8-8
EyM2BLUEMG0,1-4
EyM2BLUEMV0,1-5
EyM2BLUEMk0,1-14
EyM2BLUEN00,1-9
EyM2BLUENF0,1-1
EyM2BLUENU0,1-10
EyM2BLUENj0,8-6
EyM2BLUENx0,1-3
EyM2BLUEOD0,8-8
EyM2BLUEOS0,1-4
EyM2BLUEOh0,1-5
EyM2BLUEOw0,1-14
EyM2BLUEPE0,1-9
EyM3BLUE640,1-2
EyM3BLUE6H0,1-4
EyM3BLUE6U0,1-1
EyM3BLUE6i0,1-10
EyM3BLUE6v0,1-6
EyM3BLUE7B0,1-8
EyM3BLUE7P0,1-9
EyM3BLUE7d0,1-3
EyM3BLUE7r0,1-5
EyM3BLUE860,1-7
EyM3BLUE8J0,1-2
EyM3BLUE8V0,1-4
EyM3BLUE8h0,1-11
EyM3BLUE8s0,1-10
EyM3BLUE950,1-1
EyM3BLUE9G0,1-12
EyM3BLUE9R0,1-6
EyM3BLUE9c0,1-8
EyM3BLUE9n0,1-9
EyM3BLUEA00,1-3
EyM3BLUEAB0,1-13
EyM3BLUEAN0,1-7
EyM3BLUEAY0,1-5
EyM3BLUEAl0,1-4
EyM3BLUEAw0,1-2
EyM3BLUEBA0,1-10
EyM3BLUEBM0,1-11
EyM3BLUEBY0,1-12
EyM3BLUEBj0,1-1
EyM3BLUEBv0,1-8
EyM3BLUEC90,1-6
EyM3BLUECL0,1-3
EyM3BLUECX0,1-9
EyM3BLUECi0,1-7
EyM3BLUECu0,1-13
EyM3BLUED80,1-4
EyM3BLUEDK0,1-5
EyM3BLUEDV0,1-10
EyM3BLUEDh0,1-2
EyM3BLUEDt0,1-12
EyM3BLUEE70,1-11
EyM3BLUEEJ0,1-8
EyM3BLUEEV0,1-1
EyM3BLUEEh0,1-3
EyM3BLUEEt0,1-6
EyM3BLUEF70,1-7
EyM3BLUEFJ0,1-9
EyM3BLUEFV0,1-4
EyM3BLUEFh0,1-13
EyM3BLUEFs0,1-10
EyM3BLUEG60,1-5
EyM3BLUEGI0,1-12
EyM3BLUEGU0,1-2
EyM3BLUEGg0,1-8
EyM3BLUEGs0,1-11
EyM3BLUEH60,1-3
EyM3BLUEHI0,1-1
EyM3BLUEHU0,1-7
EyM3BLUEHg0,1-6
EyM3BLUEHs0,1-4
EyM3BLUEI70,1-9
EyM3BLUEIL0,1-10
EyM3BLUEIZ0,1-13
EyM3BLUEIp0,1-12
EyM3BLUEJ70,1-2
EyM3BLUEJN0,1-8
EyM3BLUEJc0,1-11
EyM3BLUEJr0,1-1
EyM3BLUEK90,1-7
EyM3BLUEKP0,1-4
EyM3BLUEKf0,1-9
EyM3BLUEKv0,1-10
EyM3BLUELD0,1-12
EyM3BLUELS0,8-7
EyM3BLUELh0,1-8
EyM3BLUELv0,8-8
EyM3BLUEMC0,1-1
EyM3BLUEMR0,1-7
EyM3BLUEMf0,1-4
EyM3BLUEMu0,1-9
EyM3BLUENB0,1-10
EyM3BLUENQ0,1-12
EyM3BLUENg0,8-7
EyM3BLUENx0,1-8
Ez516625sn,162-3
Ez516626Mf,162-1
Ez516626af,9-7
Ez516626of,162-4
Ez5166274f,157-5
Ez516627JX,162-3
Ez516627XX,162-6
Ez516627mX,162-1
Ez5166283X,162-5
Ez516628IX,162-4
Ez516628WX,9-1
Ez516628lX,162-3
Ez5166291X,162-5
Ez516629GX,162-1
Ez516629jX,9-17
Ez51662ADX,162-3
Ez51662AfX,162-1
Ez51662B8f,162-2
Ez51662BZf,162-3
Ez51662C2f,162-1
Ez51662CTf,162-2
Ez51662Cuf,162-3
Ez51662DOf,162-1
Ez51662Dpf,162-2
Ez51662EJf,162-3
Ez51662EnX,133-3
Ez51662FIX,171-3
Ez51662FmX,8-42
Ez51662GIX,162-9
Ez51662GmX,162-1
Ez51662HIX,162-2
Ez51662HmX,162-9
Ez51662IGf,162-1
Ez51662Iif,3-40
Ez5167160d,171-1
Ez516716VR,171-2
Ez516716mF,15-11
Ez5167175F,171-1
Ez516717LF,1-35
Ez516717cF,171-2
Ez516717tF,1-18
Ez516718DF,171-1
Ez516718TF,162-6
Ez516718mF,171-2
Ez5167194F,8-18
Ez516719LR,171-1
Ez516719bR,8-33
Ez516719tR,171-2
Ez51671ARR,171-1
Ez51671B0R,171-2
Ez51671BWR,171-1
Ez51671C5R,171-2
Ez51671CbR,171-1
Ez51671DAR,171-2
Ez51671DgR,171-1
Ez51671EGF,171-2
Ez51671EoF,171-1
Ez51671FQF,171-2
Ez51671G1F,171-1
Ez51671GbF,171-3
Ez51671HCF,171-1
Ez51671HmF,171-2
Ez51671IMR,171-4
Ez51671IsR,171-5
Ez51671JPd,172-1
Ez51671Jud,171-5
Ez51671Kud,171-5
Ez51671Lud,171-5
Ez516726Gf,172-1
Ez516726lf,172-2
Ez5167274V,1-27
Ez516727MV,172-1
Ez516727dV,9-1
Ez516727uV,172-2
Ez516728CV,8-21
Ez516728VV,172-1
Ez516728lV,172-3
Ez5167295V,172-2
Ez516729Kf,9-7
Ez516729cf,172-1
Ez516729rf,8-26
Ez51672ABf,172-2
Ez51672Aif,172-1
Ez51672BGf,172-2
Ez51672Bnf,172-1
Ez51672CLf,172-2
Ez51672Crf,172-1
Ez51672DQf,172-2
Ez51672Dxf,172-1
Ez51672EXf,172-2
Ez51672F8V,172-1
Ez51672FiV,9-21
Ez51672GJV,1-60
Ez51672GtV,178-3
Ez51672HUV,9-34
Ez51672I7f,178-3
Ez51672Icf,1-6
Ez51672J9f,1-74
Ez51672Jif,1-6
Ez51672KQf,8-39
Ez51672LQf,8-39
Ez516796Nx,179-1
Ez516796ox,179-2
Ez5167975g,15-15
Ez516797Jg,179-1
Ez516797Yg,9-16
Ez516797nO,179-2
Ez5167984O,150-2
Ez516798JO,179-1
Ez516798YO,189-3
Ez516798nO,179-2
Ez5167994O,9-18
Ez516799JO,179-1
Ez516799XO,194-2
Ez516799lg,179-2
Ez51679EuO,179-5
Ez51679FQO,179-3
Ez51679FuO,179-5
Ez51679GQO,179-3
Ez51679GuO,179-5
Ez51679HQO,179-3
Ez51679HuO,179-5
Ez51679IOg,179-3
Ez51679Ipg,146-1
Ez51745ul,74-5
Ez51746Jl,74-7
Ez51746Yl,74-10
Ez51746ma,9-3
Ez517472a,74-12
Ez51747Fa,74-3
Ez51747Ua,74-15
Ez51747ha,74-11
Ez51747vP,74-6
Ez51748AP,74-2
Ez51748NP,74-13
Ez51748bP,74-8
Ez51748oP,74-9
Ez51748vP,74-16
Ez517494P,74-5
Ez51749IP,74-4
Ez51749UP,74-7
Ez51749ta,74-14
Ez5174AMa,74-3
Ez5174Aml,74-11
Ez5174BEl,74-2
Ez5174Bel,74-8
Ez5174C6l,74-16
Ez5174CWl,74-7
Ez5174Cxl,74-1
Ez5174DPl,74-3
Ez5174Dpl,74-11
Ez5174EHl,74-2
Ez5174Ejl,74-8
Ez5174FEa,74-16
Ez5174FTa,74-19
Ez5174Fha,74-7
Ez5174Fva,74-21
Ez5174GCa,74-1
Ez5174GQa,74-23
Ez5174Gfa,74-3
Ez5174Gua,74-18
Ez5174HAa,74-17
Ez5174HOa,74-24
Ez5174Hca,74-2
Ez5174Hra,74-20
Ez5174I7a,74-8
Ez5174IMa,74-22
Ez5174Iba,74-25
Ez5174J0a,74-7
Ez5174JQl,74-1
Ez5174Jpl,74-26
Ez5174KHl,74-17
Ez5174Kgl,74-2
Ez5174L6l,74-8
Ez5174LVl,74-25
Ez5174Lul,74-7
Ez518895wr,189-2
Ez518896Hr,9-6
Ez518896ar,189-1
Ez518896nr,74-14
Ez5188972r,149-4
Ez518897GZ,189-2
Ez518897TZ,178-4
Ez518897gZ,189-3
Ez518897uZ,189-1
Ez5188989Z,189-4
Ez518898NZ,133-1
Ez518898bZ,189-2
Ez518898oZ,16-2
Ez5188994Z,16-12
Ez518899Hr,189-1
Ez51889FiZ,189-5
Ez51889GPZ,189-6
Ez51889H7Z,189-5
Ez51889HmZ,189-6
Ez51889IRr,189-7
Ez51BLUE56R,1-5
Ez51BLUE5LR,1-13
Ez51BLUE5a8,162-1
Ez51BLUE5o8,74-1
Ez51BLUE638,8-1
Ez51BLUE6F8,1-7
Ez51BLUE6R8,1-6
Ez51BLUE6c8,1-12
Ez51BLUE6l8,8-12
Ez51BLUE6r8,1-30
Ez51BLUE6v8,1-18
Ez51BLUE718,1-34
Ez51BLUE75o,1-5
Ez51BLUE79o,162-5
Ez51BLUE7Eo,1-3
Ez51BLUE7Io,1-39
Ez51BLUE7No,162-2
Ez51BLUE7Ro,1-42
Ez51BLUE7Uo,1-9
Ez51BLUE7Yo,11-2
Ez51BLUE7co,1-28
Ez51BLUE7fo,1-46
Ez51BLUE7jo,1-29
Ez51BLUE7no,1-4
Ez51BLUE7ro,1-33
Ez51BLUE7w8,1-36
Ez51BLUE81o,74-1
Ez51BLUE86o,1-50
Ez51BLUE8AV,1-1
Ez51BLUE8DV,1-32
Ez51BLUE8HV,1-24
Ez51BLUE8LV,1-16
Ez51BLUE8QV,1-31
Ez51BLUE8UV,1-20
Ez51BLUE8YV,1-45
Ez51BLUE8cV,1-35
Ez51BLUE8hV,1-49
Ez51BLUE8lV,1-43
Ez51BLUE8pV,1-26
Ez51BLUE8tV,1-48
Ez51BLUE8xV,1-6
Ez51BLUE93D,1-34
Ez51BLUE97V,1-47
Ez51BLUE9BV,1-30
Ez51BLUE9GV,70-5
Ez51BLUE9LV,1-3
Ez51BLUE9QV,1-14
Ez51BLUE9VV,8-21
Ez51BLUE9aV,1-5
Ez51BLUE9fV,162-2
Ez51BLUE9kV,1-44
Ez51BLUE9qV,1-29
Ez51BLUE9wV,1-22
Ez51BLUEA4V,1-41
Ez51BLUEA9V,1-27
Ez51BLUEAFV,1-28
Ez51BLUEALV,1-13
Ez51BLUEARV,140-2
Ez51BLUEAXV,1-42
Ez51BLUEAdV,145-5
Ez51BLUEAjV,1-8
Ez51BLUEApV,8-33
Ez51BLUEAvV,1-38
Ez51BLUEB3V,1-15
Ez51BLUEB9V,1-23
Ez51BLUEBLV,1-2
Ez51BLUEBXV,1-7
Ez51BLUEBio,1-10
Ez51BLUEBuo,1-12
Ez51BLUEC8o,1-37
Ez51BLUECKo,1-51
Ez51BLUECWo,1-39
Ez51BLUECio,1-9
Ez51BLUECuo,1-46
Ez51BLUED8o,1-33
Ez51BLUEDKo,1-50
Ez51BLUEDWo,1-16
Ez51BLUEDio,1-45
Ez51BLUEDvo,1-43
Ez51BLUEE9o,1-6
Ez51BLUEEMo,1-30
Ez51BLUEEYo,1-3
Ez51BLUEEko,1-5
Ez51BLUEEwo,1-44
Ez51BLUEFAo,1-22
Ez51BLUEFMo,177-2
Ez51BLUEFYo,1-46
Ez51BLUEFlV,1-33
Ez51BLUEFxV,1-50
Ez51BLUEGBV,1-16
Ez51BLUEGNV,1-45
Ez51BLUEGZV,1-43
Ez51BLUEGlV,1-2
Ez51BLUEGxV,1-30
Ez51BLUEHBV,1-54
Ez51BLUEHMV,1-12
Ez51BLUEHXV,1-5
Ez51BLUEHjV,1-22
Ez51BLUEHvV,1-39
Ez51BLUEI7o,17-4
Ez51BLUEIJo,1-58
Ez51BLUEITo,1-75
Ez51BLUEIfo,1-16
Ez51BLUEIro,1-68
Ez51BLUEJ5o,1-57
Ez51BLUEJHo,8-39
Ez51BLUEJUo,15-9
Ez51BLUEJio,1-12
Ez51BLUEJwo,1-7
Ez51BLUEKDo,179-5
Ez51BLUEKTo,10-7
Ez51BLUEKko,1-75
Ez51BLUEL6o,1-16
Ez51BLUELRo,1-74
Ez51BLUELn8,9-15
Ez51BLUEMB8,1-7
Ez51BLUEMX8,74-17
Ez51BLUEMx8,1-75
Ez51BLUENT8,74-8
Ez51BLUENxR,6-20
Ez51BLUEORR,74-2
Ez51BLUEOsR,1-59
Ez51BLUEPNR,15-1
Ez51BLUEPqR,1-60
Ez51F85mq,8-7
Ez51F864q,8-4
Ez51F86Kf,8-3
Ez51F86Zf,8-9
Ez51F86nU,8-10
Ez51F86xU,8-14
Ez51F878U,8-2
Ez51F87DK,8-21
Ez51F87HK,8-6
Ez51F87MK,8-24
Ez51F87QK,8-19
Ez51F87UK,8-7
Ez51F87YK,8-5
Ez51F87cK,8-28
Ez51F87g9,8-23
Ez51F87k9,8-1
Ez51F87o9,8-25
Ez51F87t9,8-30
Ez51F87w9,8-11
Ez51F8829,8-31
Ez51F8859,8-13
Ez51F8889,8-18
Ez51F88B9,8-15
Ez51F88Ew,8-8
Ez51F88Hw,8-27
Ez51F88Lw,8-22
Ez51F88Ow,8-16
Ez51F88Sw,8-20
Ez51F88Vw,10-10
Ez51F88Zw,8-12
Ez51F88cw,8-29
Ez51F88gw,8-33
Ez51F88jw,8-17
Ez51F88nw,8-26
Ez51F88qw,9-17
Ez51F88uw,8-14
Ez51F88xw,8-3
Ez51F893w,1-17
Ez51F896w,12-2
Ez51F899w,8-6
Ez51F89D9,8-9
Ez51F89H9,1-19
Ez51F89K9,13-3
Ez51F89O9,8-7
Ez51F89RK,8-10
Ez51F89ZK,8-32
Ez51F89gU,8-2
Ez51F89nU,1-15
Ez51F89uU,8-24
Ez51F8A4U,8-31
Ez51F8ABU,8-28
Ez51F8AJU,8-27
Ez51F8AQU,8-30
Ez51F8AfU,8-15
Ez51F8AuU,8-16
Ez51F8BBU,8-29
Ez51F8BQU,8-14
Ez51F8BgU,8-9
Ez51F8BwU,8-10
Ez51F8CDU,8-2
Ez51F8CSU,8-24
Ez51F8ChU,8-28
Ez51F8CwU,8-30
Ez51F8DDU,8-15
Ez51F8DSU,8-16
Ez51F8DhU,8-29
Ez51F8DwU,8-14
Ez51F8EDU,8-9
Ez51F8ESU,8-10
Ez51F8EiU,8-2
Ez51F8F0U,8-24
Ez51F8FGU,8-28
Ez51F8FWU,8-30
Ez51F8FeU,5-12
Ez51F8FmU,8-15
Ez51F8FuU,8-34
Ez51F8G4U,8-16
Ez51F8GCU,6-13
Ez51F8GKU,8-29
Ez51F8GSU,8-35
Ez51F8GaU,8-14
Ez51F8GiU,8-38
Ez51F8GqU,8-9
Ez51F8H1U,8-40
Ez51F8H9U,8-10
Ez51F8HIU,6-16
Ez51F8HQU,8-2
Ez51F8HZU,8-46
Ez51F8HhU,8-24
Ez51F8HpU,172-2
Ez51F8HxU,8-28
Ez51F8I6U,1-13
Ez51F8IDU,8-30
Ez51F8IKU,8-48
Ez51F8IRU,8-15
Ez51F8IZU,9-28
Ez51F8IgU,8-16
Ez51F8IoU,8-40
Ez51F8IwU,8-29
Ez51F8JFU,8-14
Ez51F8JXU,8-43
Ez51F8Jpf,8-2
Ez51F8KAf,8-24
Ez51F8KUf,8-30
Ez51F8Kmq,8-15
Ez51F8L8q,8-29
Ez51F8LSq,8-14
Ez51F8Lqq,8-43
Ez51F8MHq,8-24
Ez51F8Mgq,8-37
Ez51F8N6q,28-10
Ez51F8NVq,1-74
Ez51F8Nuq,8-43
Ez51F8OLq,8-39
Ez51F8Okq,8-37
Ez51F8PBq,1-75
Ez51F8Paq,74-8
Ez51F8Q1q,8-43
Ez51F95tC,9-2
Ez51F96As,74-4
Ez51F96Ps,9-4
Ez51F96ds,9-1
Ez51F96qs,1-14
Ez51F96ws,17-7
Ez51F973s,9-8
Ez51F979a,9-11
Ez51F97Ea,9-9
Ez51F97Ka,9-12
Ez51F97Pa,9-5
Ez51F97Ua,9-14
Ez51F97Za,9-10
Ez51F97ea,9-15
Ez51F97ja,11-6
Ez51F97oa,172-3
Ez51F97tI,9-13
Ez51F980I,5-5
Ez51F985I,9-6
Ez51F98AI,9-18
Ez51F98FI,9-4
Ez51F98KI,9-9
Ez51F98PI,9-7
Ez51F98UI,9-5
Ez51F98ZI,9-3
Ez51F98eI,9-10
Ez51F98jI,17-7
Ez51F98oI,11-6
Ez51F98tI,9-8
Ez51F990I,9-13
Ez51F995I,10-5
Ez51F99BI,9-6
Ez51F99HI,9-12
Ez51F99OI,8-5
Ez51F99WI,9-15
Ez51F99da,9-3
Ez51F99ka,9-16
Ez51F99ra,74-1
Ez51F9A0a,9-4
Ez51F9A7a,15-2
Ez51F9AEa,10-10
Ez51F9ASa,17-7
Ez51F9Aga,9-13
Ez51F9Aua,9-12
Ez51F9BBa,9-15
Ez51F9BPa,9-17
Ez51F9Bda,9-4
Ez51F9Bra,10-4
Ez51F9C7a,17-7
Ez51F9CLa,9-13
Ez51F9Caa,9-12
Ez51F9Cpa,9-15
Ez51F9D6a,9-17
Ez51F9DKa,9-4
Ez51F9DYa,10-4
Ez51F9Dma,17-4
Ez51F9E2a,9-13
Ez51F9EHa,9-12
Ez51F9EWa,9-15
Ez51F9Ela,9-17
Ez51F9F3a,9-4
Ez51F9FIa,10-4
Ez51F9FXa,17-4
Ez51F9Fla,9-13
Ez51F9Fxa,9-20
Ez51F9GAa,9-12
Ez51F9GKa,9-22
Ez51F9GUa,9-23
Ez51F9Gea,9-25
Ez51F9Goa,8-39
Ez51F9H0a,9-19
Ez51F9HBa,145-3
Ez51F9HLa,9-31
Ez51F9HVa,9-33
Ez51F9Hfa,9-24
Ez51F9Hpa,146-1
Ez51F9I2a,9-4
Ez51F9ICa,10-7
Ez51F9ILa,48-1
Ez51F9IWa,9-25
Ez51F9Iis,10-13
Ez51F9Ivs,9-27
Ez51F9JGs,9-34
Ez51F9JaC,9-15
Ez51F9JtC,48-1
Ez51F9KFC,9-28
Ez51F9KYC,17-3
Ez51F9KtC,9-34
Ez51F9LNC,48-1
Ez51F9LqC,9-28
Ez51F9MLC,9-34
Ez51F9MnC,48-1
Ez51F9NHC,9-15
Ez51F9NjC,9-34
Ez51F9ODC,48-1
Ez526717Fd,171-1
Ez526718Gd,171-1
Ez526719Id,171-1
Ez52671ALR,171-1
Ez52671BPR,171-1
Ez52671CTR,171-1
Ez52671DXR,171-1
Ez52671EbR,171-1
Ez52671FfR,171-1
Ez52671GjR,171-1
Ez52671HnR,171-1
Ez52671IrR,171-1
Ez526726kf,172-1
Ez526727lf,172-1
Ez526728kf,172-1
Ez526729nf,172-1
Ez52672Arf,172-1
Ez52672Bvf,172-1
Ez52672D1f,172-1
Ez52672E5f,172-1
Ez52672F9f,172-1
Ez52672GDf,172-1
Ez52672HHf,172-1
Ez52672ILf,172-1
Ez527468l,74-1
Ez52746kl,74-2
Ez52747Tl,74-3
Ez52748Cl,74-4
Ez52748sl,74-1
Ez52749Zl,74-2
Ez5274A6l,74-5
Ez5274Aal,74-3
Ez5274B6a,74-4
Ez5274Baa,74-6
Ez5274C6a,74-1
Ez5274Caa,74-2
Ez5274D7a,74-5
Ez5274Dba,74-3
Ez5274E8a,74-4
Ez5274Eda,74-6
Ez5274F9a,74-1
Ez5274Fda,74-2
Ez5274GAa,74-5
Ez5274Gea,74-3
Ez5274HBa,74-4
Ez5274Hga,74-6
Ez5274ICa,74-1
Ez5274Iga,74-2
Ez5274JBl,74-5
Ez5274Jfl,74-3
Ez5274KAl,74-4
Ez5274Kdl,74-6
Ez5274L7l,74-1
Ez5274Lal,74-2
Ez52BLUE5ZR,1-5
Ez52BLUE5wR,1-9
Ez52BLUE6IR,1-1
Ez52BLUE6kR,1-3
Ez52BLUE7E8,1-8
Ez52BLUE7f8,1-5
Ez52BLUE888,1-9
Ez52BLUE8c8,1-1
Ez52BLUE988,1-3
Ez52BLUE9c8,1-8
Ez52BLUEA58,1-5
Ez52BLUEAV8,1-9
Ez52BLUEAs8,1-1
Ez52BLUEBH8,1-12
Ez52BLUEBg8,1-3
Ez52BLUEC48,1-8
Ez52BLUECQ8,1-5
Ez52BLUECk8,1-14
Ez52BLUED68,1-9
Ez52BLUEDQ8,1-1
Ez52BLUEDk8,1-12
Ez52BLUEE68,1-3
Ez52BLUEER8,1-8
Ez52BLUEEn8,1-5
Ez52BLUEF98,1-14
Ez52BLUEFT8,1-9
Ez52BLUEFo8,1-1
Ez52BLUEGA8,1-12
Ez52BLUEGU8,1-3
Ez52BLUEGo8,1-8
Ez52BLUEHC8,1-5
Ez52BLUEHW8,1-14
Ez52BLUEHr8,1-9
Ez52BLUEIE8,1-1
Ez52BLUEIY8,1-12
Ez52BLUEIu8,1-3
Ez52BLUEJO8,1-4
Ez52BLUEJt8,1-14
Ez52BLUEKR8,1-1
Ez52BLUEKx8,1-6
Ez52BLUELU8,1-15
Ez52BLUELx8,1-5
Ez52BLUEMUR,1-9
Ez52BLUEN0R,1-10
Ez52BLUENUR,1-3
Ez52BLUENxR,1-4
Ez52BLUEOSR,1-14
Ez52BLUEOsR,1-1
Ez52BLUEPNR,8-6
Ez52BLUEPqR,8-8
Ez52F86Df,8-4
Ez52F86df,8-1
Ez52F875f,8-3
Ez52F87Vf,8-2
Ez52F87wf,8-5
Ez52F88Of,8-4
Ez52F88pf,8-1
Ez52F89If,8-3
Ez52F89Xf,8-6
Ez52F89lf,8-2
Ez52F8A2f,8-8
Ez52F8AFf,8-5
Ez52F8ATf,8-9
Ez52F8Ahf,8-4
Ez52F8Awf,8-7
Ez52F8BCf,8-1
Ez52F8BRf,8-6
Ez52F8BgU,8-3
Ez52F8BvU,8-8
Ez52F8CBU,8-2
Ez52F8CQU,8-9
Ez52F8CfU,8-5
Ez52F8CuU,8-7
Ez52F8DBU,8-4
Ez52F8DQU,8-6
Ez52F8DeU,8-1
Ez52F8DtU,8-8
Ez52F8EAU,8-3
Ez52F8EOU,8-9
Ez52F8EdU,8-2
Ez52F8EsU,8-7
Ez52F8F9U,8-5
Ez52F8FOU,8-6
Ez52F8FdU,8-4
Ez52F8FsU,8-8
Ez52F8G8U,8-1
Ez52F8GNU,8-9
Ez52F8GcU,8-3
Ez52F8GrU,8-7
Ez52F8H7U,8-2
Ez52F8HMU,8-6
Ez52F8HbU,8-5
Ez52F8HqU,8-8
Ez52F8I7U,8-4
Ez52F8IMU,8-9
Ez52F8IaU,8-1
Ez52F8IpU,8-7
Ez52F8J4U,8-3
Ez52F8JIU,8-6
Ez52F8JVU,8-2
Ez52F8JjU,8-8
Ez52F8JxU,8-5
Ez52F8KDU,8-9
Ez52F8KRU,8-4
Ez52F8KfU,8-7
Ez52F8KtU,8-1
Ez52F8L8U,8-6
Ez52F8LLU,8-3
Ez52F8LZU,8-8
Ez52F8LmU,8-2
Ez52F8MEU,8-5
Ez52F8MeU,8-4
Ez52F8N6U,8-1
Ez52F8NXU,8-3
Ez52F8NxU,8-2
Ez52F8OOf,8-5
Ez52F8Oof,8-4
Ez52F8PFf,8-1
Ez52F8Pef,8-3
Ez52F8Q5f,8-2
Ez52F966C,9-1
Ez52F96bC,9-3
Ez52F977C,9-2
Ez52F97cC,9-1
Ez52F989C,9-3
Ez52F98dC,9-2
Ez52F99AC,9-1
Ez52F99fC,9-3
Ez52F9ACC,9-2
Ez52F9AaC,9-4
Ez52F9B0C,9-1
Ez52F9BOC,9-3
Ez52F9BnC,9-2
Ez52F9CDs,9-4
Ez52F9Ccs,9-1
Ez52F9D3s,9-3
Ez52F9DSs,9-2
Ez52F9Drs,9-4
Ez52F9EIs,9-1
Ez52F9Ehs,9-3
Ez52F9F8s,9-2
Ez52F9FXs,9-4
Ez52F9Fws,9-1
Ez52F9GNs,9-3
Ez52F9Gms,9-2
Ez52F9HDs,9-4
Ez52F9Hcs,9-1
Ez52F9I3s,9-3
Ez52F9ISs,9-2
Ez52F9Ips,9-4
Ez52F9JGs,9-1
Ez52F9JeC,9-3
Ez52F9K4C,9-2
Ez52F9KRC,9-4
Ez52F9KqC,9-1
Ez52F9LMC,9-3
Ez52F9LrC,9-2
Ez52F9MOC,9-1
Ez52F9MsC,9-3
Ez52F9NPC,9-2
Ez52F9NuC,9-1
Ez536718Gd,171-1
Ez536719Id,171-1
Ez53671ALR,171-1
Ez53671BPR,171-1
Ez53671CTR,171-1
Ez53671DXR,171-1
Ez53671EbR,171-1
Ez53671FfR,171-1
Ez53671GjR,171-1
Ez53671HnR,171-1
Ez53671IrR,171-1
Ez536727lf,172-1
Ez536728kf,172-1
Ez536729nf,172-1
Ez53672Arf,172-1
Ez53672Bvf,172-1
Ez53672D1f,172-1
Ez53672E5f,172-1
Ez53672F9f,172-1
Ez53672GDf,172-1
Ez53672HHf,172-1
Ez53672ILf,172-1
Ez537482l,74-1
Ez53748jl,74-3
Ez53749Sl,74-2
Ez5374AAl,74-4
Ez5374Ata,74-1
Ez5374Bea,74-3
Ez5374CPa,74-2
Ez5374DBa,74-4
Ez5374Dva,74-1
Ez5374Eha,74-3
Ez5374FSa,74-2
Ez5374GEa,74-4
Ez5374H0a,74-1
Ez5374Hka,74-3
Ez5374IVa,74-2
Ez5374JFl,74-4
Ez5374K0l,74-1
Ez5374Kil,74-3
Ez5374LPl,74-2
Ez53BLUE5wR,1-4
Ez53BLUE6ER,8-3
Ez53BLUE6fR,1-8
Ez53BLUE788,1-3
Ez53BLUE7Z8,1-7
Ez53BLUE838,1-4
Ez53BLUE8X8,1-10
Ez53BLUE938,1-8
Ez53BLUE9X8,1-3
Ez53BLUEA18,1-7
Ez53BLUEAQ8,1-4
Ez53BLUEAn8,1-10
Ez53BLUEBC8,1-12
Ez53BLUEBa8,1-8
Ez53BLUEBx8,1-3
Ez53BLUECN8,1-7
Ez53BLUECl8,1-4
Ez53BLUEDA8,1-10
Ez53BLUEDY8,1-12
Ez53BLUEDw8,1-8
Ez53BLUEEM8,1-3
Ez53BLUEEk8,1-7
Ez53BLUEFA8,1-4
Ez53BLUEFX8,1-10
Ez53BLUEFv8,1-12
Ez53BLUEGL8,1-8
Ez53BLUEGj8,1-3
Ez53BLUEH98,1-7
Ez53BLUEHX8,1-4
Ez53BLUEHv8,1-10
Ez53BLUEIL8,1-12
Ez53BLUEIn8,1-8
Ez53BLUEJL8,1-1
Ez53BLUEJr8,1-4
Ez53BLUEKP8,1-10
Ez53BLUEKv8,1-2
Ez53BLUELR8,1-11
Ez53BLUELu8,1-7
Ez53BLUEMQR,1-9
Ez53BLUEMvR,1-12
Ez53BLUENRR,1-8
Ez53BLUENsR,1-1
Ez53BLUEONR,1-4
Ez53F86bf,8-5
Ez53F873f,8-2
Ez53F87Uf,8-4
Ez53F87uf,8-1
Ez53F88Of,8-3
Ez53F88nf,8-5
Ez53F893f,8-6
Ez53F89Hf,8-2
Ez53F89Vf,8-7
Ez53F89jf,8-4
Ez53F8A0f,8-8
Ez53F8AEf,8-1
Ez53F8ASf,8-9
Ez53F8Agf,8-3
Ez53F8Auf,8-6
Ez53F8BAf,8-5
Ez53F8BPf,8-7
Ez53F8BeU,8-2
Ez53F8BtU,8-8
Ez53F8CAU,8-4
Ez53F8CPU,8-9
Ez53F8CeU,8-1
Ez53F8CtU,8-6
Ez53F8DAU,8-3
Ez53F8DPU,8-7
Ez53F8DdU,8-5
Ez53F8DsU,8-8
Ez53F8E8U,8-2
Ez53F8ENU,8-9
Ez53F8EcU,8-4
Ez53F8ErU,8-6
Ez53F8F8U,8-1
Ez53F8FNU,8-7
Ez53F8FcU,8-3
Ez53F8FrU,8-8
Ez53F8G7U,8-5
Ez53F8GMU,8-9
Ez53F8GaU,8-2
Ez53F8GpU,8-6
Ez53F8H6U,8-4
Ez53F8HLU,8-7
Ez53F8HaU,8-1
Ez53F8HpU,8-8
Ez53F8I6U,8-3
Ez53F8IKU,8-9
Ez53F8IZU,8-5
Ez53F8InU,8-6
Ez53F8J3U,8-2
Ez53F8JHU,8-7
Ez53F8JUU,8-4
Ez53F8JiU,8-8
Ez53F8JwU,8-1
Ez53F8KCU,8-9
Ez53F8KQU,8-3
Ez53F8KeU,8-6
Ez53F8KsU,8-5
Ez53F8L7U,8-7
Ez53F8LLU,8-2
Ez53F8LYU,8-8
Ez53F8LlU,8-4
Ez53F8MDU,8-1
Ez53F8MeU,8-3
Ez53F8N7U,8-5
Ez53F8NYU,8-2
Ez53F8NxU,8-4
Ez53F8ONf,8-1
Ez53F8Oof,8-3
Ez53F96PC,9-3
Ez53F96uC,9-2
Ez53F97RC,9-1
Ez53F97uC,9-3
Ez53F98RC,9-2
Ez53F98wC,9-1
Ez53F99SC,9-3
Ez53F9A0C,9-2
Ez53F9AVC,9-1
Ez53F9B3C,9-3
Ez53F9BaC,9-2
Ez53F9C8s,9-1
Ez53F9Cfs,9-3
Ez53F9DFs,9-2
Ez53F9Dms,9-1
Ez53F9ELs,9-3
Ez53F9Ets,9-2
Ez53F9FSs,9-1
Ez53F9G1s,9-3
Ez53F9GZs,9-2
Ez53F9H8s,9-1
Ez53F9Hfs,9-3
Ez53F9IFs,9-2
Ez53F9Iks,9-1
Ez53F9JIs,9-3
Ez53F9JoC,9-2
Ez53F9KMC,9-1
Ez53F9KrC,9-3
Ez53F9LOC,9-2
Ez53F9LuC,9-1
Ez53F9MfC,9-3
Ezf1285iO,28-3
Ezf1286AO,28-1
Ezf1286YO,28-5
Ezf1286mO,28-6
Ezf12871O,28-2
Ezf1287EC,38-6
Ezf1287SC,28-4
Ezf1287gC,38-8
Ezf1287uC,28-3
Ezf1288AC,28-7
Ezf1288OC,28-1
Ezf1288cC,28-8
Ezf1288qC,28-5
Ezf1289KC,28-2
Ezf1289lC,28-4
Ezf128ADC,28-3
Ezf128AdC,28-1
Ezf128B5C,28-5
Ezf128BWC,28-2
Ezf128BxC,28-4
Ezf128CPC,28-3
Ezf128CpC,28-1
Ezf128DHC,28-5
Ezf128DiC,28-2
Ezf128EBC,28-4
Ezf128EcC,28-3
Ezf128F5C,28-1
Ezf128FJC,28-10
Ezf128FYC,28-5
Ezf128FnC,5-2
Ezf128G3C,28-2
Ezf128GHC,38-4
Ezf128GWC,28-4
Ezf128GlC,28-9
Ezf128H2C,28-3
Ezf128HHC,28-11
Ezf128HVC,28-1
Ezf128HkC,28-10
Ezf128I1C,28-5
Ezf128IGC,5-2
Ezf128IUC,28-2
Ezf128IwC,28-4
Ezf128JQC,28-3
Ezf128JpC,28-1
Ezf128KGO,28-5
Ezf128KbO,28-2
Ezf128L0O,145-3
Ezf128LUO,28-3
Ezf128LwO,28-1
Ezf128MRO,28-5
Ezf128MvO,5-12
Ezf128NQO,28-3
Ezf16425eS,142-1
Ezf16426AS,142-1
Ezf16426fH,142-1
Ezf16427EH,142-1
Ezf16427lH,142-1
Ezf16428KH,142-1
Ezf16428rH,142-1
Ezf16429PS,142-1
Ezf16429vS,142-1
Ezf1642ATS,142-1
Ezf1642B1S,142-1
Ezf1642BXS,142-1
Ezf1642C5S,142-1
Ezf1642CbS,142-1
Ezf1642D9S,142-1
Ezf1642DfS,142-1
Ezf1642EDS,142-1
Ezf1642EjS,142-1
Ezf1642FIH,142-1
Ezf1642FqH,142-1
Ezf1642GQH,142-1
Ezf1642H0H,142-1
Ezf1642HYH,142-1
Ezf1642I8H,142-1
Ezf1642IeS,142-1
Ezf16796pa,179-1
Ezf16797KQ,179-2
Ezf16797oQ,179-1
Ezf16798KQ,179-2
Ezf16798oQ,179-1
Ezf16799KQ,179-2
Ezf1679Ega,5-13
Ezf1679Eva,179-3
Ezf1679FDQ,179-4
Ezf1679FRQ,179-5
Ezf1679FgQ,189-7
Ezf1679FvQ,179-3
Ezf1679GCQ,179-4
Ezf1679GRQ,179-5
Ezf1679GgQ,189-7
Ezf1679GvQ,179-3
Ezf1679HCQ,179-4
Ezf1679HRQ,179-5
Ezf1679HgQ,145-3
Ezf1679HvQ,179-3
Ezf1679IBa,1-56
Ezf1679IPa,146-1
Ezf1679Ida,17-4
Ezf1679Iqa,179-3
Ezf1679JJa,146-1
Ezf16805uY,180-1
Ezf16806PN,180-2
Ezf16806vN,180-1
Ezf16807UN,180-2
Ezf168084N,180-1
Ezf16808bN,180-2
Ezf16809BN,180-1
Ezf16809hY,180-2
Ezf1680AEY,180-1
Ezf1680AjY,180-2
Ezf1680BGY,180-1
Ezf1680BlY,180-2
Ezf1680CIY,180-1
Ezf1680CnY,180-2
Ezf1680DKY,180-1
Ezf1680DpY,180-2
Ezf1680ENY,180-1
Ezf1680EvN,180-2
Ezf1680FVC,180-1
Ezf1680G7C,180-2
Ezf1680GhC,180-1
Ezf1680HJC,180-2
Ezf1680HtC,180-1
Ezf1680ISC,180-2
Ezf1680IxN,180-1
Ezf22865O,28-3
Ezf2286ZO,28-2
Ezf22875O,28-1
Ezf2287ZO,28-4
Ezf22884O,28-3
Ezf2288aO,28-2
Ezf22897C,28-1
Ezf2289cC,28-4
Ezf228A9C,28-3
Ezf228AgC,28-2
Ezf228BEC,28-1
Ezf228BlC,28-4
Ezf228CKC,28-3
Ezf228CrC,28-2
Ezf228DQC,28-1
Ezf228DxC,28-4
Ezf228EWC,28-3
Ezf228F5C,28-2
Ezf228FcC,28-1
Ezf228GBC,28-4
Ezf228GiC,28-3
Ezf228HHC,28-2
Ezf228HoC,28-1
Ezf228INC,28-4
Ezf228IuC,28-3
Ezf228JSC,28-2
Ezf228K0C,28-1
Ezf228KVO,28-4
Ezf228L1O,28-3
Ezf228LVO,28-2
Ezf228M0O,28-1
Ezf228MwO,28-3
Ezf3287BO,28-2
Ezf3287oO,28-1
Ezf3288VO,28-3
Ezf3289CC,28-2
Ezf3289sC,28-1
Ezf328AaC,28-3
Ezf328BJC,28-2
Ezf328C3C,28-1
Ezf328ClC,28-3
Ezf328DVC,28-2
Ezf328EFC,28-1
Ezf328ExC,28-3
Ezf328FhC,28-2
Ezf328GRC,28-1
Ezf328HBC,28-3
Ezf328HtC,28-2
Ezf328IdC,28-1
Ezf328JMC,28-3
Ezf328K4C,28-2
Ezf328KiO,28-1
Ezf328LNO,28-3
Ezf328M2O,28-2
F9h16415hG,141-1
F9h164166G,141-2
F9h16416SG,141-1
F9h16416ru,141-2
F9h16417Hu,141-1
F9h16417hu,141-2
F9h164189u,141-1
F9h16418Zu,141-2
F9h164191u,141-1
F9h16419Qu,141-2
F9h16419pu,141-1
F9h1641AGu,141-2
F9h1641Aeu,141-1
F9h1641B4u,141-2
F9h1641BSu,141-1
F9h1641Bqu,141-2
F9h1641CGu,141-1
F9h1641Ceu,141-2
F9h1641D4u,141-1
F9h1641DSu,141-2
F9h1641Dqu,141-1
F9h1641EGu,141-2
F9h1641Efu,141-1
F9h1641F6Z,141-2
F9h1641FVZ,141-1
F9h1641FvZ,141-2
F9h1641GOE,141-1
F9h1641GoE,141-2
F9h1641HHE,141-1
F9h1641HhE,141-2
F9h1641I8Z,141-1
F9h1641IYZ,141-2
F9h1641IxZ,141-1
F9h16505g5,150-1
F9h16506E5,150-2
F9h16506lA,150-1
F9h16507LE,150-2
F9h16507tE,150-1
F9h16508TE,150-3
F9h165095A,150-1
F9h16509cA,150-3
F9h1650ABA,150-1
F9h1650AiA,150-3
F9h1650BHA,150-1
F9h1650BoA,150-3
F9h1650CNA,150-1
F9h1650CuA,150-3
F9h1650DTA,150-1
F9h1650E2A,150-3
F9h1650EZA,150-1
F9h1650F9A,150-3
F9h1650FhE,150-1
F9h1650GIE,150-3
F9h1650GsE,150-1
F9h1650HTE,150-3
F9h1650I4E,150-1
F9h1650IcA,145-3
F9h1745pT,74-7
F9h17465T,74-10
F9h1746HT,9-3
F9h1746VT,74-12
F9h1746iE,74-3
F9h1746wE,74-15
F9h1747BE,74-11
F9h1747OE,74-6
F9h1747bE,74-2
F9h1747oE,74-13
F9h17484E,74-8
F9h1748HE,74-9
F9h1748OE,74-16
F9h1748VE,74-5
F9h1748jE,74-4
F9h1748wE,74-7
F9h1749OE,74-14
F9h1749pE,74-3
F9h174AIE,74-11
F9h174AiE,74-2
F9h174BAE,74-8
F9h174BaE,74-16
F9h174C2E,74-7
F9h174CTE,74-1
F9h174CtE,74-3
F9h174DLE,74-11
F9h174DlE,74-2
F9h174EFE,74-8
F9h174Egx,74-16
F9h174Evx,74-19
F9h174FBx,74-7
F9h174FOx,74-21
F9h174Fdi,74-1
F9h174Fri,74-23
F9h174G8i,74-3
F9h174GNi,74-18
F9h174Gbi,74-17
F9h174Gpi,74-24
F9h174H5i,74-2
F9h174HKi,74-20
F9h174HYi,74-8
F9h174Hni,74-22
F9h174I4i,74-25
F9h174ISi,74-7
F9h174Itx,74-1
F9h174JLx,74-26
F9h174JmE,74-17
F9h174KDE,74-2
F9h174KbT,74-8
F9h174L2T,74-25
F9h174LRT,74-7
F9h2745eT,74-1
F9h2746IT,74-2
F9h27471T,74-3
F9h2747iT,74-4
F9h2748QT,74-1
F9h27497T,74-2
F9h2749bT,74-5
F9h274A7T,74-3
F9h274AaT,74-4
F9h274B6T,74-6
F9h274BaT,74-1
F9h274C6E,74-2
F9h274CbE,74-5
F9h274D7E,74-3
F9h274DcE,74-4
F9h274E9E,74-6
F9h274EdE,74-1
F9h274F9E,74-2
F9h274FeE,74-5
F9h274GAE,74-3
F9h274GfE,74-4
F9h274HCE,74-6
F9h274HgE,74-1
F9h274ICE,74-2
F9h274IgE,74-5
F9h274JCE,74-3
F9h274JfE,74-4
F9h274KAE,74-6
F9h274KcT,74-1
F9h274L7T,74-2
F9h3747YT,74-1
F9h3748HT,74-3
F9h37490T,74-2
F9h3749fT,74-4
F9h374APT,74-1
F9h374BAT,74-3
F9h374BtT,74-2
F9h374CfE,74-4
F9h374DRE,74-1
F9h374EDE,74-3
F9h374EwE,74-2
F9h374FiE,74-4
F9h374GUE,74-1
F9h374HGE,74-3
F9h374I1E,74-2
F9h374IkE,74-4
F9h374JVE,74-1
F9h374KFE,74-3
F9h374KuT,74-2
F9q16645h6,164-1
F9q16646G6,164-2
F9q16646n6,164-1
F9q16647O6,164-2
F9q1664806,164-1
F9q16648a6,164-2
F9q16649C6,164-1
F9q16649l6,164-2
F9q1664AL6,164-1
F9q1664At6,164-2
F9q1664BS6,164-1
F9q1664C26,164-2
F9q1664CZ6,164-1
F9q1664D96,164-2
F9q1664Dg6,164-1
F9q1664EG6,164-2
F9q1664Ep6,164-1
F9q1664FR6,164-2
F9q1664G36,164-1
F9q1664Gd6,164-2
F9q1664HF6,164-1
F9q1664Hp6,164-2
F9q1664IR6,164-1
F9q1677627,177-1
F9q16776Y7,177-1
F9q167777G,177-2
F9q16777hG,177-2
F9q16778JG,177-2
F9q16778tG,177-2
F9q16779UB,177-2
F9q1677A4B,177-2
F9q1677AcB,177-2
F9q1677BCB,177-2
F9q1677BkB,177-2
F9q1677CKB,177-2
F9q1677CsB,177-2
F9q1677DTB,177-2
F9q1677E4G,177-3
F9q1677EeG,177-3
F9q1677FHK,177-3
F9q1677FtK,177-3
F9q1677GXK,177-3
F9q1677HBK,177-3
F9q1677HmG,177-3
F9q1677INB,177-3
F9q1677IvB,177-3
F9q1677JU7,177-3
F9q1677K27,177-3
F9q1677KY7,177-3
F9q1677L67,177-3
F9q1677Lc7,177-3
F9q1677MA7,177-3
F9q26776q7,177-1
F9q26777O7,177-1
F9q26777u7,177-1
F9q26778S7,177-1
F9q2677907,177-1
F9q26779W7,177-1
F9q2677A4B,177-1
F9q2677AcB,177-1
F9q2677BCG,177-1
F9q2677BmG,177-1
F9q2677COG,177-1
F9q2677D0G,177-1
F9q2677DaG,177-1
F9q2677ECG,177-1
F9q2677EmG,177-1
F9q2677FOG,177-1
F9q2677G0G,177-1
F9q2677GaG,177-1
F9q2677HCG,177-1
F9q2677HmG,177-1
F9q2677INB,177-1
F9q2677IvB,177-1
F9q2677JU7,177-1
F9q2677K27,177-1
F9q2677KY7,177-1
F9q2677L67,177-1
F9q2677Lc7,177-1
F9q2677MA7,177-1
F9q36777j7,177-1
F9q36778H7,177-1
F9q36778n7,177-1
F9q36779L7,177-1
F9q36779r7,177-1
F9q3677ARB,177-1
F9q3677B1G,177-1
F9q3677BbG,177-1
F9q3677CDG,177-1
F9q3677CnG,177-1
F9q3677DPG,177-1
F9q3677E1G,177-1
F9q3677EbG,177-1
F9q3677FDG,177-1
F9q3677FnG,177-1
F9q3677GPG,177-1
F9q3677H1G,177-1
F9q3677HbG,177-1
F9q3677IDB,177-1
F9q3677IlB,177-1
F9q3677JK7,177-1
F9v1664695,164-2
F9v16646g5,164-1
F9v16647Gw,164-2
F9v16647qw,164-1
F9v16648Sw,164-2
F9v166494w,164-1
F9v16649dw,164-2
F9v1664AE5,164-1
F9v1664Am5,164-2
F9v1664BL5,164-1
F9v1664Bt5,164-2
F9v1664CS5,164-1
F9v1664D25,164-2
F9v1664DZ5,164-1
F9v1664E95,164-2
F9v1664Ei5,164-1
F9v1664FJw,164-2
F9v1664Ftw,164-1
F9v1664GVw,164-2
F9v1664H7w,164-1
F9v1664Hhw,164-2
F9v1664IJw,164-1
F9v1664Irw,164-2
F9v16775vO,177-1
F9v16776TO,177-1
F9v167772G,177-2
F9v16777c8,177-2
F9v16778E8,177-2
F9v16778o8,177-2
F9v16779PG,177-2
F9v16779xG,177-2
F9v1677AXG,177-2
F9v1677B7G,177-2
F9v1677BfG,177-2
F9v1677CFG,177-2
F9v1677CnG,177-2
F9v1677DO8,177-2
F9v1677Dx8,177-3
F9v1677EZ8,177-3
F9v1677FC0,177-3
F9v1677Fo0,177-3
F9v1677GS0,177-3
F9v1677H60,177-3
F9v1677Hh8,177-3
F9v1677IIG,177-3
F9v1677IqG,177-3
F9v1677JPO,177-3
F9v1677JvO,177-3
F9v1677KTO,177-3
F9v1677L1O,177-3
F9v1677LXO,177-3
F9v1677M5O,177-3
F9v26776lO,177-1
F9v26777JO,177-1
F9v26777pO,177-1
F9v26778NO,177-1
F9v26778tO,177-1
F9v26779RO,177-1
F9v26779xO,177-1
F9v2677AXG,177-1
F9v2677B7G,177-1
F9v2677Bh8,177-1
F9v2677CJ8,177-1
F9v2677Ct8,177-1
F9v2677DV8,177-1
F9v2677E78,177-1
F9v2677Eh8,177-1
F9v2677FJ8,177-1
F9v2677Ft8,177-1
F9v2677GV8,177-1
F9v2677H78,177-1
F9v2677Hh8,177-1
F9v2677IIG,177-1
F9v2677IqG,177-1
F9v2677JPO,177-1
F9v2677JvO,177-1
F9v2677KTO,177-1
F9v2677L1O,177-1
F9v2677LXO,177-1
F9v2677M5O,177-1
F9v36777eO,177-1
F9v36778CO,177-1
F9v36778iO,177-1
F9v36779GO,177-1
F9v36779mO,177-1
F9v3677AMG,177-1
F9v3677AuG,177-1
F9v3677BW8,177-1
F9v3677C88,177-1
F9v3677Ci8,177-1
F9v3677DK8,177-1
F9v3677Du8,177-1
F9v3677EW8,177-1
F9v3677F88,177-1
F9v3677Fi8,177-1
F9v3677GK8,177-1
F9v3677Gu8,177-1
F9v3677HW8,177-1
F9v3677I88,177-1
F9v3677IgG,177-1
F9v3677JFO,177-1
